t,x,y,z
1773742650.3773804,0.075,0.14569619629293493,0.10622826272091546
1773742650.3981183,0.075,0.14569619629293493,0.10622826272091546
1773742650.399344,0.075,0.14569619629293493,0.10622826272091546
1773742650.4064927,0.075,0.14569619629293493,0.10622826272091546
1773742650.4165504,0.075,0.14569619629293493,0.10622826272091546
1773742650.4266605,0.075,0.14569619629293493,0.10622826272091546
1773742650.4388382,0.075,0.14569619629293493,0.10622826272091546
1773742650.4475791,0.075,0.14569619629293493,0.10622826272091546
1773742650.456761,0.075,0.14569619629293493,0.10622826272091546
1773742650.466945,0.075,0.14569619629293493,0.10622826272091546
1773742650.4770584,0.075,0.14569619629293493,0.10622826272091546
1773742650.4871824,0.075,0.14569619629293493,0.10622826272091546
1773742650.4968648,0.075,0.14569619629293493,0.10622826272091546
1773742650.5069833,0.075,0.14569619629293493,0.10622826272091546
1773742650.5178378,0.075,0.14569619629293493,0.10622826272091546
1773742650.5270538,0.075,0.14569619629293493,0.10622826272091546
1773742650.5367756,0.075,0.14569619629293493,0.10622826272091546
1773742650.5475645,0.075,0.14569619629293493,0.10622826272091546
1773742650.5572293,0.075,0.14569619629293493,0.10622826272091546
1773742650.5668228,0.075,0.14569619629293493,0.10622826272091546
1773742650.577005,0.075,0.14569619629293493,0.10622826272091546
1773742650.5870416,0.075,0.14569619629293493,0.10622826272091546
1773742650.5968764,0.075,0.14569619629293493,0.10622826272091546
1773742650.6074657,0.075,0.14569619629293493,0.10622826272091546
1773742650.616878,0.075,0.14569619629293493,0.10622826272091546
1773742650.6287732,0.075,0.14569619629293493,0.10622826272091546
1773742650.6380162,0.075,0.14569619629293493,0.10622826272091546
1773742650.6477416,0.075,0.14569619629293493,0.10622826272091546
1773742650.660103,0.075,0.14569619629293493,0.10622826272091546
1773742650.667902,0.075,0.14569619629293493,0.10622826272091546
1773742650.6786072,0.075,0.14569619629293493,0.10622826272091546
1773742650.6886644,0.075,0.14569619629293493,0.10622826272091546
1773742650.6978443,0.075,0.14569619629293493,0.10622826272091546
1773742650.7086482,0.075,0.14569619629293493,0.10622826272091546
1773742650.7177627,0.075,0.14569619629293493,0.10622826272091546
1773742650.7284663,0.075,0.14569619629293493,0.10622826272091546
1773742650.7376773,0.075,0.14569619629293493,0.10622826272091546
1773742650.74755,0.075,0.14569619629293493,0.10622826272091546
1773742650.7588334,0.075,0.14569619629293493,0.10622826272091546
1773742650.7673135,0.075,0.14569619629293493,0.10622826272091546
1773742650.778528,0.075,0.14569619629293493,0.10622826272091546
1773742650.7881584,0.075,0.14569619629293493,0.10622826272091546
1773742650.7969124,0.075,0.14569619629293493,0.10622826272091546
1773742650.8089123,0.075,0.14569619629293493,0.10622826272091546
1773742650.817313,0.075,0.14569619629293493,0.10622826272091546
1773742650.8281283,0.075,0.14569619629293493,0.10622826272091546
1773742650.8377645,0.075,0.14569619629293493,0.10622826272091546
1773742650.8475013,0.075,0.14569619629293493,0.10622826272091546
1773742650.8578012,0.075,0.14569619629293493,0.10622826272091546
1773742650.8664942,0.075,0.14569619629293493,0.10622826272091546
1773742650.876597,0.075,0.14569619629293493,0.10622826272091546
1773742650.8880918,0.075,0.14569619629293493,0.10622826272091546
1773742650.8975947,0.075,0.14569619629293493,0.10622826272091546
1773742650.9085212,0.075,0.14569619629293493,0.10622826272091546
1773742650.9182758,0.075,0.14569619629293493,0.10622826272091546
1773742650.9275043,0.075,0.14569619629293493,0.10622826272091546
1773742650.9376194,0.075,0.14569619629293493,0.10622826272091546
1773742650.947881,0.075,0.14569619629293493,0.10622826272091546
1773742650.9578137,0.075,0.14569619629293493,0.10622826272091546
1773742650.9677622,0.075,0.14569619629293493,0.10622826272091546
1773742650.9770432,0.075,0.14569619629293493,0.10622826272091546
1773742650.9871554,0.075,0.14569619629293493,0.10622826272091546
1773742650.9968748,0.075,0.14569619629293493,0.10622826272091546
1773742651.0066702,0.075,0.14569619629293493,0.10622826272091546
1773742651.0165389,0.075,0.14569619629293493,0.10622826272091546
1773742651.0267947,0.075,0.14569619629293493,0.10622826272091546
1773742651.0368292,0.075,0.14569619629293493,0.10622826272091546
1773742651.0470748,0.075,0.14569619629293493,0.10622826272091546
1773742651.0573843,0.075,0.14569619629293493,0.10622826272091546
1773742651.067087,0.075,0.14569619629293493,0.10622826272091546
1773742651.0775437,0.075,0.14569619629293493,0.10622826272091546
1773742651.0877957,0.075,0.14569619629293493,0.10622826272091546
1773742651.0968616,0.075,0.14569619629293493,0.10622826272091546
1773742651.107332,0.075,0.14569619629293493,0.10622826272091546
1773742651.1169276,0.075,0.14569619629293493,0.10622826272091546
1773742651.1272852,0.075,0.14569619629293493,0.10622826272091546
1773742651.1372952,0.075,0.14569619629293493,0.10622826272091546
1773742651.1474645,0.075,0.14569619629293493,0.10622826272091546
1773742651.1575956,0.075,0.14569619629293493,0.10622826272091546
1773742651.1672235,0.075,0.14569619629293493,0.10622826272091546
1773742651.1773133,0.075,0.14569619629293493,0.10622826272091546
1773742651.1872513,0.075,0.14569619629293493,0.10622826272091546
1773742651.1970377,0.075,0.14569619629293493,0.10622826272091546
1773742651.2077181,0.075,0.14569619629293493,0.10622826272091546
1773742651.217163,0.075,0.14569619629293493,0.10622826272091546
1773742651.2275634,0.075,0.14569619629293493,0.10622826272091546
1773742651.2376657,0.075,0.14569619629293493,0.10622826272091546
1773742651.24748,0.075,0.14569619629293493,0.10622826272091546
1773742651.257321,0.075,0.14569619629293493,0.10622826272091546
1773742651.2670605,0.075,0.14569619629293493,0.10622826272091546
1773742651.2775295,0.075,0.14569619629293493,0.10622826272091546
1773742651.288429,0.075,0.14569619629293493,0.10622826272091546
1773742651.2979262,0.075,0.14569619629293493,0.10622826272091546
1773742651.307812,0.075,0.14569619629293493,0.10622826272091546
1773742651.316799,0.075,0.14569619629293493,0.10622826272091546
1773742651.3270273,0.075,0.14569619629293493,0.10622826272091546
1773742651.3374686,0.075,0.14569619629293493,0.10622826272091546
1773742651.3476405,0.075,0.14569619629293493,0.10622826272091546
1773742651.3576941,0.075,0.14569619629293493,0.10622826272091546
1773742651.367346,0.075,0.14569619629293493,0.10622826272091546
1773742651.377132,0.075,0.14569619629293493,0.10622826272091546
1773742651.387716,0.075,0.14569619629293493,0.10622826272091546
1773742651.3992558,0.075,0.14569619629293493,0.10622826272091546
1773742651.407592,0.075,0.14569619629293493,0.10622826272091546
1773742651.4178843,0.075,0.14569619629293493,0.10622826272091546
1773742651.428758,0.075,0.14569619629293493,0.10622826272091546
1773742651.4383774,0.075,0.14569619629293493,0.10622826272091546
1773742651.4476132,0.075,0.14569619629293493,0.10622826272091546
1773742651.4581501,0.075,0.14569619629293493,0.10622826272091546
1773742651.4683073,0.075,0.14569619629293493,0.10622826272091546
1773742651.4793155,0.075,0.14569619629293493,0.10622826272091546
1773742651.4878383,0.075,0.14569619629293493,0.10622826272091546
1773742651.4993362,0.075,0.14569619629293493,0.10622826272091546
1773742651.5082338,0.075,0.14569619629293493,0.10622826272091546
1773742651.5180728,0.075,0.14569619629293493,0.10622826272091546
1773742651.5294037,0.075,0.14569619629293493,0.10622826272091546
1773742651.5377734,0.075,0.14569619629293493,0.10622826272091546
1773742651.5488029,0.075,0.14569619629293493,0.10622826272091546
1773742651.5582342,0.075,0.14569619629293493,0.10622826272091546
1773742651.5676918,0.075,0.14569619629293493,0.10622826272091546
1773742651.5786269,0.075,0.14569619629293493,0.10622826272091546
1773742651.5877886,0.075,0.14569619629293493,0.10622826272091546
1773742651.597973,0.075,0.14569619629293493,0.10622826272091546
1773742651.608166,0.075,0.14569619629293493,0.10622826272091546
1773742651.617463,0.075,0.14569619629293493,0.10622826272091546
1773742651.6294696,0.075,0.14569619629293493,0.10622826272091546
1773742651.6381903,0.075,0.14569619629293493,0.10622826272091546
1773742651.6476147,0.075,0.14569619629293493,0.10622826272091546
1773742651.657844,0.075,0.14569619629293493,0.10622826272091546
1773742651.667698,0.075,0.14569619629293493,0.10622826272091546
1773742651.6778257,0.075,0.14569619629293493,0.10622826272091546
1773742651.688001,0.075,0.14569619629293493,0.10622826272091546
1773742651.6976843,0.075,0.14569619629293493,0.10622826272091546
1773742651.7073884,0.075,0.14569619629293493,0.10622826272091546
1773742651.7175694,0.075,0.14569619629293493,0.10622826272091546
1773742651.728003,0.075,0.14569619629293493,0.10622826272091546
1773742651.7376323,0.075,0.14569619629293493,0.10622826272091546
1773742651.7478817,0.075,0.14569619629293493,0.10622826272091546
1773742651.7577598,0.075,0.14569619629293493,0.10622826272091546
1773742651.7678952,0.075,0.14569619629293493,0.10622826272091546
1773742651.7779386,0.075,0.14569619629293493,0.10622826272091546
1773742651.7881336,0.075,0.14569619629293493,0.10622826272091546
1773742651.7976575,0.075,0.14569619629293493,0.10622826272091546
1773742651.8078523,0.075,0.14569619629293493,0.10622826272091546
1773742651.8176785,0.075,0.14569619629293493,0.10622826272091546
1773742651.8278635,0.075,0.14569619629293493,0.10622826272091546
1773742651.837588,0.075,0.14569619629293493,0.10622826272091546
1773742651.847243,0.075,0.14569619629293493,0.10622826272091546
1773742651.8573544,0.075,0.14569619629293493,0.10622826272091546
1773742651.867369,0.075,0.14569619629293493,0.10622826272091546
1773742651.8779676,0.075,0.14569619629293493,0.10622826272091546
1773742651.8876362,0.075,0.14569619629293493,0.10622826272091546
1773742651.8975573,0.075,0.14569619629293493,0.10622826272091546
1773742651.9078143,0.075,0.14569619629293493,0.10622826272091546
1773742651.9175146,0.075,0.14569619629293493,0.10622826272091546
1773742651.9277194,0.075,0.14569619629293493,0.10622826272091546
1773742651.9377096,0.075,0.14569619629293493,0.10622826272091546
1773742651.9476323,0.075,0.14569619629293493,0.10622826272091546
1773742651.9578202,0.075,0.14569619629293493,0.10622826272091546
1773742651.9674363,0.075,0.14569619629293493,0.10622826272091546
1773742651.9779854,0.075,0.14569619629293493,0.10622826272091546
1773742651.9872246,0.075,0.14569619629293493,0.10622826272091546
1773742651.9974403,0.075,0.14569619629293493,0.10622826272091546
1773742652.0075598,0.075,0.14569619629293493,0.10622826272091546
1773742652.017388,0.075,0.14569619629293493,0.10622826272091546
1773742652.027457,0.075,0.14569619629293493,0.10622826272091546
1773742652.037244,0.075,0.14569619629293493,0.10622826272091546
1773742652.047244,0.075,0.14569619629293493,0.10622826272091546
1773742652.0571506,0.075,0.14569619629293493,0.10622826272091546
1773742652.0675738,0.075,0.14569619629293493,0.10622826272091546
1773742652.078116,0.075,0.14569619629293493,0.10622826272091546
1773742652.0883424,0.075,0.14569619629293493,0.10622826272091546
1773742652.0975733,0.075,0.14569619629293493,0.10622826272091546
1773742652.1077108,0.075,0.14569619629293493,0.10622826272091546
1773742652.117768,0.075,0.14569619629293493,0.10622826272091546
1773742652.1282291,0.075,0.14569619629293493,0.10622826272091546
1773742652.137541,0.075,0.14569619629293493,0.10622826272091546
1773742652.1474845,0.075,0.14569619629293493,0.10622826272091546
1773742652.157356,0.075,0.14569619629293493,0.10622826272091546
1773742652.1677191,0.075,0.14569619629293493,0.10622826272091546
1773742652.1776805,0.075,0.14569619629293493,0.10622826272091546
1773742652.187634,0.075,0.14569619629293493,0.10622826272091546
1773742652.1981199,0.075,0.14569619629293493,0.10622826272091546
1773742652.207924,0.075,0.14569619629293493,0.10622826272091546
1773742652.217788,0.075,0.14569619629293493,0.10622826272091546
1773742652.2285428,0.075,0.14569619629293493,0.10622826272091546
1773742652.2374377,0.075,0.14569619629293493,0.10622826272091546
1773742652.2475178,0.075,0.14569619629293493,0.10622826272091546
1773742652.2575269,0.075,0.14569619629293493,0.10622826272091546
1773742652.2674353,0.075,0.14569619629293493,0.10622826272091546
1773742652.277629,0.075,0.14569619629293493,0.10622826272091546
1773742652.2870634,0.075,0.14569619629293493,0.10622826272091546
1773742652.2975981,0.075,0.14569619629293493,0.10622826272091546
1773742652.3074522,0.075,0.14569619629293493,0.10622826272091546
1773742652.3175488,0.075,0.14569619629293493,0.10622826272091546
1773742652.3273952,0.075,0.14569619629293493,0.10622826272091546
1773742652.337228,0.075,0.14569619629293493,0.10622826272091546
1773742652.3474948,0.075,0.14569619629293493,0.10622826272091546
1773742652.357543,0.075,0.14569619629293493,0.10622826272091546
1773742652.3674867,0.075,0.14569619629293493,0.10622826272091546
1773742652.3777106,0.075,0.14569619629293493,0.10622826272091546
1773742652.3874688,0.075,0.14569619629293493,0.10622826272091546
1773742652.398018,0.075,0.14569619629293493,0.10622826272091546
1773742652.4074402,0.075,0.14569619629293493,0.10622826272091546
1773742652.4175985,0.075,0.14569619629293493,0.10622826272091546
1773742652.4278543,0.075,0.14569619629293493,0.10622826272091546
1773742652.4376943,0.075,0.14569619629293493,0.10622826272091546
1773742652.4474003,0.075,0.14569619629293493,0.10622826272091546
1773742652.4577243,0.075,0.14569619629293493,0.10622826272091546
1773742652.4676006,0.075,0.14569619629293493,0.10622826272091546
1773742652.4777198,0.075,0.14569619629293493,0.10622826272091546
1773742652.4873323,0.075,0.14569619629293493,0.10622826272091546
1773742652.4977422,0.075,0.14569619629293493,0.10622826272091546
1773742652.5079355,0.075,0.14569619629293493,0.10622826272091546
1773742652.5179913,0.075,0.14569619629293493,0.10622826272091546
1773742652.527887,0.075,0.14569619629293493,0.10622826272091546
1773742652.537844,0.075,0.14569619629293493,0.10622826272091546
1773742652.547751,0.075,0.14569619629293493,0.10622826272091546
1773742652.5575695,0.075,0.14569619629293493,0.10622826272091546
1773742652.5678062,0.075,0.14569619629293493,0.10622826272091546
1773742652.5779788,0.075,0.14569619629293493,0.10622826272091546
1773742652.5876884,0.075,0.14569619629293493,0.10622826272091546
1773742652.597605,0.075,0.14569619629293493,0.10622826272091546
1773742652.6073442,0.075,0.14569619629293493,0.10622826272091546
1773742652.6175568,0.075,0.14569619629293493,0.10622826272091546
1773742652.6275449,0.075,0.14569619629293493,0.10622826272091546
1773742652.6372938,0.075,0.14569619629293493,0.10622826272091546
1773742652.6476161,0.075,0.14569619629293493,0.10622826272091546
1773742652.6573062,0.075,0.14569619629293493,0.10622826272091546
1773742652.6670291,0.075,0.14569619629293493,0.10622826272091546
1773742652.677313,0.075,0.14569619629293493,0.10622826272091546
1773742652.68708,0.075,0.14569619629293493,0.10622826272091546
1773742652.6972945,0.075,0.14569619629293493,0.10622826272091546
1773742652.7072575,0.075,0.14569619629293493,0.10622826272091546
1773742652.717231,0.075,0.14569619629293493,0.10622826272091546
1773742652.727081,0.075,0.14569619629293493,0.10622826272091546
1773742652.7367964,0.075,0.14569619629293493,0.10622826272091546
1773742652.7470262,0.075,0.14569619629293493,0.10622826272091546
1773742652.7572434,0.075,0.14569619629293493,0.10622826272091546
1773742652.7668748,0.075,0.14569619629293493,0.10622826272091546
1773742652.7775068,0.075,0.14569619629293493,0.10622826272091546
1773742652.7870882,0.075,0.14569619629293493,0.10622826272091546
1773742652.797338,0.075,0.14569619629293493,0.10622826272091546
1773742652.8072543,0.075,0.14569619629293493,0.10622826272091546
1773742652.8170986,0.075,0.14569619629293493,0.10622826272091546
1773742652.8272843,0.075,0.14569619629293493,0.10622826272091546
1773742652.8366585,0.075,0.14569619629293493,0.10622826272091546
1773742652.8472545,0.075,0.14569619629293493,0.10622826272091546
1773742652.8574083,0.075,0.14569619629293493,0.10622826272091546
1773742652.8667586,0.075,0.14569619629293493,0.10622826272091546
1773742652.8774135,0.075,0.14569619629293493,0.10622826272091546
1773742652.8877196,0.075,0.14569619629293493,0.10622826272091546
1773742652.8975165,0.075,0.14569619629293493,0.10622826272091546
1773742652.9079108,0.075,0.14569619629293493,0.10622826272091546
1773742652.9171734,0.075,0.14569619629293493,0.10622826272091546
1773742652.9273317,0.075,0.14569619629293493,0.10622826272091546
1773742652.937721,0.075,0.14569619629293493,0.10622826272091546
1773742652.9477425,0.075,0.14569619629293493,0.10622826272091546
1773742652.9574065,0.075,0.14569619629293493,0.10622826272091546
1773742652.9673069,0.075,0.14569619629293493,0.10622826272091546
1773742652.9776998,0.075,0.14569619629293493,0.10622826272091546
1773742652.987268,0.075,0.14569619629293493,0.10622826272091546
1773742652.9983304,0.075,0.14569619629293493,0.10622826272091546
1773742653.0080786,0.075,0.14569619629293493,0.10622826272091546
1773742653.0177565,0.075,0.14569619629293493,0.10622826272091546
1773742653.0286996,0.075,0.14569619629293493,0.10622826272091546
1773742653.0376916,0.075,0.14569619629293493,0.10622826272091546
1773742653.0494385,0.075,0.14569619629293493,0.10622826272091546
1773742653.0579398,0.075,0.14569619629293493,0.10622826272091546
1773742653.0690768,0.075,0.14569619629293493,0.10622826272091546
1773742653.07839,0.075,0.14569619629293493,0.10622826272091546
1773742653.087867,0.075,0.14569619629293493,0.10622826272091546
1773742653.0984187,0.075,0.14569619629293493,0.10622826272091546
1773742653.107209,0.075,0.14569619629293493,0.10622826272091546
1773742653.1166136,0.075,0.14569619629293493,0.10622826272091546
1773742653.1281812,0.075,0.14569619629293493,0.10622826272091546
1773742653.136935,0.075,0.14569619629293493,0.10622826272091546
1773742653.1488984,0.075,0.14569619629293493,0.10622826272091546
1773742653.1582499,0.075,0.14569619629293493,0.10622826272091546
1773742653.1675735,0.075,0.14569619629293493,0.10622826272091546
1773742653.1793058,0.075,0.14569619629293493,0.10622826272091546
1773742653.1877038,0.075,0.14569619629293493,0.10622826272091546
1773742653.2003613,0.075,0.14569619629293493,0.10622826272091546
1773742653.2080295,0.075,0.14569619629293493,0.10622826272091546
1773742653.2182646,0.075,0.14569619629293493,0.10622826272091546
1773742653.2298677,0.075,0.14569619629293493,0.10622826272091546
1773742653.2386043,0.075,0.14569619629293493,0.10622826272091546
1773742653.2486405,0.075,0.14569619629293493,0.10622826272091546
1773742653.2592669,0.075,0.14569619629293493,0.10622826272091546
1773742653.2678387,0.075,0.14569619629293493,0.10622826272091546
1773742653.2789445,0.075,0.14569619629293493,0.10622826272091546
1773742653.2879374,0.075,0.14569619629293493,0.10622826272091546
1773742653.2981696,0.075,0.14569619629293493,0.10622826272091546
1773742653.307767,0.075,0.14569619629293493,0.10622826272091546
1773742653.3173435,0.075,0.14569619629293493,0.10622826272091546
1773742653.3289149,0.075,0.14569619629293493,0.10622826272091546
1773742653.3366776,0.075,0.14569619629293493,0.10622826272091546
1773742653.3466551,0.075,0.14569619629293493,0.10622826272091546
1773742653.3565955,0.075,0.14569619629293493,0.10622826272091546
1773742653.3663778,0.075,0.14569619629293493,0.10622826272091546
1773742653.3764863,0.075,0.14569619629293493,0.10622826272091546
1773742653.3864517,0.075,0.14569619629293493,0.10622826272091546
1773742653.3971722,0.075,0.14569619629293493,0.10622826272091546
1773742653.4079099,0.075,0.14569619629293493,0.10622826272091546
1773742653.4164567,0.075,0.14569619629293493,0.10622826272091546
1773742653.427151,0.075,0.14569619629293493,0.10622826272091546
1773742653.4376132,0.075,0.14569619629293493,0.10622826272091546
1773742653.44849,0.075,0.14569619629293493,0.10622826272091546
1773742653.4581974,0.075,0.14569619629293493,0.10622826272091546
1773742653.4686031,0.075,0.14569619629293493,0.10622826272091546
1773742653.4782689,0.075,0.14569619629293493,0.10622826272091546
1773742653.4871168,0.075,0.14569619629293493,0.10622826272091546
1773742653.4976702,0.075,0.14569619629293493,0.10622826272091546
1773742653.5086782,0.075,0.14569619629293493,0.10622826272091546
1773742653.516878,0.075,0.14569619629293493,0.10622826272091546
1773742653.5295856,0.075,0.14569619629293493,0.10622826272091546
1773742653.5371282,0.075,0.14569619629293493,0.10622826272091546
1773742653.54984,0.075,0.14569619629293493,0.10622826272091546
1773742653.5589068,0.075,0.14569619629293493,0.10622826272091546
1773742653.5681171,0.075,0.14569619629293493,0.10622826272091546
1773742653.5797977,0.075,0.14569619629293493,0.10622826272091546
1773742653.5877535,0.075,0.14569619629293493,0.10622826272091546
1773742653.599219,0.075,0.14569619629293493,0.10622826272091546
1773742653.6089752,0.075,0.14569619629293493,0.10622826272091546
1773742653.6179671,0.075,0.14569619629293493,0.10622826272091546
1773742653.6299167,0.075,0.14569619629293493,0.10622826272091546
1773742653.6376982,0.075,0.14569619629293493,0.10622826272091546
1773742653.647763,0.075,0.14569619629293493,0.10622826272091546
1773742653.6575148,0.075,0.14569619629293493,0.10622826272091546
1773742653.6672351,0.075,0.14569619629293493,0.10622826272091546
1773742653.6779704,0.075,0.14569619629293493,0.10622826272091546
1773742653.6878853,0.075,0.14569619629293493,0.10622826272091546
1773742653.6986456,0.075,0.14569619629293493,0.10622826272091546
1773742653.7087107,0.075,0.14569619629293493,0.10622826272091546
1773742653.7182007,0.075,0.14569619629293493,0.10622826272091546
1773742653.729357,0.075,0.14569619629293493,0.10622826272091546
1773742653.7381375,0.075,0.14569619629293493,0.10622826272091546
1773742653.7489388,0.075,0.14569619629293493,0.10622826272091546
1773742653.7575135,0.075,0.14569619629293493,0.10622826272091546
1773742653.7682893,0.075,0.14569619629293493,0.10622826272091546
1773742653.7782743,0.075,0.14569619629293493,0.10622826272091546
1773742653.787717,0.075,0.14569619629293493,0.10622826272091546
1773742653.8001232,0.075,0.14569619629293493,0.10622826272091546
1773742653.8087676,0.075,0.14569619629293493,0.10622826272091546
1773742653.8178794,0.075,0.14569619629293493,0.10622826272091546
1773742653.8281112,0.075,0.14569619629293493,0.10622826272091546
1773742653.8377564,0.075,0.14569619629293493,0.10622826272091546
1773742653.8482063,0.075,0.14569619629293493,0.10622826272091546
1773742653.8577642,0.075,0.14569619629293493,0.10622826272091546
1773742653.8685336,0.075,0.14569619629293493,0.10622826272091546
1773742653.8779287,0.075,0.14569619629293493,0.10622826272091546
1773742653.887713,0.075,0.14569619629293493,0.10622826272091546
1773742653.8987374,0.075,0.14569619629293493,0.10622826272091546
1773742653.9085312,0.075,0.14569619629293493,0.10622826272091546
1773742653.917798,0.075,0.14569619629293493,0.10622826272091546
1773742653.9288242,0.075,0.14569619629293493,0.10622826272091546
1773742653.9376602,0.075,0.14569619629293493,0.10622826272091546
1773742653.94883,0.075,0.14569619629293493,0.10622826272091546
1773742653.958687,0.075,0.14569619629293493,0.10622826272091546
1773742653.967869,0.075,0.14569619629293493,0.10622826272091546
1773742653.9775944,0.075,0.14569619629293493,0.10622826272091546
1773742653.9878364,0.075,0.14569619629293493,0.10622826272091546
1773742654.000626,0.075,0.14569619629293493,0.10622826272091546
1773742654.0081882,0.075,0.14569619629293493,0.10622826272091546
1773742654.0183294,0.075,0.14569619629293493,0.10622826272091546
1773742654.0279772,0.075,0.14569619629293493,0.10622826272091546
1773742654.0376844,0.075,0.14569619629293493,0.10622826272091546
1773742654.0497348,0.075,0.14569619629293493,0.10622826272091546
1773742654.0582356,0.075,0.14569619629293493,0.10622826272091546
1773742654.068097,0.075,0.14569619629293493,0.10622826272091546
1773742654.079585,0.075,0.14569619629293493,0.10622826272091546
1773742654.0877528,0.075,0.14569619629293493,0.10622826272091546
1773742654.0989237,0.075,0.14569619629293493,0.10622826272091546
1773742654.1080744,0.075,0.14569619629293493,0.10622826272091546
1773742654.11846,0.075,0.14569619629293493,0.10622826272091546
1773742654.128891,0.075,0.14569619629293493,0.10622826272091546
1773742654.1376126,0.075,0.14569619629293493,0.10622826272091546
1773742654.1496572,0.075,0.14569619629293493,0.10622826272091546
1773742654.1580245,0.075,0.14569619629293493,0.10622826272091546
1773742654.168097,0.075,0.14569619629293493,0.10622826272091546
1773742654.178245,0.075,0.14569619629293493,0.10622826272091546
1773742654.1874235,0.075,0.14569619629293493,0.10622826272091546
1773742654.1969295,0.075,0.14569619629293493,0.10622826272091546
1773742654.2081401,0.075,0.14569619629293493,0.10622826272091546
1773742654.2187617,0.075,0.14569619629293493,0.10622826272091546
1773742654.2286177,0.075,0.14569619629293493,0.10622826272091546
1773742654.2377775,0.075,0.14569619629293493,0.10622826272091546
1773742654.2479753,0.075,0.14569619629293493,0.10622826272091546
1773742654.2579038,0.075,0.14569619629293493,0.10622826272091546
1773742654.2679052,0.075,0.14569619629293493,0.10622826272091546
1773742654.2782004,0.075,0.14569619629293493,0.10622826272091546
1773742654.28774,0.075,0.14569619629293493,0.10622826272091546
1773742654.297132,0.075,0.14569619629293493,0.10622826272091546
1773742654.3071682,0.075,0.14569619629293493,0.10622826272091546
1773742654.3174016,0.075,0.14569619629293493,0.10622826272091546
1773742654.3270936,0.075,0.14569619629293493,0.10622826272091546
1773742654.3368213,0.075,0.14569619629293493,0.10622826272091546
1773742654.3472304,0.075,0.14569619629293493,0.10622826272091546
1773742654.3570864,0.075,0.14569619629293493,0.10622826272091546
1773742654.3665175,0.075,0.14569619629293493,0.10622826272091546
1773742654.3767672,0.075,0.14569619629293493,0.10622826272091546
1773742654.3863902,0.075,0.14569619629293493,0.10622826272091546
1773742654.396774,0.075,0.14569619629293493,0.10622826272091546
1773742654.407045,0.075,0.14569619629293493,0.10622826272091546
1773742654.4170165,0.075,0.14569619629293493,0.10622826272091546
1773742654.4270623,0.075,0.14569619629293493,0.10622826272091546
1773742654.4368303,0.075,0.14569619629293493,0.10622826272091546
1773742654.44671,0.075,0.14569619629293493,0.10622826272091546
1773742654.456516,0.075,0.14569619629293493,0.10622826272091546
1773742654.4664454,0.075,0.14569619629293493,0.10622826272091546
1773742654.4765697,0.075,0.14569619629293493,0.10622826272091546
1773742654.4865346,0.075,0.14569619629293493,0.10622826272091546
1773742654.496558,0.075,0.14569619629293493,0.10622826272091546
1773742654.5068355,0.075,0.14569619629293493,0.10622826272091546
1773742654.5165606,0.075,0.14569619629293493,0.10622826272091546
1773742654.526996,0.075,0.14569619629293493,0.10622826272091546
1773742654.537071,0.075,0.14569619629293493,0.10622826272091546
1773742654.547157,0.075,0.14569619629293493,0.10622826272091546
1773742654.5571415,0.075,0.14569619629293493,0.10622826272091546
1773742654.5674455,0.075,0.14569619629293493,0.10622826272091546
1773742654.5773942,0.075,0.14569619629293493,0.10622826272091546
1773742654.5872753,0.075,0.14569619629293493,0.10622826272091546
1773742654.5976145,0.075,0.14569619629293493,0.10622826272091546
1773742654.6073291,0.075,0.14569619629293493,0.10622826272091546
1773742654.6173239,0.075,0.14569619629293493,0.10622826272091546
1773742654.6275294,0.075,0.14569619629293493,0.10622826272091546
1773742654.6366682,0.075,0.14569619629293493,0.10622826272091546
1773742654.6466112,0.075,0.14569619629293493,0.10622826272091546
1773742654.656905,0.075,0.14569619629293493,0.10622826272091546
1773742654.6672115,0.075,0.14569619629293493,0.10622826272091546
1773742654.6771555,0.075,0.14569619629293493,0.10622826272091546
1773742654.6866927,0.075,0.14569619629293493,0.10622826272091546
1773742654.6967676,0.075,0.14569619629293493,0.10622826272091546
1773742654.7080371,0.075,0.14569619629293493,0.10622826272091546
1773742654.717913,0.075,0.14569619629293493,0.10622826272091546
1773742654.7272403,0.075,0.14569619629293493,0.10622826272091546
1773742654.7366824,0.075,0.14569619629293493,0.10622826272091546
1773742654.7470164,0.075,0.14569619629293493,0.10622826272091546
1773742654.757359,0.075,0.14569619629293493,0.10622826272091546
1773742654.7670228,0.075,0.14569619629293493,0.10622826272091546
1773742654.776829,0.075,0.14569619629293493,0.10622826272091546
1773742654.78682,0.075,0.14569619629293493,0.10622826272091546
1773742654.796724,0.075,0.14569619629293493,0.10622826272091546
1773742654.806859,0.075,0.14569619629293493,0.10622826272091546
1773742654.816834,0.075,0.14569619629293493,0.10622826272091546
1773742654.826809,0.075,0.14569619629293493,0.10622826272091546
1773742654.8367467,0.075,0.14569619629293493,0.10622826272091546
1773742654.8470232,0.075,0.14569619629293493,0.10622826272091546
1773742654.856863,0.075,0.14569619629293493,0.10622826272091546
1773742654.8671997,0.075,0.14569619629293493,0.10622826272091546
1773742654.8778014,0.075,0.14569619629293493,0.10622826272091546
1773742654.8877125,0.075,0.14569619629293493,0.10622826272091546
1773742654.8976567,0.075,0.14569619629293493,0.10622826272091546
1773742654.907395,0.075,0.14569619629293493,0.10622826272091546
1773742654.917912,0.075,0.14569619629293493,0.10622826272091546
1773742654.9277353,0.075,0.14569619629293493,0.10622826272091546
1773742654.937351,0.075,0.14569619629293493,0.10622826272091546
1773742654.9479284,0.075,0.14569619629293493,0.10622826272091546
1773742654.957594,0.075,0.14569619629293493,0.10622826272091546
1773742654.967652,0.075,0.14569619629293493,0.10622826272091546
1773742654.9776323,0.075,0.14569619629293493,0.10622826272091546
1773742654.987468,0.075,0.14569619629293493,0.10622826272091546
1773742654.9977417,0.075,0.14569619629293493,0.10622826272091546
1773742655.007457,0.075,0.14569619629293493,0.10622826272091546
1773742655.0176415,0.075,0.14569619629293493,0.10622826272091546
1773742655.0275147,0.075,0.14569619629293493,0.10622826272091546
1773742655.0379786,0.075,0.14569619629293493,0.10622826272091546
1773742655.048008,0.075,0.14569619629293493,0.10622826272091546
1773742655.0576916,0.075,0.14569619629293493,0.10622826272091546
1773742655.0673625,0.075,0.14569619629293493,0.10622826272091546
1773742655.0774167,0.075,0.14569619629293493,0.10622826272091546
1773742655.0874918,0.075,0.14569619629293493,0.10622826272091546
1773742655.098805,0.075,0.14569619629293493,0.10622826272091546
1773742655.108644,0.075,0.14569619629293493,0.10622826272091546
1773742655.1191874,0.075,0.14569619629293493,0.10622826272091546
1773742655.128806,0.075,0.14569619629293493,0.10622826272091546
1773742655.1384687,0.075,0.14569619629293493,0.10622826272091546
1773742655.1492863,0.075,0.14569619629293493,0.10622826272091546
1773742655.1579363,0.075,0.14569619629293493,0.10622826272091546
1773742655.1681142,0.075,0.14569619629293493,0.10622826272091546
1773742655.178859,0.075,0.14569619629293493,0.10622826272091546
1773742655.1881516,0.075,0.14569619629293493,0.10622826272091546
1773742655.1978457,0.075,0.14569619629293493,0.10622826272091546
1773742655.2082644,0.075,0.14569619629293493,0.10622826272091546
1773742655.2175736,0.075,0.14569619629293493,0.10622826272091546
1773742655.2295458,0.075,0.14569619629293493,0.10622826272091546
1773742655.2386465,0.075,0.14569619629293493,0.10622826272091546
1773742655.248077,0.075,0.14569619629293493,0.10622826272091546
1773742655.2576683,0.075,0.14569619629293493,0.10622826272091546
1773742655.268406,0.075,0.14569619629293493,0.10622826272091546
1773742655.2767382,0.075,0.14569619629293493,0.10622826272091546
1773742655.2870057,0.075,0.14569619629293493,0.10622826272091546
1773742655.2991452,0.075,0.14569619629293493,0.10622826272091546
1773742655.3079774,0.075,0.14569619629293493,0.10622826272091546
1773742655.3183646,0.075,0.14569619629293493,0.10622826272091546
1773742655.3280072,0.075,0.14569619629293493,0.10622826272091546
1773742655.3376155,0.075,0.14569619629293493,0.10622826272091546
1773742655.3486917,0.075,0.14569619629293493,0.10622826272091546
1773742655.3575401,0.075,0.14569619629293493,0.10622826272091546
1773742655.368716,0.075,0.14569619629293493,0.10622826272091546
1773742655.3777623,0.075,0.14569619629293493,0.10622826272091546
1773742655.3879812,0.075,0.14569619629293493,0.10622826272091546
1773742655.3980153,0.075,0.14569619629293493,0.10622826272091546
1773742655.407253,0.075,0.14569619629293493,0.10622826272091546
1773742655.4171667,0.075,0.14569619629293493,0.10622826272091546
1773742655.4272776,0.075,0.14569619629293493,0.10622826272091546
1773742655.4369013,0.075,0.14569619629293493,0.10622826272091546
1773742655.447129,0.075,0.14569619629293493,0.10622826272091546
1773742655.456827,0.075,0.14569619629293493,0.10622826272091546
1773742655.4674697,0.075,0.14569619629293493,0.10622826272091546
1773742655.476411,0.075,0.14569619629293493,0.10622826272091546
1773742655.4868073,0.075,0.14569619629293493,0.10622826272091546
1773742655.4965434,0.075,0.14569619629293493,0.10622826272091546
1773742655.5064998,0.075,0.14569619629293493,0.10622826272091546
1773742655.5166621,0.075,0.14569619629293493,0.10622826272091546
1773742655.5268075,0.075,0.14569619629293493,0.10622826272091546
1773742655.5366595,0.075,0.14569619629293493,0.10622826272091546
1773742655.5465715,0.075,0.14569619629293493,0.10622826272091546
1773742655.556606,0.075,0.14569619629293493,0.10622826272091546
1773742655.5666103,0.075,0.14569619629293493,0.10622826272091546
1773742655.5766852,0.075,0.14569619629293493,0.10622826272091546
1773742655.5866308,0.075,0.14569619629293493,0.10622826272091546
1773742655.5963855,0.075,0.14569619629293493,0.10622826272091546
1773742655.606342,0.075,0.14569619629293493,0.10622826272091546
1773742655.6165245,0.075,0.14569619629293493,0.10622826272091546
1773742655.6263535,0.075,0.14569619629293493,0.10622826272091546
1773742655.6364307,0.075,0.14569619629293493,0.10622826272091546
1773742655.6466143,0.075,0.14569619629293493,0.10622826272091546
1773742655.65638,0.075,0.14569619629293493,0.10622826272091546
1773742655.6665025,0.075,0.14569619629293493,0.10622826272091546
1773742655.6763616,0.075,0.14569619629293493,0.10622826272091546
1773742655.6864667,0.075,0.14569619629293493,0.10622826272091546
1773742655.6965,0.075,0.14569619629293493,0.10622826272091546
1773742655.706797,0.075,0.14569619629293493,0.10622826272091546
1773742655.7168736,0.075,0.14569619629293493,0.10622826272091546
1773742655.726681,0.075,0.14569619629293493,0.10622826272091546
1773742655.736802,0.075,0.14569619629293493,0.10622826272091546
1773742655.7467413,0.075,0.14569619629293493,0.10622826272091546
1773742655.757051,0.075,0.14569619629293493,0.10622826272091546
1773742655.766707,0.075,0.14569619629293493,0.10622826272091546
1773742655.7766924,0.075,0.14569619629293493,0.10622826272091546
1773742655.787346,0.075,0.14569619629293493,0.10622826272091546
1773742655.7968528,0.075,0.14569619629293493,0.10622826272091546
1773742655.8066404,0.075,0.14569619629293493,0.10622826272091546
1773742655.8168142,0.075,0.14569619629293493,0.10622826272091546
1773742655.8269136,0.075,0.14569619629293493,0.10622826272091546
1773742655.8368762,0.075,0.14569619629293493,0.10622826272091546
1773742655.8471534,0.075,0.14569619629293493,0.10622826272091546
1773742655.8569908,0.075,0.14569619629293493,0.10622826272091546
1773742655.8675084,0.075,0.14569619629293493,0.10622826272091546
1773742655.8791974,0.075,0.14569619629293493,0.10622826272091546
1773742655.8873124,0.075,0.14569619629293493,0.10622826272091546
1773742655.896864,0.075,0.14569619629293493,0.10622826272091546
1773742655.907424,0.075,0.14569619629293493,0.10622826272091546
1773742655.9169803,0.075,0.14569619629293493,0.10622826272091546
1773742655.9269755,0.075,0.14569619629293493,0.10622826272091546
1773742655.9368126,0.075,0.14569619629293493,0.10622826272091546
1773742655.946885,0.075,0.14569619629293493,0.10622826272091546
1773742655.9571965,0.075,0.14569619629293493,0.10622826272091546
1773742655.966775,0.075,0.14569619629293493,0.10622826272091546
1773742655.9767954,0.075,0.14569619629293493,0.10622826272091546
1773742655.9870174,0.075,0.14569619629293493,0.10622826272091546
1773742655.9985683,0.075,0.14569619629293493,0.10622826272091546
1773742656.0077152,0.075,0.14569619629293493,0.10622826272091546
1773742656.0175946,0.075,0.14569619629293493,0.10622826272091546
1773742656.027206,0.075,0.14569619629293493,0.10622826272091546
1773742656.0375037,0.075,0.14569619629293493,0.10622826272091546
1773742656.0481067,0.075,0.14569619629293493,0.10622826272091546
1773742656.057269,0.075,0.14569619629293493,0.10622826272091546
1773742656.067831,0.075,0.14569619629293493,0.10622826272091546
1773742656.078551,0.075,0.14569619629293493,0.10622826272091546
1773742656.0869968,0.075,0.14569619629293493,0.10622826272091546
1773742656.0976338,0.075,0.14569619629293493,0.10622826272091546
1773742656.1072865,0.075,0.14569619629293493,0.10622826272091546
1773742656.1172867,0.075,0.14569619629293493,0.10622826272091546
1773742656.1284738,0.075,0.14569619629293493,0.10622826272091546
1773742656.1372771,0.075,0.14569619629293493,0.10622826272091546
1773742656.147508,0.075,0.14569619629293493,0.10622826272091546
1773742656.1568427,0.075,0.14569619629293493,0.10622826272091546
1773742656.1672823,0.075,0.14569619629293493,0.10622826272091546
1773742656.1778378,0.075,0.14569619629293493,0.10622826272091546
1773742656.1876593,0.075,0.14569619629293493,0.10622826272091546
1773742656.1983871,0.075,0.14569619629293493,0.10622826272091546
1773742656.2079134,0.075,0.14569619629293493,0.10622826272091546
1773742656.2174916,0.075,0.14569619629293493,0.10622826272091546
1773742656.2277434,0.075,0.14569619629293493,0.10622826272091546
1773742656.238274,0.075,0.14569619629293493,0.10622826272091546
1773742656.2474043,0.075,0.14569619629293493,0.10622826272091546
1773742656.2574856,0.075,0.14569619629293493,0.10622826272091546
1773742656.2679765,0.075,0.14569619629293493,0.10622826272091546
1773742656.2785861,0.075,0.14569619629293493,0.10622826272091546
1773742656.287517,0.075,0.14569619629293493,0.10622826272091546
1773742656.2984807,0.075,0.14569619629293493,0.10622826272091546
1773742656.3071358,0.075,0.14569619629293493,0.10622826272091546
1773742656.3169281,0.075,0.14569619629293493,0.10622826272091546
1773742656.3288817,0.075,0.14569619629293493,0.10622826272091546
1773742656.3371062,0.075,0.14569619629293493,0.10622826272091546
1773742656.3482132,0.075,0.14569619629293493,0.10622826272091546
1773742656.3565352,0.075,0.14569619629293493,0.10622826272091546
1773742656.366578,0.075,0.14569619629293493,0.10622826272091546
1773742656.3769636,0.075,0.14569619629293493,0.10622826272091546
1773742656.3866408,0.075,0.14569619629293493,0.10622826272091546
1773742656.39706,0.075,0.14569619629293493,0.10622826272091546
1773742656.4064314,0.075,0.14569619629293493,0.10622826272091546
1773742656.4167085,0.075,0.14569619629293493,0.10622826272091546
1773742656.426903,0.075,0.14569619629293493,0.10622826272091546
1773742656.436427,0.075,0.14569619629293493,0.10622826272091546
1773742656.4465024,0.075,0.14569619629293493,0.10622826272091546
1773742656.4564064,0.075,0.14569619629293493,0.10622826272091546
1773742656.4665709,0.075,0.14569619629293493,0.10622826272091546
1773742656.4775686,0.075,0.14569619629293493,0.10622826272091546
1773742656.4867394,0.075,0.14569619629293493,0.10622826272091546
1773742656.4978848,0.075,0.14569619629293493,0.10622826272091546
1773742656.5064595,0.075,0.14569619629293493,0.10622826272091546
1773742656.5166256,0.075,0.14569619629293493,0.10622826272091546
1773742656.5266092,0.075,0.14569619629293493,0.10622826272091546
1773742656.5367355,0.075,0.14569619629293493,0.10622826272091546
1773742656.5466962,0.075,0.14569619629293493,0.10622826272091546
1773742656.5566332,0.075,0.14569619629293493,0.10622826272091546
1773742656.5666256,0.075,0.14569619629293493,0.10622826272091546
1773742656.5768414,0.075,0.14569619629293493,0.10622826272091546
1773742656.5864844,0.075,0.14569619629293493,0.10622826272091546
1773742656.5978541,0.075,0.14569619629293493,0.10622826272091546
1773742656.606367,0.075,0.14569619629293493,0.10622826272091546
1773742656.6167073,0.075,0.14569619629293493,0.10622826272091546
1773742656.6266265,0.075,0.14569619629293493,0.10622826272091546
1773742656.6365795,0.075,0.14569619629293493,0.10622826272091546
1773742656.6466675,0.075,0.14569619629293493,0.10622826272091546
1773742656.6566274,0.075,0.14569619629293493,0.10622826272091546
1773742656.6666183,0.075,0.14569619629293493,0.10622826272091546
1773742656.6768985,0.075,0.14569619629293493,0.10622826272091546
1773742656.686495,0.075,0.14569619629293493,0.10622826272091546
1773742656.6965005,0.075,0.14569619629293493,0.10622826272091546
1773742656.7065227,0.075,0.14569619629293493,0.10622826272091546
1773742656.7164955,0.075,0.14569619629293493,0.10622826272091546
1773742656.7273164,0.075,0.14569619629293493,0.10622826272091546
1773742656.7366068,0.075,0.14569619629293493,0.10622826272091546
1773742656.74661,0.075,0.14569619629293493,0.10622826272091546
1773742656.7565544,0.075,0.14569619629293493,0.10622826272091546
1773742656.7668552,0.075,0.14569619629293493,0.10622826272091546
1773742656.7768142,0.075,0.14569619629293493,0.10622826272091546
1773742656.7871773,0.075,0.14569619629293493,0.10622826272091546
1773742656.7967517,0.075,0.14569619629293493,0.10622826272091546
1773742656.8068573,0.075,0.14569619629293493,0.10622826272091546
1773742656.817127,0.075,0.14569619629293493,0.10622826272091546
1773742656.826821,0.075,0.14569619629293493,0.10622826272091546
1773742656.83693,0.075,0.14569619629293493,0.10622826272091546
1773742656.8479242,0.075,0.14569619629293493,0.10622826272091546
1773742656.8567357,0.075,0.14569619629293493,0.10622826272091546
1773742656.8696668,0.075,0.14569619629293493,0.10622826272091546
1773742656.877443,0.075,0.14569619629293493,0.10622826272091546
1773742656.8879654,0.075,0.14569619629293493,0.10622826272091546
1773742656.8980358,0.075,0.14569619629293493,0.10622826272091546
1773742656.9068477,0.075,0.14569619629293493,0.10622826272091546
1773742656.917724,0.075,0.14569619629293493,0.10622826272091546
1773742656.9279304,0.075,0.14569619629293493,0.10622826272091546
1773742656.9368012,0.075,0.14569619629293493,0.10622826272091546
1773742656.9471602,0.075,0.14569619629293493,0.10622826272091546
1773742656.9565368,0.075,0.14569619629293493,0.10622826272091546
1773742656.9696112,0.075,0.14569619629293493,0.10622826272091546
1773742656.9772017,0.075,0.14569619629293493,0.10622826272091546
1773742656.9869442,0.075,0.14569619629293493,0.10622826272091546
1773742657.0006104,0.075,0.14569619629293493,0.10622826272091546
1773742657.0073626,0.075,0.14569619629293493,0.10622826272091546
1773742657.017097,0.075,0.14569619629293493,0.10622826272091546
1773742657.0273116,0.075,0.14569619629293493,0.10622826272091546
1773742657.0368845,0.075,0.14569619629293493,0.10622826272091546
1773742657.0486581,0.075,0.14569619629293493,0.10622826272091546
1773742657.0571218,0.075,0.14569619629293493,0.10622826272091546
1773742657.0676475,0.075,0.14569619629293493,0.10622826272091546
1773742657.0778658,0.075,0.14569619629293493,0.10622826272091546
1773742657.0864618,0.075,0.14569619629293493,0.10622826272091546
1773742657.096725,0.075,0.14569619629293493,0.10622826272091546
1773742657.1066966,0.075,0.14569619629293493,0.10622826272091546
1773742657.1166499,0.075,0.14569619629293493,0.10622826272091546
1773742657.127541,0.075,0.14569619629293493,0.10622826272091546
1773742657.1373823,0.075,0.14569619629293493,0.10622826272091546
1773742657.1489992,0.075,0.14569619629293493,0.10622826272091546
1773742657.1583602,0.075,0.14569619629293493,0.10622826272091546
1773742657.1680334,0.075,0.14569619629293493,0.10622826272091546
1773742657.1781383,0.075,0.14569619629293493,0.10622826272091546
1773742657.1878347,0.075,0.14569619629293493,0.10622826272091546
1773742657.1995208,0.075,0.14569619629293493,0.10622826272091546
1773742657.2081509,0.075,0.14569619629293493,0.10622826272091546
1773742657.2187257,0.075,0.14569619629293493,0.10622826272091546
1773742657.2284167,0.075,0.14569619629293493,0.10622826272091546
1773742657.237908,0.075,0.14569619629293493,0.10622826272091546
1773742657.249207,0.075,0.14569619629293493,0.10622826272091546
1773742657.258253,0.075,0.14569619629293493,0.10622826272091546
1773742657.2682805,0.075,0.14569619629293493,0.10622826272091546
1773742657.2784722,0.075,0.14569619629293493,0.10622826272091546
1773742657.2884824,0.075,0.14569619629293493,0.10622826272091546
1773742657.2991278,0.075,0.14569619629293493,0.10622826272091546
1773742657.3080125,0.075,0.14569619629293493,0.10622826272091546
1773742657.3180418,0.075,0.14569619629293493,0.10622826272091546
1773742657.3278441,0.075,0.14569619629293493,0.10622826272091546
1773742657.3373601,0.075,0.14569619629293493,0.10622826272091546
1773742657.348343,0.075,0.14569619629293493,0.10622826272091546
1773742657.357577,0.075,0.14569619629293493,0.10622826272091546
1773742657.369179,0.075,0.14569619629293493,0.10622826272091546
1773742657.3782237,0.075,0.14569619629293493,0.10622826272091546
1773742657.3879716,0.075,0.14569619629293493,0.10622826272091546
1773742657.3989441,0.075,0.14569619629293493,0.10622826272091546
1773742657.4073946,0.075,0.14569619629293493,0.10622826272091546
1773742657.4197807,0.075,0.14569619629293493,0.10622826272091546
1773742657.4290643,0.075,0.14569619629293493,0.10622826272091546
1773742657.4377272,0.075,0.14569619629293493,0.10622826272091546
1773742657.4488742,0.075,0.14569619629293493,0.10622826272091546
1773742657.4575,0.075,0.14569619629293493,0.10622826272091546
1773742657.468824,0.075,0.14569619629293493,0.10622826272091546
1773742657.4780715,0.075,0.14569619629293493,0.10622826272091546
1773742657.48819,0.075,0.14569619629293493,0.10622826272091546
1773742657.4996855,0.075,0.14569619629293493,0.10622826272091546
1773742657.5073667,0.075,0.14569619629293493,0.10622826272091546
1773742657.5176942,0.075,0.14569619629293493,0.10622826272091546
1773742657.5275817,0.075,0.14569619629293493,0.10622826272091546
1773742657.5378919,0.075,0.14569619629293493,0.10622826272091546
1773742657.5488267,0.075,0.14569619629293493,0.10622826272091546
1773742657.557587,0.075,0.14569619629293493,0.10622826272091546
1773742657.5680974,0.075,0.14569619629293493,0.10622826272091546
1773742657.5776067,0.075,0.14569619629293493,0.10622826272091546
1773742657.5875266,0.075,0.14569619629293493,0.10622826272091546
1773742657.5983512,0.075,0.14569619629293493,0.10622826272091546
1773742657.6073666,0.075,0.14569619629293493,0.10622826272091546
1773742657.6183116,0.075,0.14569619629293493,0.10622826272091546
1773742657.6275632,0.075,0.14569619629293493,0.10622826272091546
1773742657.638033,0.075,0.14569619629293493,0.10622826272091546
1773742657.64958,0.075,0.14569619629293493,0.10622826272091546
1773742657.6577337,0.075,0.14569619629293493,0.10622826272091546
1773742657.6693833,0.075,0.14569619629293493,0.10622826272091546
1773742657.6780844,0.075,0.14569619629293493,0.10622826272091546
1773742657.6877759,0.075,0.14569619629293493,0.10622826272091546
1773742657.6993287,0.075,0.14569619629293493,0.10622826272091546
1773742657.7078326,0.075,0.14569619629293493,0.10622826272091546
1773742657.7189991,0.075,0.14569619629293493,0.10622826272091546
1773742657.7277732,0.075,0.14569619629293493,0.10622826272091546
1773742657.7394075,0.075,0.14569619629293493,0.10622826272091546
1773742657.7488706,0.075,0.14569619629293493,0.10622826272091546
1773742657.757328,0.075,0.14569619629293493,0.10622826272091546
1773742657.7706604,0.075,0.14569619629293493,0.10622826272091546
1773742657.7773829,0.075,0.14569619629293493,0.10622826272091546
1773742657.787976,0.075,0.14569619629293493,0.10622826272091546
1773742657.7993734,0.075,0.14569619629293493,0.10622826272091546
1773742657.8076715,0.075,0.14569619629293493,0.10622826272091546
1773742657.818489,0.075,0.14569619629293493,0.10622826272091546
1773742657.8276963,0.075,0.14569619629293493,0.10622826272091546
1773742657.8376074,0.075,0.14569619629293493,0.10622826272091546
1773742657.848012,0.075,0.14569619629293493,0.10622826272091546
1773742657.8570633,0.075,0.14569619629293493,0.10622826272091546
1773742657.8687644,0.075,0.14569619629293493,0.10622826272091546
1773742657.87689,0.075,0.14569619629293493,0.10622826272091546
1773742657.8873212,0.075,0.14569619629293493,0.10622826272091546
1773742657.8978412,0.075,0.14569619629293493,0.10622826272091546
1773742657.907813,0.075,0.14569619629293493,0.10622826272091546
1773742657.9177759,0.075,0.14569619629293493,0.10622826272091546
1773742657.9273965,0.075,0.14569619629293493,0.10622826272091546
1773742657.9373765,0.075,0.14569619629293493,0.10622826272091546
1773742657.9474626,0.075,0.14569619629293493,0.10622826272091546
1773742657.9577813,0.075,0.14569619629293493,0.10622826272091546
1773742657.9675694,0.075,0.14569619629293493,0.10622826272091546
1773742657.9772117,0.075,0.14569619629293493,0.10622826272091546
1773742657.987824,0.075,0.14569619629293493,0.10622826272091546
1773742657.9977303,0.075,0.14569619629293493,0.10622826272091546
1773742658.007351,0.075,0.14569619629293493,0.10622826272091546
1773742658.0185635,0.075,0.14569619629293493,0.10622826272091546
1773742658.0276372,0.075,0.14569619629293493,0.10622826272091546
1773742658.0374255,0.075,0.14569619629293493,0.10622826272091546
1773742658.0477245,0.075,0.14569619629293493,0.10622826272091546
1773742658.05749,0.075,0.14569619629293493,0.10622826272091546
1773742658.0670156,0.075,0.14569619629293493,0.10622826272091546
1773742658.076876,0.075,0.14569619629293493,0.10622826272091546
1773742658.087358,0.075,0.14569619629293493,0.10622826272091546
1773742658.0966647,0.075,0.14569619629293493,0.10622826272091546
1773742658.106598,0.075,0.14569619629293493,0.10622826272091546
1773742658.117195,0.075,0.14569619629293493,0.10622826272091546
1773742658.1267362,0.075,0.14569619629293493,0.10622826272091546
1773742658.1368673,0.075,0.14569619629293493,0.10622826272091546
1773742658.1468666,0.075,0.14569619629293493,0.10622826272091546
1773742658.1573308,0.075,0.14569619629293493,0.10622826272091546
1773742658.1665928,0.075,0.14569619629293493,0.10622826272091546
1773742658.176746,0.075,0.14569619629293493,0.10622826272091546
1773742658.1872478,0.075,0.14569619629293493,0.10622826272091546
1773742658.1971934,0.075,0.14569619629293493,0.10622826272091546
1773742658.2072666,0.075,0.14569619629293493,0.10622826272091546
1773742658.2172084,0.075,0.14569619629293493,0.10622826272091546
1773742658.226812,0.075,0.14569619629293493,0.10622826272091546
1773742658.2367077,0.075,0.14569619629293493,0.10622826272091546
1773742658.246545,0.075,0.14569619629293493,0.10622826272091546
1773742658.2566614,0.075,0.14569619629293493,0.10622826272091546
1773742658.2666845,0.075,0.14569619629293493,0.10622826272091546
1773742658.2770467,0.075,0.14569619629293493,0.10622826272091546
1773742658.2869399,0.075,0.14569619629293493,0.10622826272091546
1773742658.296878,0.075,0.14569619629293493,0.10622826272091546
1773742658.3069837,0.075,0.14569619629293493,0.10622826272091546
1773742658.316938,0.075,0.14569619629293493,0.10622826272091546
1773742658.3271017,0.075,0.14569619629293493,0.10622826272091546
1773742658.3368652,0.075,0.14569619629293493,0.10622826272091546
1773742658.3469045,0.075,0.14569619629293493,0.10622826272091546
1773742658.3569336,0.075,0.14569619629293493,0.10622826272091546
1773742658.36706,0.075,0.14569619629293493,0.10622826272091546
1773742658.3769374,0.075,0.14569619629293493,0.10622826272091546
1773742658.3866332,0.075,0.14569619629293493,0.10622826272091546
1773742658.3966334,0.075,0.14569619629293493,0.10622826272091546
1773742658.4066732,0.075,0.14569619629293493,0.10622826272091546
1773742658.4168296,0.075,0.14569619629293493,0.10622826272091546
1773742658.427273,0.075,0.14569619629293493,0.10622826272091546
1773742658.436978,0.075,0.14569619629293493,0.10622826272091546
1773742658.4471464,0.075,0.14569619629293493,0.10622826272091546
1773742658.4567533,0.075,0.14569619629293493,0.10622826272091546
1773742658.4673016,0.075,0.14569619629293493,0.10622826272091546
1773742658.477101,0.075,0.14569619629293493,0.10622826272091546
1773742658.4866428,0.075,0.14569619629293493,0.10622826272091546
1773742658.4974449,0.075,0.14569619629293493,0.10622826272091546
1773742658.5070407,0.075,0.14569619629293493,0.10622826272091546
1773742658.5167542,0.075,0.14569619629293493,0.10622826272091546
1773742658.5269802,0.075,0.14569619629293493,0.10622826272091546
1773742658.536992,0.075,0.14569619629293493,0.10622826272091546
1773742658.5471928,0.075,0.14569619629293493,0.10622826272091546
1773742658.55701,0.075,0.14569619629293493,0.10622826272091546
1773742658.5674307,0.075,0.14569619629293493,0.10622826272091546
1773742658.5767748,0.075,0.14569619629293493,0.10622826272091546
1773742658.5885506,0.075,0.14569619629293493,0.10622826272091546
1773742658.5979097,0.075,0.14569619629293493,0.10622826272091546
1773742658.606899,0.075,0.14569619629293493,0.10622826272091546
1773742658.6167614,0.075,0.14569619629293493,0.10622826272091546
1773742658.6269052,0.075,0.14569619629293493,0.10622826272091546
1773742658.637081,0.075,0.14569619629293493,0.10622826272091546
1773742658.64706,0.075,0.14569619629293493,0.10622826272091546
1773742658.656601,0.075,0.14569619629293493,0.10622826272091546
1773742658.6667187,0.075,0.14569619629293493,0.10622826272091546
1773742658.6766558,0.075,0.14569619629293493,0.10622826272091546
1773742658.6867669,0.075,0.14569619629293493,0.10622826272091546
1773742658.6967716,0.075,0.14569619629293493,0.10622826272091546
1773742658.706509,0.075,0.14569619629293493,0.10622826272091546
1773742658.7168405,0.075,0.14569619629293493,0.10622826272091546
1773742658.7268305,0.075,0.14569619629293493,0.10622826272091546
1773742658.7368393,0.075,0.14569619629293493,0.10622826272091546
1773742658.7468438,0.075,0.14569619629293493,0.10622826272091546
1773742658.756731,0.075,0.14569619629293493,0.10622826272091546
1773742658.7670772,0.075,0.14569619629293493,0.10622826272091546
1773742658.7766702,0.075,0.14569619629293493,0.10622826272091546
1773742658.787224,0.075,0.14569619629293493,0.10622826272091546
1773742658.7970688,0.075,0.14569619629293493,0.10622826272091546
1773742658.8071697,0.075,0.14569619629293493,0.10622826272091546
1773742658.8173025,0.075,0.14569619629293493,0.10622826272091546
1773742658.8268456,0.075,0.14569619629293493,0.10622826272091546
1773742658.8372107,0.075,0.14569619629293493,0.10622826272091546
1773742658.8468518,0.075,0.14569619629293493,0.10622826272091546
1773742658.8567612,0.075,0.14569619629293493,0.10622826272091546
1773742658.866978,0.075,0.14569619629293493,0.10622826272091546
1773742658.8771083,0.075,0.14569619629293493,0.10622826272091546
1773742658.8874285,0.075,0.14569619629293493,0.10622826272091546
1773742658.897065,0.075,0.14569619629293493,0.10622826272091546
1773742658.9080827,0.075,0.14569619629293493,0.10622826272091546
1773742658.9173918,0.075,0.14569619629293493,0.10622826272091546
1773742658.927227,0.075,0.14569619629293493,0.10622826272091546
1773742658.93687,0.075,0.14569619629293493,0.10622826272091546
1773742658.9473088,0.075,0.14569619629293493,0.10622826272091546
1773742658.9574723,0.075,0.14569619629293493,0.10622826272091546
1773742658.9671168,0.075,0.14569619629293493,0.10622826272091546
1773742658.9775128,0.075,0.14569619629293493,0.10622826272091546
1773742658.987462,0.075,0.14569619629293493,0.10622826272091546
1773742658.997108,0.075,0.14569619629293493,0.10622826272091546
1773742659.0078294,0.075,0.14569619629293493,0.10622826272091546
1773742659.0169775,0.075,0.14569619629293493,0.10622826272091546
1773742659.0267534,0.075,0.14569619629293493,0.10622826272091546
1773742659.0366704,0.075,0.14569619629293493,0.10622826272091546
1773742659.0468616,0.075,0.14569619629293493,0.10622826272091546
1773742659.0567904,0.075,0.14569619629293493,0.10622826272091546
1773742659.067318,0.075,0.14569619629293493,0.10622826272091546
1773742659.0773892,0.075,0.14569619629293493,0.10622826272091546
1773742659.0868552,0.075,0.14569619629293493,0.10622826272091546
1773742659.0975406,0.075,0.14569619629293493,0.10622826272091546
1773742659.1076133,0.075,0.14569619629293493,0.10622826272091546
1773742659.1171403,0.075,0.14569619629293493,0.10622826272091546
1773742659.1266212,0.075,0.14569619629293493,0.10622826272091546
1773742659.1367457,0.075,0.14569619629293493,0.10622826272091546
1773742659.1468134,0.075,0.14569619629293493,0.10622826272091546
1773742659.1567829,0.075,0.14569619629293493,0.10622826272091546
1773742659.1670258,0.075,0.14569619629293493,0.10622826272091546
1773742659.1769207,0.075,0.14569619629293493,0.10622826272091546
1773742659.1868591,0.075,0.14569619629293493,0.10622826272091546
1773742659.1975014,0.075,0.14569619629293493,0.10622826272091546
1773742659.2070804,0.075,0.14569619629293493,0.10622826272091546
1773742659.2168632,0.075,0.14569619629293493,0.10622826272091546
1773742659.2270525,0.075,0.14569619629293493,0.10622826272091546
1773742659.2368155,0.075,0.14569619629293493,0.10622826272091546
1773742659.2467248,0.075,0.14569619629293493,0.10622826272091546
1773742659.25804,0.075,0.14569619629293493,0.10622826272091546
1773742659.2668388,0.075,0.14569619629293493,0.10622826272091546
1773742659.2772324,0.075,0.14569619629293493,0.10622826272091546
1773742659.286734,0.075,0.14569619629293493,0.10622826272091546
1773742659.297299,0.075,0.14569619629293493,0.10622826272091546
1773742659.3077574,0.075,0.14569619629293493,0.10622826272091546
1773742659.3168986,0.075,0.14569619629293493,0.10622826272091546
1773742659.32725,0.075,0.14569619629293493,0.10622826272091546
1773742659.3376386,0.075,0.14569619629293493,0.10622826272091546
1773742659.3479216,0.075,0.14569619629293493,0.10622826272091546
1773742659.3576138,0.075,0.14569619629293493,0.10622826272091546
1773742659.367723,0.075,0.14569619629293493,0.10622826272091546
1773742659.3775423,0.075,0.14569619629293493,0.10622826272091546
1773742659.3875735,0.075,0.14569619629293493,0.10622826272091546
1773742659.397572,0.075,0.14569619629293493,0.10622826272091546
1773742659.4074876,0.075,0.14569619629293493,0.10622826272091546
1773742659.4167657,0.075,0.14569619629293493,0.10622826272091546
1773742659.4269025,0.075,0.14569619629293493,0.10622826272091546
1773742659.4368734,0.075,0.14569619629293493,0.10622826272091546
1773742659.4467294,0.075,0.14569619629293493,0.10622826272091546
1773742659.456801,0.075,0.14569619629293493,0.10622826272091546
1773742659.4665086,0.075,0.14569619629293493,0.10622826272091546
1773742659.476624,0.075,0.14569619629293493,0.10622826272091546
1773742659.487395,0.075,0.14569619629293493,0.10622826272091546
1773742659.4974174,0.075,0.14569619629293493,0.10622826272091546
1773742659.5070515,0.075,0.14569619629293493,0.10622826272091546
1773742659.5170658,0.075,0.14569619629293493,0.10622826272091546
1773742659.5271027,0.075,0.14569619629293493,0.10622826272091546
1773742659.5368357,0.075,0.14569619629293493,0.10622826272091546
1773742659.546675,0.075,0.14569619629293493,0.10622826272091546
1773742659.5568235,0.075,0.14569619629293493,0.10622826272091546
1773742659.5667562,0.075,0.14569619629293493,0.10622826272091546
1773742659.576471,0.075,0.14569619629293493,0.10622826272091546
1773742659.5866532,0.075,0.14569619629293493,0.10622826272091546
1773742659.5964117,0.075,0.14569619629293493,0.10622826272091546
1773742659.6066978,0.075,0.14569619629293493,0.10622826272091546
1773742659.6169806,0.075,0.14569619629293493,0.10622826272091546
1773742659.627013,0.075,0.14569619629293493,0.10622826272091546
1773742659.6366456,0.075,0.14569619629293493,0.10622826272091546
1773742659.646646,0.075,0.14569619629293493,0.10622826272091546
1773742659.656642,0.075,0.14569619629293493,0.10622826272091546
1773742659.6670585,0.075,0.14569619629293493,0.10622826272091546
1773742659.6766627,0.075,0.14569619629293493,0.10622826272091546
1773742659.687363,0.075,0.14569619629293493,0.10622826272091546
1773742659.696701,0.075,0.14569619629293493,0.10622826272091546
1773742659.708035,0.075,0.14569619629293493,0.10622826272091546
1773742659.7171342,0.075,0.14569619629293493,0.10622826272091546
1773742659.7265544,0.075,0.14569619629293493,0.10622826272091546
1773742659.7370033,0.075,0.14569619629293493,0.10622826272091546
1773742659.7464952,0.075,0.14569619629293493,0.10622826272091546
1773742659.756426,0.075,0.14569619629293493,0.10622826272091546
1773742659.7667508,0.075,0.14569619629293493,0.10622826272091546
1773742659.7765467,0.075,0.14569619629293493,0.10622826272091546
1773742659.7871473,0.075,0.14569619629293493,0.10622826272091546
1773742659.7966251,0.075,0.14569619629293493,0.10622826272091546
1773742659.8078053,0.075,0.14569619629293493,0.10622826272091546
1773742659.8180902,0.075,0.14569619629293493,0.10622826272091546
1773742659.827192,0.075,0.14569619629293493,0.10622826272091546
1773742659.8384163,0.075,0.14569619629293493,0.10622826272091546
1773742659.847378,0.075,0.14569619629293493,0.10622826272091546
1773742659.8578691,0.075,0.14569619629293493,0.10622826272091546
1773742659.8684874,0.075,0.14569619629293493,0.10622826272091546
1773742659.8772871,0.075,0.14569619629293493,0.10622826272091546
1773742659.8871753,0.075,0.14569619629293493,0.10622826272091546
1773742659.8967724,0.075,0.14569619629293493,0.10622826272091546
1773742659.9069982,0.075,0.14569619629293493,0.10622826272091546
1773742659.917101,0.075,0.14569619629293493,0.10622826272091546
1773742659.927812,0.075,0.14569619629293493,0.10622826272091546
1773742659.938341,0.075,0.14569619629293493,0.10622826272091546
1773742659.9478958,0.075,0.14569619629293493,0.10622826272091546
1773742659.9582238,0.075,0.14569619629293493,0.10622826272091546
1773742659.9692695,0.075,0.14569619629293493,0.10622826272091546
1773742659.9770708,0.075,0.14569619629293493,0.10622826272091546
1773742659.9901218,0.075,0.14569619629293493,0.10622826272091546
1773742659.9975488,0.075,0.14569619629293493,0.10622826272091546
1773742660.006751,0.075,0.14569619629293493,0.10622826272091546
1773742660.0172338,0.075,0.14569619629293493,0.10622826272091546
1773742660.0272164,0.075,0.14569619629293493,0.10622826272091546
1773742660.0376565,0.075,0.14569619629293493,0.10622826272091546
1773742660.047176,0.075,0.14569619629293493,0.10622826272091546
1773742660.0577796,0.075,0.14569619629293493,0.10622826272091546
1773742660.0680945,0.075,0.14569619629293493,0.10622826272091546
1773742660.0776339,0.075,0.14569619629293493,0.10622826272091546
1773742660.0876436,0.075,0.14569619629293493,0.10622826272091546
1773742660.0971527,0.075,0.14569619629293493,0.10622826272091546
1773742660.1067312,0.075,0.14569619629293493,0.10622826272091546
1773742660.116644,0.075,0.14569619629293493,0.10622826272091546
1773742660.126713,0.075,0.14569619629293493,0.10622826272091546
1773742660.1371624,0.075,0.14569619629293493,0.10622826272091546
1773742660.1468704,0.075,0.14569619629293493,0.10622826272091546
1773742660.1566648,0.075,0.14569619629293493,0.10622826272091546
1773742660.1668024,0.075,0.14569619629293493,0.10622826272091546
1773742660.1766202,0.075,0.14569619629293493,0.10622826272091546
1773742660.186892,0.075,0.14569619629293493,0.10622826272091546
1773742660.196566,0.075,0.14569619629293493,0.10622826272091546
1773742660.2065845,0.075,0.14569619629293493,0.10622826272091546
1773742660.2165766,0.075,0.14569619629293493,0.10622826272091546
1773742660.2265766,0.075,0.14569619629293493,0.10622826272091546
1773742660.2369561,0.075,0.14569619629293493,0.10622826272091546
1773742660.2465062,0.075,0.14569619629293493,0.10622826272091546
1773742660.257859,0.075,0.14569619629293493,0.10622826272091546
1773742660.2677782,0.075,0.14569619629293493,0.10622826272091546
1773742660.276546,0.075,0.14569619629293493,0.10622826272091546
1773742660.286849,0.075,0.14569619629293493,0.10622826272091546
1773742660.2965956,0.075,0.14569619629293493,0.10622826272091546
1773742660.3096714,0.075,0.14569619629293493,0.10622826272091546
1773742660.3178513,0.075,0.14569619629293493,0.10622826272091546
1773742660.3267655,0.075,0.14569619629293493,0.10622826272091546
1773742660.3370748,0.075,0.14569619629293493,0.10622826272091546
1773742660.3465579,0.075,0.14569619629293493,0.10622826272091546
1773742660.3573442,0.075,0.14569619629293493,0.10622826272091546
1773742660.3669338,0.075,0.14569619629293493,0.10622826272091546
1773742660.378191,0.075,0.14569619629293493,0.10622826272091546
1773742660.3879843,0.075,0.14569619629293493,0.10622826272091546
1773742660.3968163,0.075,0.14569619629293493,0.10622826272091546
1773742660.4067075,0.075,0.14569619629293493,0.10622826272091546
1773742660.4165285,0.075,0.14569619629293493,0.10622826272091546
1773742660.4265287,0.075,0.14569619629293493,0.10622826272091546
1773742660.4374251,0.075,0.14569619629293493,0.10622826272091546
1773742660.4474633,0.075,0.14569619629293493,0.10622826272091546
1773742660.4574254,0.075,0.14569619629293493,0.10622826272091546
1773742660.46645,0.075,0.14569619629293493,0.10622826272091546
1773742660.4764934,0.075,0.14569619629293493,0.10622826272091546
1773742660.4878097,0.075,0.14569619629293493,0.10622826272091546
1773742660.4965124,0.075,0.14569619629293493,0.10622826272091546
1773742660.5071237,0.075,0.14569619629293493,0.10622826272091546
1773742660.5165527,0.075,0.14569619629293493,0.10622826272091546
1773742660.5270915,0.075,0.14569619629293493,0.10622826272091546
1773742660.5392685,0.075,0.14569619629293493,0.10622826272091546
1773742660.5468373,0.075,0.14569619629293493,0.10622826272091546
1773742660.5570278,0.075,0.14569619629293493,0.10622826272091546
1773742660.566411,0.075,0.14569619629293493,0.10622826272091546
1773742660.5765345,0.075,0.14569619629293493,0.10622826272091546
1773742660.5868373,0.075,0.14569619629293493,0.10622826272091546
1773742660.5972667,0.075,0.14569619629293493,0.10622826272091546
1773742660.6070352,0.075,0.14569619629293493,0.10622826272091546
1773742660.6173787,0.075,0.14569619629293493,0.10622826272091546
1773742660.6269958,0.075,0.14569619629293493,0.10622826272091546
1773742660.6371877,0.075,0.14569619629293493,0.10622826272091546
1773742660.6467047,0.075,0.14569619629293493,0.10622826272091546
1773742660.6566458,0.075,0.14569619629293493,0.10622826272091546
1773742660.6667073,0.075,0.14569619629293493,0.10622826272091546
1773742660.6765707,0.075,0.14569619629293493,0.10622826272091546
1773742660.6865544,0.075,0.14569619629293493,0.10622826272091546
1773742660.6965044,0.075,0.14569619629293493,0.10622826272091546
1773742660.7072368,0.075,0.14569619629293493,0.10622826272091546
1773742660.7168403,0.075,0.14569619629293493,0.10622826272091546
1773742660.726616,0.075,0.14569619629293493,0.10622826272091546
1773742660.7368538,0.075,0.14569619629293493,0.10622826272091546
1773742660.7464585,0.075,0.14569619629293493,0.10622826272091546
1773742660.758831,0.075,0.14569619629293493,0.10622826272091546
1773742660.7664099,0.075,0.14569619629293493,0.10622826272091546
1773742660.7766745,0.075,0.14569619629293493,0.10622826272091546
1773742660.7889028,0.075,0.14569619629293493,0.10622826272091546
1773742660.7992852,0.075,0.14569619629293493,0.10622826272091546
1773742660.8065586,0.075,0.14569619629293493,0.10622826272091546
1773742660.8165798,0.075,0.14569619629293493,0.10622826272091546
1773742660.8263214,0.075,0.14569619629293493,0.10622826272091546
1773742660.8392103,0.075,0.14569619629293493,0.10622826272091546
1773742660.8465593,0.075,0.14569619629293493,0.10622826272091546
1773742660.8568366,0.075,0.14569619629293493,0.10622826272091546
1773742660.8666863,0.075,0.14569619629293493,0.10622826272091546
1773742660.8763545,0.075,0.14569619629293493,0.10622826272091546
1773742660.8869321,0.075,0.14569619629293493,0.10622826272091546
1773742660.896547,0.075,0.14569619629293493,0.10622826272091546
1773742660.9063962,0.075,0.14569619629293493,0.10622826272091546
1773742660.9166377,0.075,0.14569619629293493,0.10622826272091546
1773742660.926887,0.075,0.14569619629293493,0.10622826272091546
1773742660.9365401,0.075,0.14569619629293493,0.10622826272091546
1773742660.9464703,0.075,0.14569619629293493,0.10622826272091546
1773742660.9584558,0.075,0.14569619629293493,0.10622826272091546
1773742660.9668002,0.075,0.14569619629293493,0.10622826272091546
1773742660.9764838,0.075,0.14569619629293493,0.10622826272091546
1773742660.9864988,0.075,0.14569619629293493,0.10622826272091546
1773742660.9964933,0.075,0.14569619629293493,0.10622826272091546
1773742661.0065713,0.075,0.14569619629293493,0.10622826272091546
1773742661.016525,0.075,0.14569619629293493,0.10622826272091546
1773742661.026798,0.075,0.14569619629293493,0.10622826272091546
1773742661.0384583,0.075,0.14569619629293493,0.10622826272091546
1773742661.0470405,0.075,0.14569619629293493,0.10622826272091546
1773742661.0585117,0.075,0.14569619629293493,0.10622826272091546
1773742661.0666814,0.075,0.14569619629293493,0.10622826272091546
1773742661.0765483,0.075,0.14569619629293493,0.10622826272091546
1773742661.0866716,0.075,0.14569619629293493,0.10622826272091546
1773742661.09659,0.075,0.14569619629293493,0.10622826272091546
1773742661.1071405,0.075,0.14569619629293493,0.10622826272091546
1773742661.116873,0.075,0.14569619629293493,0.10622826272091546
1773742661.1265674,0.075,0.14569619629293493,0.10622826272091546
1773742661.1367025,0.075,0.14569619629293493,0.10622826272091546
1773742661.1465752,0.075,0.14569619629293493,0.10622826272091546
1773742661.1569834,0.075,0.14569619629293493,0.10622826272091546
1773742661.166526,0.075,0.14569619629293493,0.10622826272091546
1773742661.1765938,0.075,0.14569619629293493,0.10622826272091546
1773742661.1867645,0.075,0.14569619629293493,0.10622826272091546
1773742661.1965706,0.075,0.14569619629293493,0.10622826272091546
1773742661.2074442,0.075,0.14569619629293493,0.10622826272091546
1773742661.2166355,0.075,0.14569619629293493,0.10622826272091546
1773742661.226578,0.075,0.14569619629293493,0.10622826272091546
1773742661.2365146,0.075,0.14569619629293493,0.10622826272091546
1773742661.2466202,0.075,0.14569619629293493,0.10622826272091546
1773742661.2573054,0.075,0.14569619629293493,0.10622826272091546
1773742661.2664547,0.075,0.14569619629293493,0.10622826272091546
1773742661.2765105,0.075,0.14569619629293493,0.10622826272091546
1773742661.286505,0.075,0.14569619629293493,0.10622826272091546
1773742661.2964191,0.075,0.14569619629293493,0.10622826272091546
1773742661.306545,0.075,0.14569619629293493,0.10622826272091546
1773742661.316801,0.075,0.14569619629293493,0.10622826272091546
1773742661.3266227,0.075,0.14569619629293493,0.10622826272091546
1773742661.337026,0.075,0.14569619629293493,0.10622826272091546
1773742661.3463483,0.075,0.14569619629293493,0.10622826272091546
1773742661.3564508,0.075,0.14569619629293493,0.10622826272091546
1773742661.366386,0.075,0.14569619629293493,0.10622826272091546
1773742661.3765025,0.075,0.14569619629293493,0.10622826272091546
1773742661.3875,0.07501906379433346,0.14573394883394394,0.1065856550415196
1773742661.3966382,0.07501906379433346,0.14573394883394394,0.1065856550415196
1773742661.4073443,0.07501906379433346,0.14573394883394394,0.1065856550415196
1773742661.4164715,0.07501906379433346,0.14573394883394394,0.1065856550415196
1773742661.426436,0.07503813830946955,0.14577002022757587,0.10694336165313868
1773742661.4364972,0.07503813830946955,0.14577002022757587,0.10694336165313868
1773742661.4474173,0.07503813830946955,0.14577002022757587,0.10694336165313868
1773742661.4570892,0.07503813830946955,0.14577002022757587,0.10694336165313868
1773742661.4668863,0.07505700982232598,0.14580738089562056,0.10730153007601352
1773742661.476791,0.07505700982232598,0.14580738089562056,0.10730153007601352
1773742661.486512,0.07505700982232598,0.14580738089562056,0.10730153007601352
1773742661.496744,0.07505700982232598,0.14580738089562056,0.10730153007601352
1773742661.506785,0.07507578407643936,0.14584454362835747,0.10766008310438964
1773742661.5167897,0.07507578407643936,0.14584454362835747,0.10766008310438964
1773742661.5271797,0.07507578407643936,0.14584454362835747,0.10766008310438964
1773742661.5372038,0.07507578407643936,0.14584454362835747,0.10766008310438964
1773742661.5469413,0.07509446045177189,0.14588150720603693,0.1080190182649775
1773742661.5574403,0.07509446045177189,0.14588150720603693,0.1080190182649775
1773742661.5669007,0.07509446045177189,0.14588150720603693,0.1080190182649775
1773742661.5773044,0.07509446045177189,0.14588150720603693,0.1080190182649775
1773742661.5866582,0.07511303833937885,0.14591827043129602,0.10837833307580969
1773742661.5967882,0.07511303833937885,0.14591827043129602,0.10837833307580969
1773742661.6069334,0.07511303833937885,0.14591827043129602,0.10837833307580969
1773742661.6171641,0.07511303833937885,0.14591827043129602,0.10837833307580969
1773742661.6271033,0.07513162527034214,0.14595335026223913,0.10873795446981688
1773742661.6368883,0.07513162527034214,0.14595335026223913,0.10873795446981688
1773742661.646822,0.07513162527034214,0.14595335026223913,0.10873795446981688
1773742661.656895,0.07513162527034214,0.14595335026223913,0.10873795446981688
1773742661.6672707,0.07515000470835537,0.14598970949659473,0.10909802066079147
1773742661.6768656,0.07515000470835537,0.14598970949659473,0.10909802066079147
1773742661.6868608,0.07515000470835537,0.14598970949659473,0.10909802066079147
1773742661.6969223,0.07515000470835537,0.14598970949659473,0.10909802066079147
1773742661.7075405,0.07516828389466926,0.14602586491556765,0.10945845901343745
1773742661.7177246,0.07516828389466926,0.14602586491556765,0.10945845901343745
1773742661.7274354,0.07516828389466926,0.14602586491556765,0.10945845901343745
1773742661.7371027,0.07516828389466926,0.14602586491556765,0.10945845901343745
1773742661.7468085,0.07518646226413593,0.14606181541039584,0.1098192670146188
1773742661.756919,0.07518646226413593,0.14606181541039584,0.1098192670146188
1773742661.7668355,0.07518646226413593,0.14606181541039584,0.1098192670146188
1773742661.7768958,0.07518646226413593,0.14606181541039584,0.1098192670146188
1773742661.7867174,0.07520453926236485,0.14609755989407455,0.11018044214434727
1773742661.796713,0.07520453926236485,0.14609755989407455,0.11018044214434727
1773742661.8066921,0.07520453926236485,0.14609755989407455,0.11018044214434727
1773742661.8169186,0.07520453926236485,0.14609755989407455,0.11018044214434727
1773742661.827196,0.07522262365930951,0.14613161970666785,0.11054191619403878
1773742661.8367493,0.07522262365930951,0.14613161970666785,0.11054191619403878
1773742661.8472123,0.07522262365930951,0.14613161970666785,0.11054191619403878
1773742661.856825,0.07522262365930951,0.14613161970666785,0.11054191619403878
1773742661.867091,0.07524049658762365,0.14616694919054063,0.11090381758767148
1773742661.8768487,0.07524049658762365,0.14616694919054063,0.11090381758767148
1773742661.887075,0.07524049658762365,0.14616694919054063,0.11090381758767148
1773742661.8978722,0.07524049658762365,0.14616694919054063,0.11090381758767148
1773742661.9081128,0.07525826654325733,0.14620206952898787,0.1112660785166723
1773742661.9172075,0.07525826654325733,0.14620206952898787,0.1112660785166723
1773742661.927805,0.07525826654325733,0.14620206952898787,0.1112660785166723
1773742661.9367146,0.07525826654325733,0.14620206952898787,0.1112660785166723
1773742661.9472868,0.07527593301475434,0.14623697972167335,0.11162869643652729
1773742661.9582086,0.07527593301475434,0.14623697972167335,0.11162869643652729
1773742661.9683619,0.07527593301475434,0.14623697972167335,0.11162869643652729
1773742661.977452,0.07527593301475434,0.14623697972167335,0.11162869643652729
1773742661.9875526,0.07529360559613564,0.14627020491724488,0.11199160722894329
1773742661.9975963,0.07529360559613564,0.14627020491724488,0.11199160722894329
1773742662.0075135,0.07529360559613564,0.14627020491724488,0.11199160722894329
1773742662.018181,0.07529360559613564,0.14627020491724488,0.11199160722894329
1773742662.0288482,0.07531117372924084,0.14630321817254263,0.11235486801043974
1773742662.03823,0.07531117372924084,0.14630321817254263,0.11235486801043974
1773742662.047779,0.07531117372924084,0.14630321817254263,0.11235486801043974
1773742662.0578928,0.07531117372924084,0.14630321817254263,0.11235486801043974
1773742662.0681856,0.07532852734120751,0.14633749249727634,0.11271854083100995
1773742662.077892,0.07532852734120751,0.14633749249727634,0.11271854083100995
1773742662.0874383,0.07532852734120751,0.14633749249727634,0.11271854083100995
1773742662.0972116,0.07532852734120751,0.14633749249727634,0.11271854083100995
1773742662.1078033,0.07534577552339704,0.1463715528817077,0.11308256042362058
1773742662.117654,0.07534577552339704,0.1463715528817077,0.11308256042362058
1773742662.1275208,0.07534577552339704,0.1463715528817077,0.11308256042362058
1773742662.136814,0.07534577552339704,0.1463715528817077,0.11308256042362058
1773742662.1485734,0.07536291781719155,0.1464053984319913,0.11344692421994035
1773742662.1572492,0.07536291781719155,0.1464053984319913,0.11344692421994035
1773742662.1673417,0.07536291781719155,0.1464053984319913,0.11344692421994035
1773742662.1778834,0.07536291781719155,0.1464053984319913,0.11344692421994035
1773742662.187111,0.07538006464688006,0.14643755943820572,0.1138115734888267
1773742662.1970952,0.07538006464688006,0.14643755943820572,0.1138115734888267
1773742662.2074516,0.07538006464688006,0.14643755943820572,0.1138115734888267
1773742662.2182066,0.07538006464688006,0.14643755943820572,0.1138115734888267
1773742662.2275398,0.07539710469061105,0.14646950405521147,0.11417655998412925
1773742662.237353,0.07539710469061105,0.14646950405521147,0.11417655998412925
1773742662.247791,0.07539710469061105,0.14646950405521147,0.11417655998412925
1773742662.2570183,0.07539710469061105,0.14646950405521147,0.11417655998412925
1773742662.2669265,0.07541392719651954,0.14650270027135182,0.1145419402532557
1773742662.277203,0.07541392719651954,0.14650270027135182,0.1145419402532557
1773742662.287196,0.07541392719651954,0.14650270027135182,0.1145419402532557
1773742662.2980509,0.07541392719651954,0.14650270027135182,0.1145419402532557
1773742662.3081028,0.0754306420781586,0.1465356782819315,0.11490765442607981
1773742662.3176692,0.0754306420781586,0.1465356782819315,0.11490765442607981
1773742662.3274612,0.0754306420781586,0.1465356782819315,0.11490765442607981
1773742662.3379955,0.0754306420781586,0.1465356782819315,0.11490765442607981
1773742662.347761,0.07544724892891709,0.1465684372980043,0.11527369991782374
1773742662.358293,0.07544724892891709,0.1465684372980043,0.11527369991782374
1773742662.367874,0.07544724892891709,0.1465684372980043,0.11527369991782374
1773742662.3778079,0.07544724892891709,0.1465684372980043,0.11527369991782374
1773742662.3875206,0.07546385878766244,0.14659951318203568,0.11564002370653872
1773742662.3976183,0.07546385878766244,0.14659951318203568,0.11564002370653872
1773742662.4084477,0.07546385878766244,0.14659951318203568,0.11564002370653872
1773742662.4186094,0.07546385878766244,0.14659951318203568,0.11564002370653872
1773742662.427791,0.07548035978454033,0.14663036875209462,0.11600667187633126
1773742662.4378994,0.07548035978454033,0.14663036875209462,0.11600667187633126
1773742662.4475548,0.07548035978454033,0.14663036875209462,0.11600667187633126
1773742662.457197,0.07548035978454033,0.14663036875209462,0.11600667187633126
1773742662.4687984,0.07549664070034474,0.14666246654332368,0.1163736951574943
1773742662.477849,0.07549664070034474,0.14666246654332368,0.1163736951574943
1773742662.487066,0.07549664070034474,0.14666246654332368,0.1163736951574943
1773742662.4975138,0.07549664070034474,0.14666246654332368,0.1163736951574943
1773742662.507413,0.0755128120562047,0.14669434238504273,0.11674103940389269
1773742662.517448,0.0755128120562047,0.14669434238504273,0.11674103940389269
1773742662.5290277,0.0755128120562047,0.14669434238504273,0.11674103940389269
1773742662.537086,0.0755128120562047,0.14669434238504273,0.11674103940389269
1773742662.5469809,0.0755288734968347,0.14672599559184482,0.11710870202077703
1773742662.5567224,0.0755288734968347,0.14672599559184482,0.11710870202077703
1773742662.5668464,0.0755288734968347,0.14672599559184482,0.11710870202077703
1773742662.5768845,0.0755288734968347,0.14672599559184482,0.11710870202077703
1773742662.5865085,0.07554482467714983,0.14675742549852952,0.11747668041227935
1773742662.5965154,0.07554482467714983,0.14675742549852952,0.11747668041227935
1773742662.6067057,0.07554482467714983,0.14675742549852952,0.11747668041227935
1773742662.616665,0.07554482467714983,0.14675742549852952,0.11747668041227935
1773742662.626992,0.07556077709889532,0.1467871752251756,0.11784492884986833
1773742662.6364446,0.07556077709889532,0.1467871752251756,0.11784492884986833
1773742662.648926,0.07556077709889532,0.1467871752251756,0.11784492884986833
1773742662.657624,0.07556077709889532,0.1467871752251756,0.11784492884986833
1773742662.6665263,0.07557650699520858,0.14681815674146748,0.11821353071031246
1773742662.6768005,0.07557650699520858,0.14681815674146748,0.11821353071031246
1773742662.6866057,0.07557650699520858,0.14681815674146748,0.11821353071031246
1773742662.6965373,0.07557650699520858,0.14681815674146748,0.11821353071031246
1773742662.706498,0.07559212565405542,0.14684891308157,0.1185824405563643
1773742662.7165613,0.07559212565405542,0.14684891308157,0.1185824405563643
1773742662.7268546,0.07559212565405542,0.14684891308157,0.1185824405563643
1773742662.7367365,0.07559212565405542,0.14684891308157,0.1185824405563643
1773742662.7468228,0.07560763277088636,0.14687944366170425,0.11895165578962114
1773742662.7567313,0.07560763277088636,0.14687944366170425,0.11895165578962114
1773742662.7673705,0.07560763277088636,0.14687944366170425,0.11895165578962114
1773742662.7770517,0.07560763277088636,0.14687944366170425,0.11895165578962114
1773742662.7869856,0.07562313999502185,0.14690829678373432,0.11932113581609965
1773742662.798037,0.07562313999502185,0.14690829678373432,0.11932113581609965
1773742662.8070877,0.07562313999502185,0.14690829678373432,0.11932113581609965
1773742662.8179345,0.07562313999502185,0.14690829678373432,0.11932113581609965
1773742662.8281941,0.07563853497914642,0.14693692328543712,0.11969091441149099
1773742662.8376303,0.07563853497914642,0.14693692328543712,0.11969091441149099
1773742662.8493054,0.07563853497914642,0.14693692328543712,0.11969091441149099
1773742662.8576367,0.07563853497914642,0.14693692328543712,0.11969091441149099
1773742662.8684542,0.07565370617727048,0.1469667735021857,0.12006102968649526
1773742662.8772736,0.07565370617727048,0.1469667735021857,0.12006102968649526
1773742662.8877528,0.07565370617727048,0.1469667735021857,0.12006102968649526
1773742662.8984993,0.07565370617727048,0.1469667735021857,0.12006102968649526
1773742662.9070592,0.07566876471003174,0.14699639581965165,0.1204314399639578
1773742662.9177196,0.07566876471003174,0.14699639581965165,0.1204314399639578
1773742662.9275422,0.07566876471003174,0.14699639581965165,0.1204314399639578
1773742662.9369953,0.07566876471003174,0.14699639581965165,0.1204314399639578
1773742662.9483743,0.07568371032296045,0.14702578975478342,0.1208021426478431
1773742662.9572508,0.07568371032296045,0.14702578975478342,0.1208021426478431
1773742662.9680345,0.07568371032296045,0.14702578975478342,0.1208021426478431
1773742662.9781997,0.07568371032296045,0.14702578975478342,0.1208021426478431
1773742662.9872413,0.07569865467609994,0.14705351045769333,0.12117310386406935
1773742662.9973035,0.07569865467609994,0.14705351045769333,0.12117310386406935
1773742663.006832,0.07569865467609994,0.14705351045769333,0.12117310386406935
1773742663.0190392,0.07569865467609994,0.14705351045769333,0.12117310386406935
1773742663.027794,0.07571348547778356,0.1470810021405785,0.12154435074554604
1773742663.0372124,0.07571348547778356,0.1470810021405785,0.12154435074554604
1773742663.04878,0.07571348547778356,0.1470810021405785,0.12154435074554604
1773742663.0575964,0.07571348547778356,0.1470810021405785,0.12154435074554604
1773742663.0673435,0.07572809130819255,0.14710970841294602,0.1219159146010078
1773742663.0777142,0.07572809130819255,0.14710970841294602,0.1219159146010078
1773742663.0868697,0.07572809130819255,0.14710970841294602,0.1219159146010078
1773742663.0985343,0.07572809130819255,0.14710970841294602,0.1219159146010078
1773742663.1081028,0.07574258329467533,0.14713818456357158,0.12228776049793119
1773742663.1189232,0.07574258329467533,0.14713818456357158,0.12228776049793119
1773742663.127471,0.07574258329467533,0.14713818456357158,0.12228776049793119
1773742663.1375453,0.07574258329467533,0.14713818456357158,0.12228776049793119
1773742663.149019,0.07575696123220425,0.14716643020837875,0.12265988584813878
1773742663.1572003,0.07575696123220425,0.14716643020837875,0.12265988584813878
1773742663.1678348,0.07575696123220425,0.14716643020837875,0.12265988584813878
1773742663.1787353,0.07575696123220425,0.14716643020837875,0.12265988584813878
1773742663.1874762,0.07577133660258335,0.14719300775500782,0.12303226382653312
1773742663.199037,0.07577133660258335,0.14719300775500782,0.12303226382653312
1773742663.2083225,0.07577133660258335,0.14719300775500782,0.12303226382653312
1773742663.2191067,0.07577133660258335,0.14719300775500782,0.12303226382653312
1773742663.2275882,0.07578559735853245,0.1472193543758354,0.12340491460445666
1773742663.237343,0.07578559735853245,0.1472193543758354,0.12340491460445666
1773742663.247486,0.07578559735853245,0.1472193543758354,0.12340491460445666
1773742663.256936,0.07578559735853245,0.1472193543758354,0.12340491460445666
1773742663.267586,0.07579963239216914,0.1472469065478786,0.12377786236990464
1773742663.2777534,0.07579963239216914,0.1472469065478786,0.12377786236990464
1773742663.287279,0.07579963239216914,0.1472469065478786,0.12377786236990464
1773742663.2989182,0.07579963239216914,0.1472469065478786,0.12377786236990464
1773742663.307281,0.07581355264947112,0.14727422686876718,0.12415107926584529
1773742663.3176873,0.07581355264947112,0.14727422686876718,0.12415107926584529
1773742663.327651,0.07581355264947112,0.14727422686876718,0.12415107926584529
1773742663.3377213,0.07581355264947112,0.14727422686876718,0.12415107926584529
1773742663.3472934,0.0758273579742238,0.14730131505234006,0.12452456271751222
1773742663.3571873,0.0758273579742238,0.14730131505234006,0.12452456271751222
1773742663.3687906,0.0758273579742238,0.14730131505234006,0.12452456271751222
1773742663.3778179,0.0758273579742238,0.14730131505234006,0.12452456271751222
1773742663.3875155,0.07584115948659037,0.14732674116075292,0.12489829326329088
1773742663.398235,0.07584115948659037,0.14732674116075292,0.12489829326329088
1773742663.406968,0.07584115948659037,0.14732674116075292,0.12489829326329088
1773742663.417173,0.07584115948659037,0.14732674116075292,0.12489829326329088
1773742663.4276671,0.07585484556675716,0.14735193492402845,0.12527228380732253
1773742663.4371355,0.07585484556675716,0.14735193492402845,0.12527228380732253
1773742663.448383,0.07585484556675716,0.14735193492402845,0.12527228380732253
1773742663.457246,0.07585484556675716,0.14735193492402845,0.12527228380732253
1773742663.467331,0.07586830559878881,0.14737832529221062,0.12564655111402284
1773742663.4776127,0.07586830559878881,0.14737832529221062,0.12564655111402284
1773742663.4868433,0.07586830559878881,0.14737832529221062,0.12564655111402284
1773742663.4972858,0.07586830559878881,0.14737832529221062,0.12564655111402284
1773742663.5073164,0.07588165016479839,0.1474044825659443,0.1260210747171317
1773742663.5166771,0.07588165016479839,0.1474044825659443,0.1260210747171317
1773742663.5268931,0.07588165016479839,0.1474044825659443,0.1260210747171317
1773742663.53718,0.07588165016479839,0.1474044825659443,0.1260210747171317
1773742663.547111,0.07589487915670937,0.1474304065553443,0.12639585206083775
1773742663.5568743,0.07589487915670937,0.1474304065553443,0.12639585206083775
1773742663.566838,0.07589487915670937,0.1474304065553443,0.12639585206083775
1773742663.5773647,0.07589487915670937,0.1474304065553443,0.12639585206083775
1773742663.5867584,0.07590810315510674,0.14745467535990717,0.12677087134127168
1773742663.5968373,0.07590810315510674,0.14745467535990717,0.12677087134127168
1773742663.607054,0.07590810315510674,0.14745467535990717,0.12677087134127168
1773742663.6169457,0.07590810315510674,0.14745467535990717,0.12677087134127168
1773742663.6272552,0.07592121114499437,0.14747871087860961,0.12714613790932391
1773742663.6365514,0.07592121114499437,0.14747871087860961,0.12714613790932391
1773742663.6467578,0.07592121114499437,0.14747871087860961,0.12714613790932391
1773742663.657204,0.07592121114499437,0.14747871087860961,0.12714613790932391
1773742663.6676173,0.07593409317681306,0.14750393415365998,0.12752166082348146
1773742663.676629,0.07593409317681306,0.14750393415365998,0.12752166082348146
1773742663.6872253,0.07593409317681306,0.14750393415365998,0.12752166082348146
1773742663.6976926,0.07593409317681306,0.14750393415365998,0.12752166082348146
1773742663.706906,0.07594685929187142,0.14752892356887473,0.12789742730350512
1773742663.7171893,0.07594685929187142,0.14752892356887473,0.12789742730350512
1773742663.7268927,0.07594685929187142,0.14752892356887473,0.12789742730350512
1773742663.7364259,0.07594685929187142,0.14752892356887473,0.12789742730350512
1773742663.747175,0.07595950942929834,0.14755367902872965,0.12827343481724324
1773742663.7570853,0.07595950942929834,0.14755367902872965,0.12827343481724324
1773742663.7670894,0.07595950942929834,0.14755367902872965,0.12827343481724324
1773742663.7770503,0.07595950942929834,0.14755367902872965,0.12827343481724324
1773742663.7866101,0.07597204353758748,0.1475782004562916,0.12864968083782724
1773742663.7970068,0.07597204353758748,0.1475782004562916,0.12864968083782724
1773742663.8072977,0.07597204353758748,0.1475782004562916,0.12864968083782724
1773742663.8172348,0.07597204353758748,0.1475782004562916,0.12864968083782724
1773742663.8273058,0.07598457132234901,0.1476010760822088,0.12902616310427434
1773742663.8365896,0.07598457132234901,0.1476010760822088,0.12902616310427434
1773742663.8469772,0.07598457132234901,0.1476010760822088,0.12902616310427434
1773742663.8572311,0.07598457132234901,0.1476010760822088,0.12902616310427434
1773742663.8670578,0.07599687339735707,0.14762512931601118,0.12940287842023238
1773742663.8772418,0.07599687339735707,0.14762512931601118,0.12940287842023238
1773742663.887089,0.07599687339735707,0.14762512931601118,0.12940287842023238
1773742663.8970616,0.07599687339735707,0.14762512931601118,0.12940287842023238
1773742663.9068613,0.07600905934182699,0.14764894839554887,0.12977982469847194
1773742663.9170294,0.07600905934182699,0.14764894839554887,0.12977982469847194
1773742663.9271142,0.07600905934182699,0.14764894839554887,0.12977982469847194
1773742663.936761,0.07600905934182699,0.14764894839554887,0.12977982469847194
1773742663.9467266,0.07602112914120611,0.14767253331760913,0.13015699943566553
1773742663.9566464,0.07602112914120611,0.14767253331760913,0.13015699943566553
1773742663.9671438,0.07602112914120611,0.14767253331760913,0.13015699943566553
1773742663.9770172,0.07602112914120611,0.14767253331760913,0.13015699943566553
1773742663.9866621,0.0760330827900419,0.14769588409740558,0.13053440013485829
1773742663.9967008,0.0760330827900419,0.14769588409740558,0.13053440013485829
1773742664.007212,0.0760330827900419,0.14769588409740558,0.13053440013485829
1773742664.0171032,0.0760330827900419,0.14769588409740558,0.13053440013485829
1773742664.0269299,0.07604502908158159,0.1477175977958793,0.13091203274672497
1773742664.0368922,0.07604502908158159,0.1477175977958793,0.13091203274672497
1773742664.0476568,0.07604502908158159,0.1477175977958793,0.13091203274672497
1773742664.0570111,0.07604502908158159,0.1477175977958793,0.13091203274672497
1773742664.0669043,0.07605675057716257,0.14774048042070226,0.13128987776108342
1773742664.0771914,0.07605675057716257,0.14774048042070226,0.13128987776108342
1773742664.0872364,0.07605675057716257,0.14774048042070226,0.13128987776108342
1773742664.0972784,0.07605675057716257,0.14774048042070226,0.13128987776108342
1773742664.1066647,0.0760683559578837,0.1477631290545894,0.131667941287837
1773742664.1170175,0.0760683559578837,0.1477631290545894,0.131667941287837
1773742664.1267984,0.0760683559578837,0.1477631290545894,0.131667941287837
1773742664.1367555,0.0760683559578837,0.1477631290545894,0.131667941287837
1773742664.1471906,0.07607984525437707,0.14778554378478329,0.13204622085733986
1773742664.1570208,0.07607984525437707,0.14778554378478329,0.13204622085733986
1773742664.1672065,0.07607984525437707,0.14778554378478329,0.13204622085733986
1773742664.1769152,0.07607984525437707,0.14778554378478329,0.13204622085733986
1773742664.186916,0.07609121850621059,0.14780772471598883,0.1324247140071279
1773742664.1973944,0.07609121850621059,0.14780772471598883,0.1324247140071279
1773742664.2068675,0.07609121850621059,0.14780772471598883,0.1324247140071279
1773742664.2167919,0.07609121850621059,0.14780772471598883,0.1324247140071279
1773742664.2268481,0.07610258343478968,0.14782827806846915,0.1328034350961695
1773742664.2372754,0.07610258343478968,0.14782827806846915,0.1328034350961695
1773742664.2471988,0.07610258343478968,0.14782827806846915,0.1328034350961695
1773742664.2570522,0.07610258343478968,0.14782827806846915,0.1328034350961695
1773742664.2667823,0.07611372486453633,0.1478499917829161,0.13318234792026298
1773742664.2771392,0.07611372486453633,0.1478499917829161,0.13318234792026298
1773742664.286697,0.07611372486453633,0.1478499917829161,0.13318234792026298
1773742664.2969668,0.07611372486453633,0.1478499917829161,0.13318234792026298
1773742664.3069334,0.07612475041880606,0.1478714721160848,0.13356146698432864
1773742664.3168616,0.07612475041880606,0.1478714721160848,0.13356146698432864
1773742664.3274562,0.07612475041880606,0.1478714721160848,0.13356146698432864
1773742664.3368554,0.07612475041880606,0.1478714721160848,0.13356146698432864
1773742664.3470063,0.07613566017224042,0.14789271924262878,0.133940789856908
1773742664.357083,0.07613566017224042,0.14789271924262878,0.133940789856908
1773742664.36668,0.07613566017224042,0.14789271924262878,0.133940789856908
1773742664.3767607,0.07613566017224042,0.14789271924262878,0.133940789856908
1773742664.3873727,0.07614656087845846,0.14791234693334962,0.1343203377383818
1773742664.397264,0.07614656087845846,0.14791234693334962,0.1343203377383818
1773742664.4070828,0.07614656087845846,0.14791234693334962,0.1343203377383818
1773742664.4173884,0.07614656087845846,0.14791234693334962,0.1343203377383818
1773742664.4277139,0.0761573456016358,0.1479317421723547,0.13470008345742437
1773742664.437237,0.0761573456016358,0.1479317421723547,0.13470008345742437
1773742664.4467506,0.0761573456016358,0.1479317421723547,0.13470008345742437
1773742664.4571726,0.0761573456016358,0.1479317421723547,0.13470008345742437
1773742664.4671805,0.07616790868591891,0.14795229086334336,0.13508000301560885
1773742664.4774048,0.07616790868591891,0.14795229086334336,0.13508000301560885
1773742664.4871578,0.07616790868591891,0.14795229086334336,0.13508000301560885
1773742664.4970803,0.07616790868591891,0.14795229086334336,0.13508000301560885
1773742664.5069175,0.07617835634916477,0.14797260721314048,0.13546011674230193
1773742664.5168655,0.07617835634916477,0.14797260721314048,0.13546011674230193
1773742664.5268981,0.07617835634916477,0.14797260721314048,0.13546011674230193
1773742664.536627,0.07617835634916477,0.14797260721314048,0.13546011674230193
1773742664.5470903,0.07618868870867443,0.14799269148127564,0.13584042224884896
1773742664.556804,0.07618868870867443,0.14799269148127564,0.13584042224884896
1773742664.5669937,0.07618868870867443,0.14799269148127564,0.13584042224884896
1773742664.5771952,0.07618868870867443,0.14799269148127564,0.13584042224884896
1773742664.5867026,0.07619890589008411,0.14801254394396846,0.13622091715565068
1773742664.5969331,0.07619890589008411,0.14801254394396846,0.13622091715565068
1773742664.607043,0.07619890589008411,0.14801254394396846,0.13622091715565068
1773742664.6172817,0.07619890589008411,0.14801254394396846,0.13622091715565068
1773742664.6270926,0.07620911301945313,0.148030790046551,0.13660163306649314
1773742664.6368194,0.07620911301945313,0.148030790046551,0.13660163306649314
1773742664.6474836,0.07620911301945313,0.148030790046551,0.13660163306649314
1773742664.6568246,0.07620911301945313,0.148030790046551,0.13660163306649314
1773742664.6668856,0.07621910033919202,0.14805017975852508,0.13698249956826514
1773742664.6769812,0.07621910033919202,0.14805017975852508,0.13698249956826514
1773742664.6869745,0.07621910033919202,0.14805017975852508,0.13698249956826514
1773742664.6976602,0.07621910033919202,0.14805017975852508,0.13698249956826514
1773742664.7070155,0.07622897290484242,0.14806933858983778,0.13736354838823261
1773742664.7166774,0.07622897290484242,0.14806933858983778,0.13736354838823261
1773742664.7268972,0.07622897290484242,0.14806933858983778,0.13736354838823261
1773742664.737238,0.07622897290484242,0.14806933858983778,0.13736354838823261
1773742664.747028,0.07623873087476753,0.14808826688181673,0.13774477718464828
1773742664.7568111,0.07623873087476753,0.14808826688181673,0.13774477718464828
1773742664.7671523,0.07623873087476753,0.14808826688181673,0.13774477718464828
1773742664.7770667,0.07623873087476753,0.14808826688181673,0.13774477718464828
1773742664.7867687,0.07624837441535923,0.1481069649917117,0.13812618362582285
1773742664.7971818,0.07624837441535923,0.1481069649917117,0.13812618362582285
1773742664.807603,0.07624837441535923,0.1481069649917117,0.13812618362582285
1773742664.8174644,0.07624837441535923,0.1481069649917117,0.13812618362582285
1773742664.8272405,0.07625800714198949,0.14812406840048395,0.1385078080698729
1773742664.83713,0.07625800714198949,0.14812406840048395,0.1385078080698729
1773742664.8472598,0.07625800714198949,0.14812406840048395,0.1385078080698729
1773742664.8568065,0.07625800714198949,0.14812406840048395,0.1385078080698729
1773742664.867768,0.07626742242548258,0.14814230723191685,0.13888956275213668
1773742664.8781977,0.07626742242548258,0.14814230723191685,0.13888956275213668
1773742664.8886647,0.07626742242548258,0.14814230723191685,0.13888956275213668
1773742664.8977997,0.07626742242548258,0.14814230723191685,0.13888956275213668
1773742664.9075918,0.07627672382397561,0.14816031704507782,0.13927148814500592
1773742664.919163,0.07627672382397561,0.14816031704507782,0.13927148814500592
1773742664.928031,0.07627672382397561,0.14816031704507782,0.13927148814500592
1773742664.936976,0.07627672382397561,0.14816031704507782,0.13927148814500592
1773742664.9473667,0.07628591153524825,0.14817809825957406,0.13965358195788946
1773742664.9576094,0.07628591153524825,0.14817809825957406,0.13965358195788946
1773742664.967915,0.07628591153524825,0.14817809825957406,0.13965358195788946
1773742664.9781408,0.07628591153524825,0.14817809825957406,0.13965358195788946
1773742664.9881768,0.07629508787111745,0.14819429456856537,0.1400358915737056
1773742664.9977844,0.07629508787111745,0.14819429456856537,0.1400358915737056
1773742665.0072353,0.07629508787111745,0.14819429456856537,0.1400358915737056
1773742665.0169296,0.07629508787111745,0.14819429456856537,0.1400358915737056
1773742665.0271301,0.0763041505112352,0.1482102635176791,0.14041836404476288
1773742665.0374272,0.0763041505112352,0.1482102635176791,0.14041836404476288
1773742665.0471928,0.0763041505112352,0.1482102635176791,0.14041836404476288
1773742665.057158,0.0763041505112352,0.1482102635176791,0.14041836404476288
1773742665.0672605,0.07631299853931055,0.1482273614808255,0.1408009493098456
1773742665.0776045,0.07631299853931055,0.1482273614808255,0.1408009493098456
1773742665.0876625,0.07631299853931055,0.1482273614808255,0.1408009493098456
1773742665.0983856,0.07631299853931055,0.1482273614808255,0.1408009493098456
1773742665.1084359,0.07632173374288598,0.14824423267032988,0.14118369394055091
1773742665.119447,0.07632173374288598,0.14824423267032988,0.14118369394055091
1773742665.1286852,0.07632173374288598,0.14824423267032988,0.14118369394055091
1773742665.1383767,0.07632173374288598,0.14824423267032988,0.14118369394055091
1773742665.147177,0.07633035635729274,0.14826087758031317,0.14156659570072586
1773742665.1576393,0.07633035635729274,0.14826087758031317,0.14156659570072586
1773742665.1682649,0.07633035635729274,0.14826087758031317,0.14156659570072586
1773742665.1775868,0.07633035635729274,0.14826087758031317,0.14156659570072586
1773742665.1878426,0.07633896695318915,0.14827595038105087,0.14194971074146495
1773742665.198909,0.07633896695318915,0.14827595038105087,0.14194971074146495
1773742665.2078412,0.07633896695318915,0.14827595038105087,0.14194971074146495
1773742665.2183607,0.07633896695318915,0.14827595038105087,0.14194971074146495
1773742665.2282014,0.07634746500523665,0.14829079828465197,0.14233297748715187
1773742665.2376251,0.07634746500523665,0.14829079828465197,0.14233297748715187
1773742665.2485228,0.07634746500523665,0.14829079828465197,0.14233297748715187
1773742665.258768,0.07634746500523665,0.14829079828465197,0.14233297748715187
1773742665.2676878,0.07635575142562871,0.14830676731257517,0.14271633717927218
1773742665.2773528,0.07635575142562871,0.14830676731257517,0.14271633717927218
1773742665.288309,0.07635575142562871,0.14830676731257517,0.14271633717927218
1773742665.2979128,0.07635575142562871,0.14830676731257517,0.14271633717927218
1773742665.3079975,0.07636392626617962,0.1483225121767195,0.14309984517190288
1773742665.3186297,0.07636392626617962,0.1483225121767195,0.14309984517190288
1773742665.3276932,0.07636392626617962,0.1483225121767195,0.14309984517190288
1773742665.3379023,0.07636392626617962,0.1483225121767195,0.14309984517190288
1773742665.3476384,0.07637198979783068,0.14833803344182506,0.14348349928713727
1773742665.3577335,0.07637198979783068,0.14833803344182506,0.14348349928713727
1773742665.3675754,0.07637198979783068,0.14833803344182506,0.14348349928713727
1773742665.377538,0.07637198979783068,0.14833803344182506,0.14348349928713727
1773742665.3880036,0.0763800407329973,0.14835199597984539,0.1438673643890534
1773742665.3975472,0.0763800407329973,0.14835199597984539,0.1438673643890534
1773742665.4067352,0.0763800407329973,0.14835199597984539,0.1438673643890534
1773742665.417503,0.0763800407329973,0.14835199597984539,0.1438673643890534
1773742665.4267473,0.07638798045606088,0.14836573643557938,0.14425137033024368
1773742665.4373162,0.07638798045606088,0.14836573643557938,0.14425137033024368
1773742665.4484608,0.07638798045606088,0.14836573643557938,0.14425137033024368
1773742665.4568772,0.07638798045606088,0.14836573643557938,0.14425137033024368
1773742665.4687405,0.07639571181825174,0.1483805902484,0.14463544972496867
1773742665.4779081,0.07639571181825174,0.1483805902484,0.14463544972496867
1773742665.4883275,0.07639571181825174,0.1483805902484,0.14463544972496867
1773742665.4980524,0.07639571181825174,0.1483805902484,0.14463544972496867
1773742665.5080686,0.07640333301934271,0.1483952228521066,0.14501966665182559
1773742665.5177755,0.07640333301934271,0.1483952228521066,0.14501966665182559
1773742665.526992,0.07640333301934271,0.1483952228521066,0.14501966665182559
1773742665.5390081,0.07640333301934271,0.1483952228521066,0.14501966665182559
1773742665.5473008,0.07641084436380552,0.14840963487783848,0.14540401899415373
1773742665.5570273,0.07641084436380552,0.14840963487783848,0.14540401899415373
1773742665.5672238,0.07641084436380552,0.14840963487783848,0.14540401899415373
1773742665.577071,0.07641084436380552,0.14840963487783848,0.14540401899415373
1773742665.5870545,0.07641824616254504,0.14842382696944073,0.14578850464792192
1773742665.5973213,0.07641824616254504,0.14842382696944073,0.14578850464792192
1773742665.607021,0.07641824616254504,0.14842382696944073,0.14578850464792192
1773742665.6175041,0.07641824616254504,0.14842382696944073,0.14578850464792192
1773742665.6270702,0.07642563475560757,0.14843647711644092,0.14617319879710156
1773742665.6374097,0.07642563475560757,0.14843647711644092,0.14617319879710156
1773742665.6467495,0.07642563475560757,0.14843647711644092,0.14617319879710156
1773742665.6572733,0.07642563475560757,0.14843647711644092,0.14617319879710156
1773742665.668775,0.07643281843941586,0.14845023121802323,0.14655794474812592
1773742665.6773071,0.07643281843941586,0.14845023121802323,0.14655794474812592
1773742665.6874235,0.07643281843941586,0.14845023121802323,0.14655794474812592
1773742665.697821,0.07643281843941586,0.14845023121802323,0.14655794474812592
1773742665.7072122,0.07643989354613184,0.14846376739004755,0.1469428177749201
1773742665.7170603,0.07643989354613184,0.14846376739004755,0.1469428177749201
1773742665.727084,0.07643989354613184,0.14846376739004755,0.1469428177749201
1773742665.7371285,0.07643989354613184,0.14846376739004755,0.1469428177749201
1773742665.74739,0.07644686041152585,0.14847708632558215,0.14732781582493032
1773742665.756745,0.07644686041152585,0.14847708632558215,0.14732781582493032
1773742665.7674038,0.07644686041152585,0.14847708632558215,0.14732781582493032
1773742665.7771196,0.07644686041152585,0.14847708632558215,0.14732781582493032
1773742665.7875981,0.07645381371498292,0.1484888749140088,0.1477130208441963
1773742665.7985878,0.07645381371498292,0.1484888749140088,0.1477130208441963
1773742665.8074822,0.07645381371498292,0.1484888749140088,0.1477130208441963
1773742665.8173366,0.07645381371498292,0.1484888749140088,0.1477130208441963
1773742665.8267972,0.0764606589690578,0.148500448023402,0.1480983458875357
1773742665.8378356,0.0764606589690578,0.148500448023402,0.1480983458875357
1773742665.8477283,0.0764606589690578,0.148500448023402,0.1480983458875357
1773742665.8579102,0.0764606589690578,0.148500448023402,0.1480983458875357
1773742665.8684611,0.07646730319898858,0.14851311929611954,0.14848370670070793
1773742665.8773322,0.07646730319898858,0.14851311929611954,0.14848370670070793
1773742665.8878443,0.07646730319898858,0.14851311929611954,0.14848370670070793
1773742665.8983073,0.07646730319898858,0.14851311929611954,0.14848370670070793
1773742665.9078565,0.07647384058613084,0.14852557621800477,0.14886918445806596
1773742665.9179826,0.07647384058613084,0.14852557621800477,0.14886918445806596
1773742665.9275136,0.07647384058613084,0.14852557621800477,0.14886918445806596
1773742665.9379687,0.07647384058613084,0.14852557621800477,0.14886918445806596
1773742665.9468725,0.07648027149530218,0.14853781953929235,0.1492547771736001
1773742665.9571142,0.07648027149530218,0.14853781953929235,0.1492547771736001
1773742665.9672887,0.07648027149530218,0.14853781953929235,0.1492547771736001
1773742665.976645,0.07648027149530218,0.14853781953929235,0.1492547771736001
1773742665.9881263,0.07648668845027039,0.14854854742976953,0.14964057507239328
1773742665.9965327,0.07648668845027039,0.14854854742976953,0.14964057507239328
1773742666.0064664,0.07648668845027039,0.14854854742976953,0.14964057507239328
1773742666.0168095,0.07648668845027039,0.14854854742976953,0.14964057507239328
1773742666.0265214,0.07649299916274005,0.14855906358325718,0.15002648307187372
1773742666.0364554,0.07649299916274005,0.14855906358325718,0.15002648307187372
1773742666.046857,0.07649299916274005,0.14855906358325718,0.15002648307187372
1773742666.0564275,0.07649299916274005,0.14855906358325718,0.15002648307187372
1773742666.0665212,0.07649911287322693,0.14857067046144662,0.15041240876491677
1773742666.0765557,0.07649911287322693,0.14857067046144662,0.15041240876491677
1773742666.0865164,0.07649911287322693,0.14857067046144662,0.15041240876491677
1773742666.0965545,0.07649911287322693,0.14857067046144662,0.15041240876491677
1773742666.106507,0.0765051216158864,0.14858206684478475,0.15079844160717076
1773742666.11684,0.0765051216158864,0.14858206684478475,0.15079844160717076
1773742666.1266043,0.0765051216158864,0.14858206684478475,0.15079844160717076
1773742666.1365306,0.0765051216158864,0.14858206684478475,0.15079844160717076
1773742666.1472032,0.07651102578222485,0.1485932535362213,0.15118457968128324
1773742666.1565416,0.07651102578222485,0.1485932535362213,0.15118457968128324
1773742666.1670794,0.07651102578222485,0.1485932535362213,0.15118457968128324
1773742666.17664,0.07651102578222485,0.1485932535362213,0.15118457968128324
1773742666.1865375,0.07651682576872401,0.14860423134854125,0.1515708210837293
1773742666.1969604,0.07651682576872401,0.14860423134854125,0.1515708210837293
1773742666.206617,0.07651682576872401,0.14860423134854125,0.1515708210837293
1773742666.2173173,0.07651682576872401,0.14860423134854125,0.1515708210837293
1773742666.226863,0.07652261140707389,0.14861371220485486,0.1519572656688435
1773742666.2364554,0.07652261140707389,0.14861371220485486,0.1519572656688435
1773742666.2469275,0.07652261140707389,0.14861371220485486,0.1519572656688435
1773742666.256428,0.07652261140707389,0.14861371220485486,0.1519572656688435
1773742666.2669213,0.07652820422757278,0.14862427459899213,0.1523437080179496
1773742666.276467,0.07652820422757278,0.14862427459899213,0.1523437080179496
1773742666.2864597,0.07652820422757278,0.14862427459899213,0.1523437080179496
1773742666.2972806,0.07652820422757278,0.14862427459899213,0.1523437080179496
1773742666.3064988,0.07653369408546792,0.14863463060897644,0.15273024806840563
1773742666.316691,0.07653369408546792,0.14863463060897644,0.15273024806840563
1773742666.3266592,0.07653369408546792,0.14863463060897644,0.15273024806840563
1773742666.3373787,0.07653369408546792,0.14863463060897644,0.15273024806840563
1773742666.347906,0.07653908139650217,0.14864478108538526,0.1531168839731964
1773742666.357056,0.07653908139650217,0.14864478108538526,0.1531168839731964
1773742666.3673697,0.07653908139650217,0.14864478108538526,0.1531168839731964
1773742666.3772774,0.07653908139650217,0.14864478108538526,0.1531168839731964
1773742666.3870113,0.07654436658090295,0.14865472688782083,0.15350361389949752
1773742666.3974874,0.07654436658090295,0.14865472688782083,0.15350361389949752
1773742666.4074378,0.07654436658090295,0.14865472688782083,0.15350361389949752
1773742666.4171917,0.07654436658090295,0.14865472688782083,0.15350361389949752
1773742666.4272873,0.07654963715052693,0.14866319156706592,0.15389054542637715
1773742666.4386008,0.07654963715052693,0.14866319156706592,0.15389054542637715
1773742666.4477453,0.07654963715052693,0.14866319156706592,0.15389054542637715
1773742666.457818,0.07654963715052693,0.14866319156706592,0.15389054542637715
1773742666.468894,0.0765547193344706,0.14867273048800728,0.15427745789945105
1773742666.477311,0.0765547193344706,0.14867273048800728,0.15427745789945105
1773742666.4876578,0.0765547193344706,0.14867273048800728,0.15427745789945105
1773742666.4982743,0.0765547193344706,0.14867273048800728,0.15427745789945105
1773742666.508067,0.0765597006774456,0.1486820673643598,0.1546644589805577
1773742666.519598,0.0765597006774456,0.1486820673643598,0.1546644589805577
1773742666.527657,0.0765597006774456,0.1486820673643598,0.1546644589805577
1773742666.5395055,0.0765597006774456,0.1486820673643598,0.1546644589805577
1773742666.5479057,0.0765645816169603,0.14869120308943407,0.1550515468942827
1773742666.557601,0.0765645816169603,0.14869120308943407,0.1550515468942827
1773742666.5697732,0.0765645816169603,0.14869120308943407,0.1550515468942827
1773742666.576974,0.0765645816169603,0.14869120308943407,0.1550515468942827
1773742666.587051,0.07656936259453952,0.14870013856463224,0.15543871987964009
1773742666.5978124,0.07656936259453952,0.14870013856463224,0.15543871987964009
1773742666.6082478,0.07656936259453952,0.14870013856463224,0.15543871987964009
1773742666.6176395,0.07656936259453952,0.14870013856463224,0.15543871987964009
1773742666.6272209,0.07657412874353196,0.14870760910444938,0.15582609292902794
1773742666.6368034,0.07657412874353196,0.14870760910444938,0.15582609292902794
1773742666.6474478,0.07657412874353196,0.14870760910444938,0.15582609292902794
1773742666.6574905,0.07657412874353196,0.14870760910444938,0.15582609292902794
1773742666.669426,0.07657871110250622,0.1487161466591256,0.15621343077801472
1773742666.677864,0.07657871110250622,0.1487161466591256,0.15621343077801472
1773742666.6877398,0.07657871110250622,0.1487161466591256,0.15621343077801472
1773742666.6976254,0.07657871110250622,0.1487161466591256,0.15621343077801472
1773742666.7066774,0.07658319484626577,0.14872448671288835,0.15660084850197262
1773742666.716758,0.07658319484626577,0.14872448671288835,0.15660084850197262
1773742666.7278564,0.07658319484626577,0.14872448671288835,0.15660084850197262
1773742666.7364547,0.07658319484626577,0.14872448671288835,0.15660084850197262
1773742666.747035,0.07658758043163535,0.14873263019711494,0.15698834439815895
1773742666.756987,0.07658758043163535,0.14873263019711494,0.15698834439815895
1773742666.7680829,0.07658758043163535,0.14873263019711494,0.15698834439815895
1773742666.7775936,0.07658758043163535,0.14873263019711494,0.15698834439815895
1773742666.7890952,0.0765919510535208,0.14873932192694414,0.15737603914316642
1773742666.7982042,0.0765919510535208,0.14873932192694414,0.15737603914316642
1773742666.808247,0.0765919510535208,0.14873932192694414,0.15737603914316642
1773742666.8183455,0.0765919510535208,0.14873932192694414,0.15737603914316642
1773742666.8282528,0.07659622389694604,0.1487458192817522,0.15776380775514404
1773742666.8377268,0.07659622389694604,0.1487458192817522,0.15776380775514404
1773742666.8486097,0.07659622389694604,0.1487458192817522,0.15776380775514404
1773742666.8573656,0.07659622389694604,0.1487458192817522,0.15776380775514404
1773742666.8677955,0.07660031769618812,0.14875337838793692,0.15815152798498855
1773742666.87698,0.07660031769618812,0.14875337838793692,0.15815152798498855
1773742666.887283,0.07660031769618812,0.14875337838793692,0.15815152798498855
1773742666.8980973,0.07660031769618812,0.14875337838793692,0.15815152798498855
1773742666.907995,0.07660431519661892,0.14876074471595652,0.15853931972017762
1773742666.919225,0.07660431519661892,0.14876074471595652,0.15853931972017762
1773742666.9274669,0.07660431519661892,0.14876074471595652,0.15853931972017762
1773742666.9367898,0.07660431519661892,0.14876074471595652,0.15853931972017762
1773742666.9485579,0.07660821687196531,0.1487679192301157,0.15892718133127132
1773742666.9581425,0.07660821687196531,0.1487679192301157,0.15892718133127132
1773742666.9690404,0.07660821687196531,0.1487679192301157,0.15892718133127132
1773742666.978064,0.07660821687196531,0.1487679192301157,0.15892718133127132
1773742666.98801,0.0766121034577686,0.14877365872358175,0.15931524026694616
1773742666.9980283,0.0766121034577686,0.14877365872358175,0.15931524026694616
1773742667.0079944,0.0766121034577686,0.14877365872358175,0.15931524026694616
1773742667.01902,0.0766121034577686,0.14877365872358175,0.15931524026694616
1773742667.0284922,0.076615894626992,0.14877920865820696,0.15970336490568707
1773742667.0381284,0.076615894626992,0.14877920865820696,0.15970336490568707
1773742667.0485046,0.076615894626992,0.14877920865820696,0.15970336490568707
1773742667.0581408,0.076615894626992,0.14877920865820696,0.15970336490568707
1773742667.0685928,0.07661951159620954,0.14878581323589085,0.1600914263987141
1773742667.0786057,0.07661951159620954,0.14878581323589085,0.1600914263987141
1773742667.0878577,0.07661951159620954,0.14878581323589085,0.1600914263987141
1773742667.0983865,0.07661951159620954,0.14878581323589085,0.1600914263987141
1773742667.1083574,0.07662303466288088,0.1487922299136984,0.1604795513942879
1773742667.118733,0.07662303466288088,0.1487922299136984,0.1604795513942879
1773742667.1280832,0.07662303466288088,0.1487922299136984,0.1604795513942879
1773742667.1381044,0.07662303466288088,0.1487922299136984,0.1604795513942879
1773742667.1486554,0.07662646431523278,0.14879845968399433,0.16086773833634643
1773742667.1579754,0.07662646431523278,0.14879845968399433,0.16086773833634643
1773742667.1687784,0.07662646431523278,0.14879845968399433,0.16086773833634643
1773742667.1784568,0.07662646431523278,0.14879845968399433,0.16086773833634643
1773742667.1891322,0.07662987879767408,0.14880327142487113,0.16125612105193335
1773742667.1982613,0.07662987879767408,0.14880327142487113,0.16125612105193335
1773742667.20876,0.07662987879767408,0.14880327142487113,0.16125612105193335
1773742667.219298,0.07662987879767408,0.14880327142487113,0.16125612105193335
1773742667.2278075,0.07663320029985385,0.14880789856513588,0.16164456167069643
1773742667.238865,0.07663320029985385,0.14880789856513588,0.16164456167069643
1773742667.2486992,0.07663320029985385,0.14880789856513588,0.16164456167069643
1773742667.2578337,0.07663320029985385,0.14880789856513588,0.16164456167069643
1773742667.2691324,0.07663635254536995,0.14881357326555278,0.1620329251434498
1773742667.278336,0.07663635254536995,0.14881357326555278,0.1620329251434498
1773742667.2875745,0.07663635254536995,0.14881357326555278,0.1620329251434498
1773742667.2979338,0.07663635254536995,0.14881357326555278,0.1620329251434498
1773742667.3076663,0.07663941335243564,0.14881906507588313,0.1624213444831505
1773742667.3177707,0.07663941335243564,0.14881906507588313,0.1624213444831505
1773742667.328081,0.07663941335243564,0.14881906507588313,0.1624213444831505
1773742667.3380916,0.07663941335243564,0.14881906507588313,0.1624213444831505
1773742667.3482442,0.07664238322141263,0.14882437501194898,0.1628098182071666
1773742667.3582957,0.07664238322141263,0.14882437501194898,0.1628098182071666
1773742667.3677611,0.07664238322141263,0.14882437501194898,0.1628098182071666
1773742667.3778164,0.07664238322141263,0.14882437501194898,0.1628098182071666
1773742667.3875575,0.07664533788315168,0.1488282841341275,0.1631984861040183
1773742667.3975234,0.07664533788315168,0.1488282841341275,0.1631984861040183
1773742667.408135,0.07664533788315168,0.1488282841341275,0.1631984861040183
1773742667.417497,0.07664533788315168,0.1488282841341275,0.1631984861040183
1773742667.4274874,0.07664820206349794,0.14883201373249902,0.16358720446808828
1773742667.4375653,0.07664820206349794,0.14883201373249902,0.16358720446808828
1773742667.447872,0.07664820206349794,0.14883201373249902,0.16358720446808828
1773742667.4579031,0.07664820206349794,0.14883201373249902,0.16358720446808828
1773742667.4677968,0.0766509020085875,0.14883678381925824,0.16397583247083297
1773742667.4777558,0.0766509020085875,0.14883678381925824,0.16397583247083297
1773742667.4882557,0.0766509020085875,0.14883678381925824,0.16397583247083297
1773742667.4991918,0.0766509020085875,0.14883678381925824,0.16397583247083297
1773742667.5075881,0.07665351303544607,0.1488413761336923,0.16436450907118041
1773742667.5187218,0.07665351303544607,0.1488413761336923,0.16436450907118041
1773742667.528061,0.07665351303544607,0.1488413761336923,0.16436450907118041
1773742667.538187,0.07665351303544607,0.1488413761336923,0.16436450907118041
1773742667.547926,0.0766560356542212,0.14884579171047002,0.16475323285933796
1773742667.5590813,0.0766560356542212,0.14884579171047002,0.16475323285933796
1773742667.5681436,0.0766560356542212,0.14884579171047002,0.16475323285933796
1773742667.5775948,0.0766560356542212,0.14884579171047002,0.16475323285933796
1773742667.588407,0.07665854306880622,0.1488488238809178,0.1651421491489954
1773742667.5987875,0.07665854306880622,0.1488488238809178,0.1651421491489954
1773742667.6082027,0.07665854306880622,0.1488488238809178,0.1651421491489954
1773742667.618691,0.07665854306880622,0.1488488238809178,0.1651421491489954
1773742667.6273584,0.07666096255177242,0.14885168170009108,0.16553110883216512
1773742667.6385326,0.07666096255177242,0.14885168170009108,0.16553110883216512
1773742667.6478207,0.07666096255177242,0.14885168170009108,0.16553110883216512
1773742667.6579103,0.07666096255177242,0.14885168170009108,0.16553110883216512
1773742667.668876,0.07666322287861486,0.14885557293284502,0.16591996574030957
1773742667.6780627,0.07666322287861486,0.14885557293284502,0.16591996574030957
1773742667.6888885,0.07666322287861486,0.14885557293284502,0.16591996574030957
1773742667.6985698,0.07666322287861486,0.14885557293284502,0.16591996574030957
1773742667.7085495,0.07666539685212125,0.14885929159642058,0.16630886434004613
1773742667.719372,0.07666539685212125,0.14885929159642058,0.16630886434004613
1773742667.7293715,0.07666539685212125,0.14885929159642058,0.16630886434004613
1773742667.738286,0.07666539685212125,0.14885929159642058,0.16630886434004613
1773742667.748993,0.07666748498997736,0.14886283873966788,0.16669780329399192
1773742667.757697,0.07666748498997736,0.14886283873966788,0.16669780329399192
1773742667.769195,0.07666748498997736,0.14886283873966788,0.16669780329399192
1773742667.7781165,0.07666748498997736,0.14886283873966788,0.16669780329399192
1773742667.7878406,0.0766695579644075,0.14886502004508623,0.16708693298836094
1773742667.7979982,0.0766695579644075,0.14886502004508623,0.16708693298836094
1773742667.8077817,0.0766695579644075,0.14886502004508623,0.16708693298836094
1773742667.8186495,0.0766695579644075,0.14886502004508623,0.16708693298836094
1773742667.8272479,0.07667154559660988,0.14886703224497336,0.1674760993615258
1773742667.8373783,0.07667154559660988,0.14886703224497336,0.1674760993615258
1773742667.8482263,0.07667154559660988,0.14886703224497336,0.1674760993615258
1773742667.8582282,0.07667154559660988,0.14886703224497336,0.1674760993615258
1773742667.8684976,0.07667337918984948,0.14887007076709796,0.16786515135900953
1773742667.878073,0.07667337918984948,0.14887007076709796,0.16786515135900953
1773742667.8877854,0.07667337918984948,0.14887007076709796,0.16786515135900953
1773742667.8974617,0.07667337918984948,0.14887007076709796,0.16786515135900953
1773742667.9086556,0.07667512902832738,0.14887294198624232,0.16825423850141286
1773742667.918168,0.07667512902832738,0.14887294198624232,0.16825423850141286
1773742667.9280965,0.07667512902832738,0.14887294198624232,0.16825423850141286
1773742667.9371827,0.07667512902832738,0.14887294198624232,0.16825423850141286
1773742667.9474912,0.07667679563512292,0.14887564696146566,0.16864335952260673
1773742667.957473,0.07667679563512292,0.14887564696146566,0.16864335952260673
1773742667.9670818,0.07667679563512292,0.14887564696146566,0.16864335952260673
1773742667.9774246,0.07667679563512292,0.14887564696146566,0.16864335952260673
1773742667.9870517,0.07667837953417599,0.14887818675320968,0.1690325131703625
1773742667.9973378,0.07667837953417599,0.14887818675320968,0.1690325131703625
1773742668.0073717,0.07667837953417599,0.14887818675320968,0.1690325131703625
1773742668.0172997,0.07667837953417599,0.14887818675320968,0.1690325131703625
1773742668.0267637,0.07667994836509685,0.148879381960166,0.16942185530343348
1773742668.037435,0.07667994836509685,0.148879381960166,0.16942185530343348
1773742668.0478659,0.07667994836509685,0.148879381960166,0.16942185530343348
1773742668.0572057,0.07667994836509685,0.148879381960166,0.16942185530343348
1773742668.067198,0.07668136834032645,0.1488815943806961,0.1698110704321215
1773742668.0774457,0.07668136834032645,0.1488815943806961,0.1698110704321215
1773742668.0868864,0.07668136834032645,0.1488815943806961,0.1698110704321215
1773742668.0966713,0.07668136834032645,0.1488815943806961,0.1698110704321215
1773742668.1072302,0.07668270718310159,0.14888364480669872,0.17020031451393564
1773742668.117053,0.07668270718310159,0.14888364480669872,0.17020031451393564
1773742668.12672,0.07668270718310159,0.14888364480669872,0.17020031451393564
1773742668.1366427,0.07668270718310159,0.14888364480669872,0.17020031451393564
1773742668.1469035,0.0766839654198819,0.14888553430307125,0.17058958635252325
1773742668.1569877,0.0766839654198819,0.14888553430307125,0.17058958635252325
1773742668.1667802,0.0766839654198819,0.14888553430307125,0.17058958635252325
1773742668.1769934,0.0766839654198819,0.14888553430307125,0.17058958635252325
1773742668.1870697,0.07668520867813867,0.14888609346386894,0.1709790450750808
1773742668.1969776,0.07668520867813867,0.14888609346386894,0.1709790450750808
1773742668.2068112,0.07668520867813867,0.14888609346386894,0.1709790450750808
1773742668.2172246,0.07668520867813867,0.14888609346386894,0.1709790450750808
1773742668.2270603,0.07668637184970117,0.14888649414570487,0.17136852810538322
1773742668.23672,0.07668637184970117,0.14888649414570487,0.17136852810538322
1773742668.24663,0.07668637184970117,0.14888649414570487,0.17136852810538322
1773742668.2567642,0.07668637184970117,0.14888649414570487,0.17136852810538322
1773742668.266927,0.0766873912572004,0.14888790686545278,0.1717578760219189
1773742668.276676,0.0766873912572004,0.14888790686545278,0.1717578760219189
1773742668.286772,0.0766873912572004,0.14888790686545278,0.1717578760219189
1773742668.29674,0.0766873912572004,0.14888790686545278,0.1717578760219189
1773742668.306806,0.07668833216696651,0.14888916292130452,0.17214724704510387
1773742668.3172185,0.07668833216696651,0.14888916292130452,0.17214724704510387
1773742668.326703,0.07668833216696651,0.14888916292130452,0.17214724704510387
1773742668.3367445,0.07668833216696651,0.14888916292130452,0.17214724704510387
1773742668.3465538,0.07668919510690346,0.14889026338029057,0.1725366400471562
1773742668.3565235,0.07668919510690346,0.14889026338029057,0.1725366400471562
1773742668.3669195,0.07668919510690346,0.14889026338029057,0.1725366400471562
1773742668.3766923,0.07668919510690346,0.14889026338029057,0.1725366400471562
1773742668.3870773,0.07668998060494361,0.14889120930942665,0.17292605391375634
1773742668.3968735,0.07668998060494361,0.14889120930942665,0.17292605391375634
1773742668.4067185,0.07668998060494361,0.14889120930942665,0.17292605391375634
1773742668.4174023,0.07668998060494361,0.14889120930942665,0.17292605391375634
1773742668.426769,0.07669075129400199,0.14889084636192657,0.17331565209707986
1773742668.4367886,0.07669075129400199,0.14889084636192657,0.17331565209707986
1773742668.4466968,0.07669075129400199,0.14889084636192657,0.17331565209707986
1773742668.4569356,0.07669075129400199,0.14889084636192657,0.17331565209707986
1773742668.4675062,0.07669138340120066,0.14889148623872342,0.17370510432301003
1773742668.4767475,0.07669138340120066,0.14889148623872342,0.17370510432301003
1773742668.486848,0.07669138340120066,0.14889148623872342,0.17370510432301003
1773742668.4972122,0.07669138340120066,0.14889148623872342,0.17370510432301003
1773742668.5074022,0.0766919396494854,0.14889197478548233,0.1740945741492719
1773742668.5174346,0.0766919396494854,0.14889197478548233,0.1740945741492719
1773742668.5267723,0.0766919396494854,0.14889197478548233,0.1740945741492719
1773742668.5373285,0.0766919396494854,0.14889197478548233,0.1740945741492719
1773742668.5468965,0.07669242056639804,0.1488923130675907,0.17448406051467003
1773742668.5572758,0.07669242056639804,0.1488923130675907,0.17448406051467003
1773742668.5673769,0.07669242056639804,0.1488923130675907,0.17448406051467003
1773742668.5773919,0.07669242056639804,0.1488923130675907,0.17448406051467003
1773742668.5874689,0.07669288680939884,0.14889135681669693,0.17487372936784465
1773742668.5973272,0.07669288680939884,0.14889135681669693,0.17487372936784465
1773742668.608298,0.07669288680939884,0.14889135681669693,0.17487372936784465
1773742668.6174955,0.07669288680939884,0.14889135681669693,0.17487372936784465
1773742668.6272743,0.07669327825628143,0.1488902527627522,0.1752634115209742
1773742668.6381187,0.07669327825628143,0.1488902527627522,0.1752634115209742
1773742668.647561,0.07669327825628143,0.1488902527627522,0.1752634115209742
1773742668.6575093,0.07669327825628143,0.1488902527627522,0.1752634115209742
1773742668.6682112,0.07669353615343412,0.14889014625150915,0.17565294109853505
1773742668.6774755,0.07669353615343412,0.14889014625150915,0.17565294109853505
1773742668.6874397,0.07669353615343412,0.14889014625150915,0.17565294109853505
1773742668.6971867,0.07669353615343412,0.14889014625150915,0.17565294109853505
1773742668.7086601,0.07669372082481561,0.14888989372995706,0.17604248309844614
1773742668.7180316,0.07669372082481561,0.14888989372995706,0.17604248309844614
1773742668.727988,0.07669372082481561,0.14888989372995706,0.17604248309844614
1773742668.7385385,0.07669372082481561,0.14888989372995706,0.17604248309844614
1773742668.7470324,0.07669383279580391,0.14888949625877118,0.17643203652421538
1773742668.7571092,0.07669383279580391,0.14888949625877118,0.17643203652421538
1773742668.7681212,0.07669383279580391,0.14888949625877118,0.17643203652421538
1773742668.7775564,0.07669383279580391,0.14888949625877118,0.17643203652421538
1773742668.7886431,0.0766939302836289,0.14888782220448687,0.1768217700093223
1773742668.7972674,0.0766939302836289,0.14888782220448687,0.1768217700093223
1773742668.809014,0.0766939302836289,0.14888782220448687,0.1768217700093223
1773742668.8185236,0.0766939302836289,0.14888782220448687,0.1768217700093223
1773742668.8278713,0.07669395561101625,0.14888600565924787,0.17721151177995412
1773742668.837454,0.07669395561101625,0.14888600565924787,0.17721151177995412
1773742668.8474066,0.07669395561101625,0.14888600565924787,0.17721151177995412
1773742668.8582017,0.07669395561101625,0.14888600565924787,0.17721151177995412
1773742668.8682156,0.07669385243463736,0.14888517930547482,0.17760109345477218
1773742668.8777497,0.07669385243463736,0.14888517930547482,0.17760109345477218
1773742668.8894968,0.07669385243463736,0.14888517930547482,0.17760109345477218
1773742668.8975067,0.07669385243463736,0.14888517930547482,0.17760109345477218
1773742668.9086752,0.07669367865213554,0.14888421223061893,0.1779906826936571
1773742668.9178617,0.07669367865213554,0.14888421223061893,0.1779906826936571
1773742668.9278867,0.07669367865213554,0.14888421223061893,0.1779906826936571
1773742668.9407415,0.07669367865213554,0.14888421223061893,0.1779906826936571
1773742668.9470258,0.07669343478524247,0.14888310548726025,0.17838027856296335
1773742668.958001,0.07669343478524247,0.14888310548726025,0.17838027856296335
1773742668.968554,0.07669343478524247,0.14888310548726025,0.17838027856296335
1773742668.977671,0.07669343478524247,0.14888310548726025,0.17838027856296335
1773742668.9900694,0.07669317664867076,0.1488807401115289,0.17877005189922637
1773742668.9975753,0.07669317664867076,0.1488807401115289,0.17877005189922637
1773742669.0082428,0.07669317664867076,0.1488807401115289,0.17877005189922637
1773742669.0184088,0.07669317664867076,0.1488807401115289,0.17877005189922637
1773742669.0279386,0.07669284897022721,0.1488782375182663,0.1791598288200294
1773742669.0389733,0.07669284897022721,0.1488782375182663,0.1791598288200294
1773742669.047712,0.07669284897022721,0.1488782375182663,0.1791598288200294
1773742669.0582643,0.07669284897022721,0.1488782375182663,0.1791598288200294
1773742669.0676174,0.076692397775154,0.14887671768514316,0.17954943891559985
1773742669.07776,0.076692397775154,0.14887671768514316,0.17954943891559985
1773742669.0875,0.076692397775154,0.14887671768514316,0.17954943891559985
1773742669.0978947,0.076692397775154,0.14887671768514316,0.17954943891559985
1773742669.10777,0.07669187857254164,0.14887506237434314,0.179939052026284
1773742669.1181517,0.07669187857254164,0.14887506237434314,0.179939052026284
1773742669.1276257,0.07669187857254164,0.14887506237434314,0.179939052026284
1773742669.1374898,0.07669187857254164,0.14887506237434314,0.179939052026284
1773742669.1474254,0.07669129187905331,0.14887327262768404,0.18032866727885502
1773742669.1574922,0.07669129187905331,0.14887327262768404,0.18032866727885502
1773742669.1676865,0.07669129187905331,0.14887327262768404,0.18032866727885502
1773742669.1782324,0.07669129187905331,0.14887327262768404,0.18032866727885502
1773742669.1875389,0.0766906382101599,0.1488713494844073,0.18071828381184857
1773742669.1974099,0.0766906382101599,0.1488713494844073,0.18071828381184857
1773742669.2077112,0.0766906382101599,0.1488713494844073,0.18071828381184857
1773742669.2172647,0.0766906382101599,0.1488713494844073,0.18071828381184857
1773742669.2274654,0.07668997055485972,0.14886818921905595,0.18110807447661018
1773742669.237377,0.07668997055485972,0.14886818921905595,0.18110807447661018
1773742669.2475996,0.07668997055485972,0.14886818921905595,0.18110807447661018
1773742669.2576144,0.07668997055485972,0.14886818921905595,0.18110807447661018
1773742669.267401,0.07668918437697429,0.14886600220182467,0.18149769093700396
1773742669.2774236,0.07668918437697429,0.14886600220182467,0.18149769093700396
1773742669.287812,0.07668918437697429,0.14886600220182467,0.18149769093700396
1773742669.2974029,0.07668918437697429,0.14886600220182467,0.18149769093700396
1773742669.3075175,0.07668833276229065,0.14886368489025592,0.18188730616245818
1773742669.3176863,0.07668833276229065,0.14886368489025592,0.18188730616245818
1773742669.3274956,0.07668833276229065,0.14886368489025592,0.18188730616245818
1773742669.3373575,0.07668833276229065,0.14886368489025592,0.18188730616245818
1773742669.347081,0.07668741622105889,0.1488612383126278,0.18227691933795903
1773742669.3574457,0.07668741622105889,0.1488612383126278,0.18227691933795903
1773742669.367723,0.07668741622105889,0.1488612383126278,0.18227691933795903
1773742669.3778837,0.07668741622105889,0.1488612383126278,0.18227691933795903
1773742669.3876967,0.07668648589701446,0.14885756891761046,0.18266670428232845
1773742669.3975806,0.07668648589701446,0.14885756891761046,0.18266670428232845
1773742669.4076838,0.07668648589701446,0.14885756891761046,0.18266670428232845
1773742669.4172683,0.07668648589701446,0.14885756891761046,0.18266670428232845
1773742669.4274154,0.07668549118852278,0.14885377267841493,0.1830564843072883
1773742669.4379218,0.07668549118852278,0.14885377267841493,0.1830564843072883
1773742669.447623,0.07668549118852278,0.14885377267841493,0.1830564843072883
1773742669.457526,0.07668549118852278,0.14885377267841493,0.1830564843072883
1773742669.4678671,0.07668438271340115,0.14885094407188496,0.18344608635509022
1773742669.4774885,0.07668438271340115,0.14885094407188496,0.18344608635509022
1773742669.487263,0.07668438271340115,0.14885094407188496,0.18344608635509022
1773742669.4972625,0.07668438271340115,0.14885094407188496,0.18344608635509022
1773742669.5075433,0.07668321133764285,0.14884799028274487,0.18383568320294819
1773742669.5181262,0.07668321133764285,0.14884799028274487,0.18383568320294819
1773742669.52751,0.07668321133764285,0.14884799028274487,0.18383568320294819
1773742669.5376987,0.07668321133764285,0.14884799028274487,0.18383568320294819
1773742669.5474622,0.07668197756389228,0.14884491232347558,0.18422527409155215
1773742669.5577962,0.07668197756389228,0.14884491232347558,0.18422527409155215
1773742669.567945,0.07668197756389228,0.14884491232347558,0.18422527409155215
1773742669.57811,0.07668197756389228,0.14884491232347558,0.18422527409155215
1773742669.5877695,0.07668073027602178,0.1488406293718545,0.18461503363435694
1773742669.598186,0.07668073027602178,0.1488406293718545,0.18461503363435694
1773742669.60808,0.07668073027602178,0.1488406293718545,0.18461503363435694
1773742669.6181831,0.07668073027602178,0.1488406293718545,0.18461503363435694
1773742669.6275191,0.07667942112954289,0.14883622465161198,0.1850047844304521
1773742669.637534,0.07667942112954289,0.14883622465161198,0.1850047844304521
1773742669.6475291,0.07667942112954289,0.14883622465161198,0.1850047844304521
1773742669.6580076,0.07667942112954289,0.14883622465161198,0.1850047844304521
1773742669.6683176,0.0766780029585801,0.1488327798584951,0.1853943527860618
1773742669.6777742,0.0766780029585801,0.1488327798584951,0.1853943527860618
1773742669.6875772,0.0766780029585801,0.1488327798584951,0.1853943527860618
1773742669.6972342,0.0766780029585801,0.1488327798584951,0.1853943527860618
1773742669.7076387,0.07667652438307856,0.14882921491116605,0.18578391225074348
1773742669.7175386,0.07667652438307856,0.14882921491116605,0.18578391225074348
1773742669.7275167,0.07667652438307856,0.14882921491116605,0.18578391225074348
1773742669.7378075,0.07667652438307856,0.14882921491116605,0.18578391225074348
1773742669.7475345,0.07667498589696727,0.14882553080419186,0.1861734621184441
1773742669.7577794,0.07667498589696727,0.14882553080419186,0.1861734621184441
1773742669.7679296,0.07667498589696727,0.14882553080419186,0.1861734621184441
1773742669.7775946,0.07667498589696727,0.14882553080419186,0.1861734621184441
1773742669.7879066,0.0766734341798433,0.1488206594496017,0.18656317734627018
1773742669.797561,0.0766734341798433,0.1488206594496017,0.18656317734627018
1773742669.807761,0.0766734341798433,0.1488206594496017,0.18656317734627018
1773742669.818461,0.0766734341798433,0.1488206594496017,0.18656317734627018
1773742669.8276923,0.0766718230874312,0.14881567131296702,0.18695288026765172
1773742669.8371847,0.0766718230874312,0.14881567131296702,0.18695288026765172
1773742669.8473697,0.0766718230874312,0.14881567131296702,0.18695288026765172
1773742669.8577437,0.0766718230874312,0.14881567131296702,0.18695288026765172
1773742669.8675613,0.07667010761209823,0.14881163529947722,0.18734239699721175
1773742669.8777957,0.07667010761209823,0.14881163529947722,0.18734239699721175
1773742669.887977,0.07667010761209823,0.14881163529947722,0.18734239699721175
1773742669.8975964,0.07667010761209823,0.14881163529947722,0.18734239699721175
1773742669.9079068,0.07666833418316896,0.14880748406675234,0.1877319014063974
1773742669.9179897,0.07666833418316896,0.14880748406675234,0.1877319014063974
1773742669.9276772,0.07666833418316896,0.14880748406675234,0.1877319014063974
1773742669.9376235,0.07666833418316896,0.14880748406675234,0.1877319014063974
1773742669.9473627,0.07666650328496674,0.1488032185894781,0.18812139284003387
1773742669.9577892,0.07666650328496674,0.1488032185894781,0.18812139284003387
1773742669.9674637,0.07666650328496674,0.1488032185894781,0.18812139284003387
1773742669.9775321,0.07666650328496674,0.1488032185894781,0.18812139284003387
1773742669.9878566,0.0766646594514506,0.148797783511799,0.18851104615974648
1773742669.9975028,0.0766646594514506,0.148797783511799,0.18851104615974648
1773742670.0076036,0.0766646594514506,0.148797783511799,0.18851104615974648
1773742670.0182738,0.0766646594514506,0.148797783511799,0.18851104615974648
1773742670.027856,0.07666275867846356,0.14879223654039003,0.18890068386836956
1773742670.037831,0.07666275867846356,0.14879223654039003,0.18890068386836956
1773742670.0475004,0.07666275867846356,0.14879223654039003,0.18890068386836956
1773742670.0577893,0.07666275867846356,0.14879223654039003,0.18890068386836956
1773742670.0679264,0.07666075805602929,0.14878763378825105,0.18929013232140873
1773742670.0780907,0.07666075805602929,0.14878763378825105,0.18929013232140873
1773742670.0877848,0.07666075805602929,0.14878763378825105,0.18929013232140873
1773742670.0978477,0.07666075805602929,0.14878763378825105,0.18929013232140873
1773742670.1081834,0.07665870188130833,0.14878292064953955,0.18967956527365906
1773742670.117945,0.07665870188130833,0.14878292064953955,0.18967956527365906
1773742670.1277707,0.07665870188130833,0.14878292064953955,0.18967956527365906
1773742670.137923,0.07665870188130833,0.14878292064953955,0.18967956527365906
1773742670.1474428,0.07665659062821911,0.14877809807750705,0.1900689821181742
1773742670.1578505,0.07665659062821911,0.14877809807750705,0.1900689821181742
1773742670.1673791,0.07665659062821911,0.14877809807750705,0.1900689821181742
1773742670.177478,0.07665659062821911,0.14877809807750705,0.1900689821181742
1773742670.1880484,0.07665446674638901,0.14877212343869844,0.19045855719525
1773742670.1974733,0.07665446674638901,0.14877212343869844,0.19045855719525
1773742670.2077188,0.07665446674638901,0.14877212343869844,0.19045855719525
1773742670.2181034,0.07665446674638901,0.14877212343869844,0.19045855719525
1773742670.2276983,0.0766522883092804,0.14876604168779328,0.19084811359928833
1773742670.2371852,0.0766522883092804,0.14876604168779328,0.19084811359928833
1773742670.247616,0.0766522883092804,0.14876604168779328,0.19084811359928833
1773742670.258217,0.0766522883092804,0.14876604168779328,0.19084811359928833
1773742670.268541,0.07665001444149605,0.14876089615215382,0.19123747834563706
1773742670.2776957,0.07665001444149605,0.14876089615215382,0.19123747834563706
1773742670.2878692,0.07665001444149605,0.14876089615215382,0.19123747834563706
1773742670.2976189,0.07665001444149605,0.14876089615215382,0.19123747834563706
1773742670.3078578,0.07664768736918835,0.14875564495266924,0.1916268246472043
1773742670.3174691,0.07664768736918835,0.14875564495266924,0.1916268246472043
1773742670.327847,0.07664768736918835,0.14875564495266924,0.1916268246472043
1773742670.3373353,0.07664768736918835,0.14875564495266924,0.1916268246472043
1773742670.3478773,0.0766453075551557,0.14875028901975507,0.19201615194280697
1773742670.3576384,0.0766453075551557,0.14875028901975507,0.19201615194280697
1773742670.36792,0.0766453075551557,0.14875028901975507,0.19201615194280697
1773742670.3782787,0.0766453075551557,0.14875028901975507,0.19201615194280697
1773742670.3877254,0.07664291542821806,0.1487437984251801,0.19240563363944835
1773742670.3975284,0.07664291542821806,0.1487437984251801,0.19240563363944835
1773742670.4074547,0.07664291542821806,0.1487437984251801,0.19240563363944835
1773742670.4172592,0.07664291542821806,0.1487437984251801,0.19240563363944835
1773742670.427869,0.07664047107488849,0.14873720538635998,0.19279509383111654
1773742670.4375343,0.07664047107488849,0.14873720538635998,0.19279509383111654
1773742670.447588,0.07664047107488849,0.14873720538635998,0.19279509383111654
1773742670.4573517,0.07664047107488849,0.14873720538635998,0.19279509383111654
1773742670.467674,0.07663793558951228,0.14873154045960923,0.19318436059774502
1773742670.4776258,0.07663793558951228,0.14873154045960923,0.19318436059774502
1773742670.487593,0.07663793558951228,0.14873154045960923,0.19318436059774502
1773742670.4975219,0.07663793558951228,0.14873154045960923,0.19318436059774502
1773742670.5075216,0.07663534919049282,0.14872577447507157,0.19357360619932606
1773742670.517406,0.07663534919049282,0.14872577447507157,0.19357360619932606
1773742670.5273302,0.07663534919049282,0.14872577447507157,0.19357360619932606
1773742670.537354,0.07663534919049282,0.14872577447507157,0.19357360619932606
1773742670.5468934,0.07663271232886566,0.14871990833919327,0.193962830117899
1773742670.5570922,0.07663271232886566,0.14871990833919327,0.193962830117899
1773742670.5671074,0.07663271232886566,0.14871990833919327,0.193962830117899
1773742670.5775166,0.07663271232886566,0.14871990833919327,0.193962830117899
1773742670.5868583,0.07663002545325591,0.1487139429533892,0.19435203184382663
1773742670.5970922,0.07663002545325591,0.1487139429533892,0.19435203184382663
1773742670.6075447,0.07663002545325591,0.1487139429533892,0.19435203184382663
1773742670.6173992,0.07663002545325591,0.1487139429533892,0.19435203184382663
1773742670.6273208,0.07662732665398428,0.14870686360177796,0.19474138314174666
1773742670.6372473,0.07662732665398428,0.14870686360177796,0.19474138314174666
1773742670.6471267,0.07662732665398428,0.14870686360177796,0.19474138314174666
1773742670.6568744,0.07662732665398428,0.14870686360177796,0.19474138314174666
1773742670.6671033,0.07662454098783793,0.14870070224146245,0.19513053886817303
1773742670.6773744,0.07662454098783793,0.14870070224146245,0.19513053886817303
1773742670.6869369,0.07662454098783793,0.14870070224146245,0.19513053886817303
1773742670.6972136,0.07662454098783793,0.14870070224146245,0.19513053886817303
1773742670.7078242,0.07662170663907517,0.14869444430646953,0.19551967092129835
1773742670.7173438,0.07662170663907517,0.14869444430646953,0.19551967092129835
1773742670.727255,0.07662170663907517,0.14869444430646953,0.19551967092129835
1773742670.736988,0.07662170663907517,0.14869444430646953,0.19551967092129835
1773742670.747074,0.07661882404645856,0.14868809067815925,0.19590877882376836
1773742670.7574465,0.07661882404645856,0.14868809067815925,0.19590877882376836
1773742670.7676964,0.07661882404645856,0.14868809067815925,0.19590877882376836
1773742670.7773895,0.07661882404645856,0.14868809067815925,0.19590877882376836
1773742670.7882152,0.0766159297947783,0.14868063675536156,0.19629803294125586
1773742670.7977817,0.0766159297947783,0.14868063675536156,0.19629803294125586
1773742670.8093,0.0766159297947783,0.14868063675536156,0.19629803294125586
1773742670.8172565,0.0766159297947783,0.14868063675536156,0.19629803294125586
1773742670.828191,0.07661298779641976,0.14867308935840204,0.19668726053098307
1773742670.8375752,0.07661298779641976,0.14867308935840204,0.19668726053098307
1773742670.848031,0.07661298779641976,0.14867308935840204,0.19668726053098307
1773742670.8594503,0.07661298779641976,0.14867308935840204,0.19668726053098307
1773742670.8674154,0.07660996288487759,0.14866645357955158,0.19707629295528614
1773742670.8775752,0.07660996288487759,0.14866645357955158,0.19707629295528614
1773742670.88866,0.07660996288487759,0.14866645357955158,0.19707629295528614
1773742670.8978703,0.07660996288487759,0.14866645357955158,0.19707629295528614
1773742670.9098177,0.0766068914597853,0.14865972558330018,0.1974652993959126
1773742670.917604,0.0766068914597853,0.14865972558330018,0.1974652993959126
1773742670.9283414,0.0766068914597853,0.14865972558330018,0.1974652993959126
1773742670.937831,0.0766068914597853,0.14865972558330018,0.1974652993959126
1773742670.94774,0.07660377394724198,0.1486529062252342,0.19785427941388767
1773742670.9580562,0.07660377394724198,0.1486529062252342,0.19785427941388767
1773742670.9672847,0.07660377394724198,0.1486529062252342,0.19785427941388767
1773742670.977973,0.07660377394724198,0.1486529062252342,0.19785427941388767
1773742670.9875917,0.0766006451106153,0.14864500351327364,0.19824340129779833
1773742670.9973283,0.0766006451106153,0.14864500351327364,0.19824340129779833
1773742671.0076318,0.0766006451106153,0.14864500351327364,0.19824340129779833
1773742671.0179226,0.0766006451106153,0.14864500351327364,0.19824340129779833
1773742671.0275211,0.07659747067349801,0.1486370116212352,0.19863249443748074
1773742671.0373597,0.07659747067349801,0.1486370116212352,0.19863249443748074
1773742671.0474713,0.07659747067349801,0.1486370116212352,0.19863249443748074
1773742671.057933,0.07659747067349801,0.1486370116212352,0.19863249443748074
1773742671.0674245,0.07659421723755155,0.14862992296196967,0.19902139238206645
1773742671.0776198,0.07659421723755155,0.14862992296196967,0.19902139238206645
1773742671.0877588,0.07659421723755155,0.14862992296196967,0.19902139238206645
1773742671.097995,0.07659421723755155,0.14862992296196967,0.19902139238206645
1773742671.108643,0.07659091939316605,0.14862274631236858,0.19941026221927122
1773742671.118676,0.07659091939316605,0.14862274631236858,0.19941026221927122
1773742671.1277785,0.07659091939316605,0.14862274631236858,0.19941026221927122
1773742671.1376505,0.07659091939316605,0.14862274631236858,0.19941026221927122
1773742671.1477196,0.0765875775534963,0.14861548250148698,0.1997991035458527
1773742671.158038,0.0765875775534963,0.14861548250148698,0.1997991035458527
1773742671.1677566,0.0765875775534963,0.14861548250148698,0.1997991035458527
1773742671.1777394,0.0765875775534963,0.14861548250148698,0.1997991035458527
1773742671.1876032,0.07658422472856666,0.14860715209961967,0.20018808222428686
1773742671.1976988,0.07658422472856666,0.14860715209961967,0.20018808222428686
1773742671.2075703,0.07658422472856666,0.14860715209961967,0.20018808222428686
1773742671.2175698,0.07658422472856666,0.14860715209961967,0.20018808222428686
1773742671.227714,0.0765808283845295,0.14859873667940826,0.2005770301230052
1773742671.2374854,0.0765808283845295,0.14859873667940826,0.2005770301230052
1773742671.247344,0.0765808283845295,0.14859873667940826,0.2005770301230052
1773742671.257868,0.0765808283845295,0.14859873667940826,0.2005770301230052
1773742671.2676578,0.07657735682283967,0.14859121602085096,0.20096578332001508
1773742671.2772086,0.07657735682283967,0.14859121602085096,0.20096578332001508
1773742671.2872431,0.07657735682283967,0.14859121602085096,0.20096578332001508
1773742671.297547,0.07657735682283967,0.14859121602085096,0.20096578332001508
1773742671.3079011,0.07657384289244815,0.1485836114658151,0.20135450646046027
1773742671.3175094,0.07657384289244815,0.1485836114658151,0.20135450646046027
1773742671.327891,0.07657384289244815,0.1485836114658151,0.20135450646046027
1773742671.3377345,0.07657384289244815,0.1485836114658151,0.20135450646046027
1773742671.3477008,0.07657028699328858,0.14857592381658863,0.20174319917479072
1773742671.3576133,0.07657028699328858,0.14857592381658863,0.20174319917479072
1773742671.3674657,0.07657028699328858,0.14857592381658863,0.20174319917479072
1773742671.3775005,0.07657028699328858,0.14857592381658863,0.20174319917479072
1773742671.387057,0.07656668952261947,0.14856815386993247,0.20213186109972175
1773742671.397363,0.07656668952261947,0.14856815386993247,0.20213186109972175
1773742671.4076335,0.07656668952261947,0.14856815386993247,0.20213186109972175
1773742671.4176521,0.07656668952261947,0.14856815386993247,0.20213186109972175
1773742671.427465,0.0765630814768854,0.14855933719793757,0.202520654748633
1773742671.438293,0.0765630814768854,0.14855933719793757,0.202520654748633
1773742671.447661,0.0765630814768854,0.14855933719793757,0.202520654748633
1773742671.457479,0.0765630814768854,0.14855933719793757,0.202520654748633
1773742671.4674604,0.07655940195185171,0.14855140488860352,0.20290925390573014
1773742671.477625,0.07655940195185171,0.14855140488860352,0.20290925390573014
1773742671.487704,0.07655940195185171,0.14855140488860352,0.20290925390573014
1773742671.4977696,0.07655940195185171,0.14855140488860352,0.20290925390573014
1773742671.5076811,0.07655568203122642,0.14854339264063823,0.20329782122089304
1773742671.5179205,0.07655568203122642,0.14854339264063823,0.20329782122089304
1773742671.5275965,0.07655568203122642,0.14854339264063823,0.20329782122089304
1773742671.5376446,0.07655568203122642,0.14854339264063823,0.20329782122089304
1773742671.5472815,0.07655192210154177,0.1485353012291144,0.20368635635565174
1773742671.5579715,0.07655192210154177,0.1485353012291144,0.20368635635565174
1773742671.5675743,0.07655192210154177,0.1485353012291144,0.20368635635565174
1773742671.5774047,0.07655192210154177,0.1485353012291144,0.20368635635565174
1773742671.5870552,0.07654815187163913,0.1485261761770345,0.20407501933856997
1773742671.5973237,0.07654815187163913,0.1485261761770345,0.20407501933856997
1773742671.6080124,0.07654815187163913,0.1485261761770345,0.20407501933856997
1773742671.617802,0.07654815187163913,0.1485261761770345,0.20407501933856997
1773742671.6277394,0.07654434208590491,0.14851697402379915,0.2044636479673118
1773742671.637414,0.07654434208590491,0.14851697402379915,0.2044636479673118
1773742671.6474004,0.07654434208590491,0.14851697402379915,0.2044636479673118
1773742671.6575222,0.07654434208590491,0.14851697402379915,0.2044636479673118
1773742671.666986,0.07654046424022964,0.14850864945538764,0.20485208433795304
1773742671.6774826,0.07654046424022964,0.14850864945538764,0.20485208433795304
1773742671.687601,0.07654046424022964,0.14850864945538764,0.20485208433795304
1773742671.6981528,0.07654046424022964,0.14850864945538764,0.20485208433795304
1773742671.7084262,0.07653654790514305,0.14850024877089749,0.20524048723231625
1773742671.7180853,0.07653654790514305,0.14850024877089749,0.20524048723231625
1773742671.7281108,0.07653654790514305,0.14850024877089749,0.20524048723231625
1773742671.7374177,0.07653654790514305,0.14850024877089749,0.20524048723231625
1773742671.7476904,0.07653259345370926,0.14849177271804184,0.20562885634096076
1773742671.7578423,0.07653259345370926,0.14849177271804184,0.20562885634096076
1773742671.7674952,0.07653259345370926,0.14849177271804184,0.20562885634096076
1773742671.7775488,0.07653259345370926,0.14849177271804184,0.20562885634096076
1773742671.7874947,0.07652862904609223,0.1484822791987899,0.20601734831682922
1773742671.7972913,0.07652862904609223,0.1484822791987899,0.20601734831682922
1773742671.808308,0.07652862904609223,0.1484822791987899,0.20601734831682922
1773742671.817724,0.07652862904609223,0.1484822791987899,0.20601734831682922
1773742671.8278608,0.07652462696334995,0.14847271233226547,0.2064058043764044
1773742671.8375905,0.07652462696334995,0.14847271233226547,0.2064058043764044
1773742671.8474994,0.07652462696334995,0.14847271233226547,0.2064058043764044
1773742671.857241,0.07652462696334995,0.14847271233226547,0.2064058043764044
1773742671.8671925,0.0765205601971966,0.14846401435550388,0.20679407007347178
1773742671.877405,0.0765205601971966,0.14846401435550388,0.20679407007347178
1773742671.886884,0.0765205601971966,0.14846401435550388,0.20679407007347178
1773742671.897526,0.0765205601971966,0.14846401435550388,0.20679407007347178
1773742671.9075685,0.07651645678035542,0.14845524394831477,0.20718230080082206
1773742671.9174325,0.07651645678035542,0.14845524394831477,0.20718230080082206
1773742671.9275002,0.07651645678035542,0.14845524394831477,0.20718230080082206
1773742671.9378183,0.07651645678035542,0.14845524394831477,0.20718230080082206
1773742671.9476154,0.07651231707238018,0.1484464018310255,0.20757049627594248
1773742671.9579024,0.07651231707238018,0.1484464018310255,0.20757049627594248
1773742671.967321,0.07651231707238018,0.1484464018310255,0.20757049627594248
1773742671.977539,0.07651231707238018,0.1484464018310255,0.20757049627594248
1773742671.9872744,0.07650816775218437,0.14843655820961726,0.20795880949187714
1773742671.9974647,0.07650816775218437,0.14843655820961726,0.20795880949187714
1773742672.0075355,0.07650816775218437,0.14843655820961726,0.20795880949187714
1773742672.0168679,0.07650816775218437,0.14843655820961726,0.20795880949187714
1773742672.0270371,0.07650398256983515,0.14842664485723453,0.20834708536535848
1773742672.036991,0.07650398256983515,0.14842664485723453,0.20834708536535848
1773742672.046937,0.07650398256983515,0.14842664485723453,0.20834708536535848
1773742672.0571623,0.07650398256983515,0.14842664485723453,0.20834708536535848
1773742672.067334,0.07649973594603991,0.14841759163807183,0.208735173185499
1773742672.0773954,0.07649973594603991,0.14841759163807183,0.208735173185499
1773742672.086872,0.07649973594603991,0.14841759163807183,0.208735173185499
1773742672.0968204,0.07649973594603991,0.14841759163807183,0.208735173185499
1773742672.1073751,0.07649545444277225,0.14840846953720346,0.20912322467283784
1773742672.1167982,0.07649545444277225,0.14840846953720346,0.20912322467283784
1773742672.1274207,0.07649545444277225,0.14840846953720346,0.20912322467283784
1773742672.1366262,0.07649545444277225,0.14840846953720346,0.20912322467283784
1773742672.1471782,0.07649113840607204,0.1483992792475783,0.20951123956969409
1773742672.1573155,0.07649113840607204,0.1483992792475783,0.20951123956969409
1773742672.1673546,0.07649113840607204,0.1483992792475783,0.20951123956969409
1773742672.1773438,0.07649113840607204,0.1483992792475783,0.20951123956969409
1773742672.186973,0.07648678817931029,0.14839002145669916,0.20989921762299552
1773742672.1974366,0.07648678817931029,0.14839002145669916,0.20989921762299552
1773742672.207169,0.07648678817931029,0.14839002145669916,0.20989921762299552
1773742672.2171748,0.07648678817931029,0.14839002145669916,0.20989921762299552
1773742672.2277868,0.07648242875197199,0.1483797810259984,0.21028730708125648
1773742672.2370725,0.07648242875197199,0.1483797810259984,0.21028730708125648
1773742672.2475595,0.07648242875197199,0.1483797810259984,0.21028730708125648
1773742672.2572803,0.07648242875197199,0.1483797810259984,0.21028730708125648
1773742672.2673984,0.07647801108049221,0.14837039016018283,0.2106752105802851
1773742672.2776926,0.07647801108049221,0.14837039016018283,0.2106752105802851
1773742672.2868054,0.07647801108049221,0.14837039016018283,0.2106752105802851
1773742672.2975512,0.07647801108049221,0.14837039016018283,0.2106752105802851
1773742672.3073852,0.07647356023315602,0.1483609338240946,0.21106307650407208
1773742672.3169236,0.07647356023315602,0.1483609338240946,0.21106307650407208
1773742672.3271391,0.07647356023315602,0.1483609338240946,0.21106307650407208
1773742672.3366113,0.07647356023315602,0.1483609338240946,0.21106307650407208
1773742672.347319,0.07646907654262038,0.148351412683489,0.2114509046176181
1773742672.3571343,0.07646907654262038,0.148351412683489,0.2114509046176181
1773742672.3671477,0.07646907654262038,0.148351412683489,0.2114509046176181
1773742672.3770835,0.07646907654262038,0.148351412683489,0.2114509046176181
1773742672.3868601,0.07646456033881525,0.14834182739873042,0.2118386946905669
1773742672.3972132,0.07646456033881525,0.14834182739873042,0.2118386946905669
1773742672.4082,0.07646456033881525,0.14834182739873042,0.2118386946905669
1773742672.4170961,0.07646456033881525,0.14834182739873042,0.2118386946905669
1773742672.4271162,0.07646003527577452,0.14833127494421294,0.21222659074168512
1773742672.4373412,0.07646003527577452,0.14833127494421294,0.21222659074168512
1773742672.4479017,0.07646003527577452,0.14833127494421294,0.21222659074168512
1773742672.4587946,0.07646003527577452,0.14833127494421294,0.21222659074168512
1773742672.46739,0.07645545494308371,0.14832156322334944,0.2126143039318807
1773742672.4782465,0.07645545494308371,0.14832156322334944,0.2126143039318807
1773742672.4876146,0.07645545494308371,0.14832156322334944,0.2126143039318807
1773742672.4965634,0.07645545494308371,0.14832156322334944,0.2126143039318807
1773742672.5079758,0.07645084307132918,0.1483117893082233,0.213001978414869
1773742672.517549,0.07645084307132918,0.1483117893082233,0.213001978414869
1773742672.5286155,0.07645084307132918,0.1483117893082233,0.213001978414869
1773742672.5371826,0.07645084307132918,0.1483117893082233,0.213001978414869
1773742672.5473719,0.07644619997984972,0.14830195383776212,0.21338961397667133
1773742672.5588522,0.07644619997984972,0.14830195383776212,0.21338961397667133
1773742672.567991,0.07644619997984972,0.14830195383776212,0.21338961397667133
1773742672.578814,0.07644619997984972,0.14830195383776212,0.21338961397667133
1773742672.5881839,0.07644154830054836,0.14829116340883566,0.21377735108207688
1773742672.597448,0.07644154830054836,0.14829116340883566,0.21377735108207688
1773742672.609197,0.07644154830054836,0.14829116340883566,0.21377735108207688
1773742672.6180074,0.07644154830054836,0.14829116340883566,0.21377735108207688
1773742672.6287143,0.07643686579306236,0.14828031327675467,0.21416504728147995
1773742672.6390905,0.07643686579306236,0.14828031327675467,0.21416504728147995
1773742672.648041,0.07643686579306236,0.14828031327675467,0.21416504728147995
1773742672.659585,0.07643686579306236,0.14828031327675467,0.21416504728147995
1773742672.6688359,0.07643213077315304,0.1482702967163906,0.21455256458220218
1773742672.6797814,0.07643213077315304,0.1482702967163906,0.21455256458220218
1773742672.6886928,0.07643213077315304,0.1482702967163906,0.21455256458220218
1773742672.697814,0.07643213077315304,0.1482702967163906,0.21455256458220218
1773742672.7095404,0.07642736578508899,0.14826022110484888,0.2149400421444584
1773742672.7183826,0.07642736578508899,0.14826022110484888,0.2149400421444584
1773742672.729232,0.07642736578508899,0.14826022110484888,0.2149400421444584
1773742672.7380648,0.07642736578508899,0.14826022110484888,0.2149400421444584
1773742672.7485456,0.07642257113504354,0.1482500870545145,0.21532747977354816
1773742672.7590175,0.07642257113504354,0.1482500870545145,0.21532747977354816
1773742672.7679448,0.07642257113504354,0.1482500870545145,0.21532747977354816
1773742672.7786539,0.07642257113504354,0.1482500870545145,0.21532747977354816
1773742672.7878964,0.07641776823384908,0.14823901310243187,0.21571501329035692
1773742672.7979245,0.07641776823384908,0.14823901310243187,0.21571501329035692
1773742672.8089185,0.07641776823384908,0.14823901310243187,0.21571501329035692
1773742672.8180935,0.07641776823384908,0.14823901310243187,0.21571501329035692
1773742672.8287306,0.07641293604965295,0.14822788252137675,0.2161025049195784
1773742672.8384047,0.07641293604965295,0.14822788252137675,0.2161025049195784
1773742672.8483064,0.07641293604965295,0.14822788252137675,0.2161025049195784
1773742672.859125,0.07641293604965295,0.14822788252137675,0.2161025049195784
1773742672.8682995,0.07640805407073939,0.14821757658341655,0.21648982136431447
1773742672.8788116,0.07640805407073939,0.14821757658341655,0.21648982136431447
1773742672.888365,0.07640805407073939,0.14821757658341655,0.21648982136431447
1773742672.898157,0.07640805407073939,0.14821757658341655,0.21648982136431447
1773742672.9096854,0.07640314362921943,0.14820721460530042,0.21687709713201087
1773742672.917799,0.07640314362921943,0.14820721460530042,0.21687709713201087
1773742672.9294477,0.07640314362921943,0.14820721460530042,0.21687709713201087
1773742672.9380882,0.07640314362921943,0.14820721460530042,0.21687709713201087
1773742672.9476328,0.07639820501838225,0.14819679717322048,0.21726433204532475
1773742672.9590595,0.07639820501838225,0.14819679717322048,0.21726433204532475
1773742672.968316,0.07639820501838225,0.14819679717322048,0.21726433204532475
1773742672.9791355,0.07639820501838225,0.14819679717322048,0.21726433204532475
1773742672.9880242,0.07639325848984667,0.1481854546587093,0.21765165707090334
1773742672.99808,0.07639325848984667,0.1481854546587093,0.21765165707090334
1773742673.0079396,0.07639325848984667,0.1481854546587093,0.21765165707090334
1773742673.0173712,0.07639325848984667,0.1481854546587093,0.21765165707090334
1773742673.0287132,0.07638828415845583,0.1481740584579572,0.21803893931554313
1773742673.0382895,0.07638828415845583,0.1481740584579572,0.21803893931554313
1773742673.0481834,0.07638828415845583,0.1481740584579572,0.21803893931554313
1773742673.0595956,0.07638828415845583,0.1481740584579572,0.21803893931554313
1773742673.0677288,0.07638326262416716,0.148163477947852,0.2184260503835409
1773742673.0797236,0.07638326262416716,0.148163477947852,0.2184260503835409
1773742673.0884602,0.07638326262416716,0.148163477947852,0.2184260503835409
1773742673.0979936,0.07638326262416716,0.148163477947852,0.2184260503835409
1773742673.1090062,0.07637821406861314,0.14815284427871872,0.21881311991986718
1773742673.1175892,0.07637821406861314,0.14815284427871872,0.21881311991986718
1773742673.1279361,0.07637821406861314,0.14815284427871872,0.21881311991986718
1773742673.1373644,0.07637821406861314,0.14815284427871872,0.21881311991986718
1773742673.147678,0.07637313877231171,0.14814215801100286,0.21920014776295738
1773742673.1586812,0.07637313877231171,0.14814215801100286,0.21920014776295738
1773742673.1677005,0.07637313877231171,0.14814215801100286,0.21920014776295738
1773742673.1788614,0.07637313877231171,0.14814215801100286,0.21920014776295738
1773742673.1882722,0.07636805588810122,0.14813056123958915,0.2195872598281256
1773742673.1981885,0.07636805588810122,0.14813056123958915,0.2195872598281256
1773742673.2079191,0.07636805588810122,0.14813056123958915,0.2195872598281256
1773742673.217661,0.07636805588810122,0.14813056123958915,0.2195872598281256
1773742673.2281246,0.07636294661723775,0.14811891359534732,0.2199743282993238
1773742673.2378364,0.07636294661723775,0.14811891359534732,0.2199743282993238
1773742673.2476249,0.07636294661723775,0.14811891359534732,0.2199743282993238
1773742673.2581758,0.07636294661723775,0.14811891359534732,0.2199743282993238
1773742673.2674026,0.07635779261216746,0.14810807267335954,0.22036122987414375
1773742673.278761,0.07635779261216746,0.14810807267335954,0.22036122987414375
1773742673.2877944,0.07635779261216746,0.14810807267335954,0.22036122987414375
1773742673.2993622,0.07635779261216746,0.14810807267335954,0.22036122987414375
1773742673.308409,0.07635261296401177,0.1480971813459598,0.22074808913860955
1773742673.317815,0.07635261296401177,0.1480971813459598,0.22074808913860955
1773742673.3291788,0.07635261296401177,0.1480971813459598,0.22074808913860955
1773742673.3383474,0.07635261296401177,0.1480971813459598,0.22074808913860955
1773742673.3476331,0.07634740794083089,0.14808624014830973,0.22113490594557042
1773742673.3579006,0.07634740794083089,0.14808624014830973,0.22113490594557042
1773742673.3678153,0.07634740794083089,0.14808624014830973,0.22113490594557042
1773742673.3793812,0.07634740794083089,0.14808624014830973,0.22113490594557042
1773742673.3878353,0.07634219565548439,0.1480744027824829,0.2215218009743295
1773742673.3978012,0.07634219565548439,0.1480744027824829,0.2215218009743295
1773742673.408598,0.07634219565548439,0.1480744027824829,0.2215218009743295
1773742673.4176903,0.07634219565548439,0.1480744027824829,0.2215218009743295
1773742673.4294097,0.07633695833693988,0.1480625172305603,0.22190865166852503
1773742673.4377675,0.07633695833693988,0.1480625172305603,0.22190865166852503
1773742673.448165,0.07633695833693988,0.1480625172305603,0.22190865166852503
1773742673.4579194,0.07633695833693988,0.1480625172305603,0.22190865166852503
1773742673.4675717,0.0763316786325507,0.14805142942430954,0.22229533999887804
1773742673.4779053,0.0763316786325507,0.14805142942430954,0.22229533999887804
1773742673.4885304,0.0763316786325507,0.14805142942430954,0.22229533999887804
1773742673.4982412,0.0763316786325507,0.14805142942430954,0.22229533999887804
1773742673.5080602,0.07632637460143499,0.1480402938411638,0.22268198530877886
1773742673.5177717,0.07632637460143499,0.1480402938411638,0.22268198530877886
1773742673.5274436,0.07632637460143499,0.1480402938411638,0.22268198530877886
1773742673.5371826,0.07632637460143499,0.1480402938411638,0.22268198530877886
1773742673.5486124,0.07632104649944897,0.14802911099186178,0.22306858746369435
1773742673.5581279,0.07632104649944897,0.14802911099186178,0.22306858746369435
1773742673.5677795,0.07632104649944897,0.14802911099186178,0.22306858746369435
1773742673.5797844,0.07632104649944897,0.14802911099186178,0.22306858746369435
1773742673.5882251,0.07631571145666086,0.1480170460645872,0.22345526173444702
1773742673.5977602,0.07631571145666086,0.1480170460645872,0.22345526173444702
1773742673.608973,0.07631571145666086,0.1480170460645872,0.22345526173444702
1773742673.6176045,0.07631571145666086,0.1480170460645872,0.22345526173444702
1773742673.6276248,0.07631035267270836,0.14800493551413013,0.22384189099502666
1773742673.6388264,0.07631035267270836,0.14800493551413013,0.22384189099502666
1773742673.6478236,0.07631035267270836,0.14800493551413013,0.22384189099502666
1773742673.6580207,0.07631035267270836,0.14800493551413013,0.22384189099502666
1773742673.6667423,0.07630495373402957,0.14799361373199918,0.224228362657645
1773742673.6769223,0.07630495373402957,0.14799361373199918,0.224228362657645
1773742673.6878843,0.07630495373402957,0.14799361373199918,0.224228362657645
1773742673.6978135,0.07630495373402957,0.14799361373199918,0.224228362657645
1773742673.7073343,0.07629953172451874,0.14798224667960908,0.2246147906508528
1773742673.7170975,0.07629953172451874,0.14798224667960908,0.2246147906508528
1773742673.7291515,0.07629953172451874,0.14798224667960908,0.2246147906508528
1773742673.7374094,0.07629953172451874,0.14798224667960908,0.2246147906508528
1773742673.7476056,0.07629408688811132,0.14797083484358525,0.22500117485165216
1773742673.7587826,0.07629408688811132,0.14797083484358525,0.22500117485165216
1773742673.7676368,0.07629408688811132,0.14797083484358525,0.22500117485165216
1773742673.779288,0.07629408688811132,0.14797083484358525,0.22500117485165216
1773742673.7880716,0.0762886354275984,0.14795855477286227,0.22538762496081113
1773742673.7977438,0.0762886354275984,0.14795855477286227,0.22538762496081113
1773742673.807406,0.0762886354275984,0.14795855477286227,0.22538762496081113
1773742673.8174472,0.0762886354275984,0.14795855477286227,0.22538762496081113
1773742673.8273501,0.0762831614579726,0.14794623152080216,0.22577402944213704
1773742673.8373733,0.0762831614579726,0.14794623152080216,0.22577402944213704
1773742673.8472872,0.0762831614579726,0.14794623152080216,0.22577402944213704
1773742673.8578074,0.0762831614579726,0.14794623152080216,0.22577402944213704
1773742673.867338,0.07627764945055827,0.14793468806657326,0.2261602813068112
1773742673.877295,0.07627764945055827,0.14793468806657326,0.2261602813068112
1773742673.887443,0.07627764945055827,0.14793468806657326,0.2261602813068112
1773742673.8976984,0.07627764945055827,0.14793468806657326,0.2261602813068112
1773742673.9073696,0.07627211556920667,0.14792310172966924,0.22654648890743462
1773742673.9175003,0.07627211556920667,0.14792310172966924,0.22654648890743462
1773742673.927203,0.07627211556920667,0.14792310172966924,0.22654648890743462
1773742673.9376867,0.07627211556920667,0.14792310172966924,0.22654648890743462
1773742673.9473686,0.07626656004621894,0.14791147297327623,0.22693265213131975
1773742673.9582663,0.07626656004621894,0.14791147297327623,0.22693265213131975
1773742673.967463,0.07626656004621894,0.14791147297327623,0.22693265213131975
1773742673.9772673,0.07626656004621894,0.14791147297327623,0.22693265213131975
1773742673.9870522,0.0762609831116425,0.14789980225593366,0.22731877086740643
1773742673.9974992,0.0762609831116425,0.14789980225593366,0.22731877086740643
1773742674.0072768,0.0762609831116425,0.14789980225593366,0.22731877086740643
1773742674.0168865,0.0762609831116425,0.14789980225593366,0.22731877086740643
1773742674.027227,0.0762553999265229,0.14788727958654568,0.22770494793478072
1773742674.0371466,0.0762553999265229,0.14788727958654568,0.22770494793478072
1773742674.0475583,0.0762553999265229,0.14788727958654568,0.22770494793478072
1773742674.0572667,0.0762553999265229,0.14788727958654568,0.22770494793478072
1773742674.0674486,0.07624978078699474,0.14787552623979686,0.22809097725018546
1773742674.0772965,0.07624978078699474,0.14787552623979686,0.22809097725018546
1773742674.088222,0.07624978078699474,0.14787552623979686,0.22809097725018546
1773742674.0974693,0.07624978078699474,0.14787552623979686,0.22809097725018546
1773742674.107119,0.07624414091265057,0.14786373228119726,0.22847696175538373
1773742674.1174293,0.07624414091265057,0.14786373228119726,0.22847696175538373
1773742674.127498,0.07624414091265057,0.14786373228119726,0.22847696175538373
1773742674.1377332,0.07624414091265057,0.14786373228119726,0.22847696175538373
1773742674.1474771,0.0762384805244961,0.14785189815112193,0.22886290134632536
1773742674.157373,0.0762384805244961,0.14785189815112193,0.22886290134632536
1773742674.1677194,0.0762384805244961,0.14785189815112193,0.22886290134632536
1773742674.1775198,0.0762384805244961,0.14785189815112193,0.22886290134632536
1773742674.187114,0.07623281413075758,0.14783922272356673,0.22924889414251412
1773742674.1972463,0.07623281413075758,0.14783922272356673,0.22924889414251412
1773742674.2075818,0.07623281413075758,0.14783922272356673,0.22924889414251412
1773742674.2174203,0.07623281413075758,0.14783922272356673,0.22924889414251412
1773742674.2269597,0.07622712751783163,0.14782650864718913,0.22963484022344005
1773742674.2369971,0.07622712751783163,0.14782650864718913,0.22963484022344005
1773742674.2473807,0.07622712751783163,0.14782650864718913,0.22963484022344005
1773742674.2570872,0.07622712751783163,0.14782650864718913,0.22963484022344005
1773742674.26679,0.07622140677084585,0.14781455647977235,0.23002064422794566
1773742674.277191,0.07622140677084585,0.14781455647977235,0.23002064422794566
1773742674.287102,0.07622140677084585,0.14781455647977235,0.23002064422794566
1773742674.2968738,0.07622140677084585,0.14781455647977235,0.23002064422794566
1773742674.307264,0.076215666372557,0.14780256585940754,0.23040640291777267
1773742674.3170335,0.076215666372557,0.14780256585940754,0.23040640291777267
1773742674.3269432,0.076215666372557,0.14780256585940754,0.23040640291777267
1773742674.3367994,0.076215666372557,0.14780256585940754,0.23040640291777267
1773742674.346785,0.0762099065329791,0.14779053720430158,0.2307921161966244
1773742674.3570337,0.0762099065329791,0.14779053720430158,0.2307921161966244
1773742674.3666847,0.0762099065329791,0.14779053720430158,0.2307921161966244
1773742674.3771622,0.0762099065329791,0.14779053720430158,0.2307921161966244
1773742674.3867886,0.07620412746002467,0.1477784709283287,0.23117778396957717
1773742674.396711,0.07620412746002467,0.1477784709283287,0.23117778396957717
1773742674.4082758,0.07620412746002467,0.1477784709283287,0.23117778396957717
1773742674.41727,0.07620412746002467,0.1477784709283287,0.23117778396957717
1773742674.4271445,0.07619834274252645,0.14776557903989232,0.23156349714987176
1773742674.4370728,0.07619834274252645,0.14776557903989232,0.23156349714987176
1773742674.447295,0.07619834274252645,0.14776557903989232,0.23156349714987176
1773742674.4576807,0.07619834274252645,0.14776557903989232,0.23156349714987176
1773742674.4672077,0.07619252575945652,0.14775343869106727,0.23194907351581226
1773742674.4776676,0.07619252575945652,0.14775343869106727,0.23194907351581226
1773742674.4872456,0.07619252575945652,0.14775343869106727,0.23194907351581226
1773742674.4971817,0.07619252575945652,0.14775343869106727,0.23194907351581226
1773742674.5075092,0.07618669015403193,0.14774126193792186,0.23233460409902043
1773742674.5178657,0.07618669015403193,0.14774126193792186,0.23233460409902043
1773742674.5292394,0.07618669015403193,0.14774126193792186,0.23233460409902043
1773742674.5367942,0.07618669015403193,0.14774126193792186,0.23233460409902043
1773742674.5481591,0.07618083612563084,0.1477290491772941,0.23272008880966913
1773742674.5585756,0.07618083612563084,0.1477290491772941,0.23272008880966913
1773742674.5673275,0.07618083612563084,0.1477290491772941,0.23272008880966913
1773742674.5773094,0.07618083612563084,0.1477290491772941,0.23272008880966913
1773742674.5871887,0.07617496387150201,0.14771680080170344,0.23310552755929537
1773742674.597096,0.07617496387150201,0.14771680080170344,0.23310552755929537
1773742674.6074572,0.07617496387150201,0.14771680080170344,0.23310552755929537
1773742674.6172516,0.07617496387150201,0.14771680080170344,0.23310552755929537
1773742674.627514,0.07616908626775558,0.14770373960765945,0.23349100512270793
1773742674.6365342,0.07616908626775558,0.14770373960765945,0.23349100512270793
1773742674.6468055,0.07616908626775558,0.14770373960765945,0.23349100512270793
1773742674.657981,0.07616908626775558,0.14770373960765945,0.23349100512270793
1773742674.667382,0.07616317808950186,0.14769142111176609,0.2338763515752701
1773742674.680007,0.07616317808950186,0.14769142111176609,0.2338763515752701
1773742674.6870499,0.07616317808950186,0.14769142111176609,0.2338763515752701
1773742674.6981654,0.07616317808950186,0.14769142111176609,0.2338763515752701
1773742674.7090502,0.07615725226518787,0.14767906815422666,0.23426165180790426
1773742674.717931,0.07615725226518787,0.14767906815422666,0.23426165180790426
1773742674.729565,0.07615725226518787,0.14767906815422666,0.23426165180790426
1773742674.7379093,0.07615725226518787,0.14767906815422666,0.23426165180790426
1773742674.747804,0.07615130898380218,0.14766668111099232,0.23464690573636454
1773742674.7576382,0.07615130898380218,0.14766668111099232,0.23464690573636454
1773742674.7674081,0.07615130898380218,0.14766668111099232,0.23464690573636454
1773742674.7795231,0.07615130898380218,0.14766668111099232,0.23464690573636454
1773742674.787831,0.07614536058474529,0.14765349130633237,0.23503219314266238
1773742674.798143,0.07614536058474529,0.14765349130633237,0.23503219314266238
1773742674.8074632,0.07614536058474529,0.14765349130633237,0.23503219314266238
1773742674.8171911,0.07614536058474529,0.14765349130633237,0.23503219314266238
1773742674.8294501,0.07613939499031533,0.14764026882357711,0.23541743248309283
1773742674.8373928,0.07613939499031533,0.14764026882357711,0.23541743248309283
1773742674.8479047,0.07613939499031533,0.14764026882357711,0.23541743248309283
1773742674.8577874,0.07613939499031533,0.14764026882357711,0.23541743248309283
1773742674.8670723,0.07613340034341771,0.14762778164404533,0.2358025467795501
1773742674.8793454,0.07613340034341771,0.14762778164404533,0.2358025467795501
1773742674.8873248,0.07613340034341771,0.14762778164404533,0.2358025467795501
1773742674.8976512,0.07613340034341771,0.14762778164404533,0.2358025467795501
1773742674.9077697,0.07612738897595644,0.1476152618433264,0.2361876144446047
1773742674.9176366,0.07612738897595644,0.1476152618433264,0.2361876144446047
1773742674.9291925,0.07612738897595644,0.1476152618433264,0.2361876144446047
1773742674.9365966,0.07612738897595644,0.1476152618433264,0.2361876144446047
1773742674.947663,0.07612136106693684,0.14760270977731238,0.23657263539868886
1773742674.9572048,0.07612136106693684,0.14760270977731238,0.23657263539868886
1773742674.9669197,0.07612136106693684,0.14760270977731238,0.23657263539868886
1773742674.9788063,0.07612136106693684,0.14760270977731238,0.23657263539868886
1773742674.9867148,0.07611531679343811,0.14759012579778785,0.23695760956304845
1773742674.99693,0.07611531679343811,0.14759012579778785,0.23695760956304845
1773742675.0077293,0.07611531679343811,0.14759012579778785,0.23695760956304845
1773742675.0171788,0.07611531679343811,0.14759012579778785,0.23695760956304845
1773742675.0294325,0.07610926774344416,0.14757675384703428,0.23734260910217275
1773742675.0368993,0.07610926774344416,0.14757675384703428,0.23734260910217275
1773742675.048619,0.07610926774344416,0.14757675384703428,0.23734260910217275
1773742675.0580683,0.07610926774344416,0.14757675384703428,0.23734260910217275
1773742675.0680275,0.07610319121240904,0.1475641070375872,0.23772748934393267
1773742675.079886,0.07610319121240904,0.1475641070375872,0.23772748934393267
1773742675.0869243,0.07610319121240904,0.1475641070375872,0.23772748934393267
1773742675.0973547,0.07610319121240904,0.1475641070375872,0.23772748934393267
1773742675.1077676,0.07609709883667244,0.14755142934742707,0.23811232256403042
1773742675.11689,0.07609709883667244,0.14755142934742707,0.23811232256403042
1773742675.1276433,0.07609709883667244,0.14755142934742707,0.23811232256403042
1773742675.136736,0.07609709883667244,0.14755142934742707,0.23811232256403042
1773742675.146788,0.07609099078556304,0.14753872111283078,0.23849710868645366
1773742675.1574645,0.07609099078556304,0.14753872111283078,0.23849710868645366
1773742675.16723,0.07609099078556304,0.14753872111283078,0.23849710868645366
1773742675.1771624,0.07609099078556304,0.14753872111283078,0.23849710868645366
1773742675.1865752,0.07608486722654124,0.1475259826663506,0.23888184763595993
1773742675.1973603,0.07608486722654124,0.1475259826663506,0.23888184763595993
1773742675.2075295,0.07608486722654124,0.1475259826663506,0.23888184763595993
1773742675.2170908,0.07608486722654124,0.1475259826663506,0.23888184763595993
1773742675.2281637,0.07607873916915504,0.14751246829944822,0.23926660512018377
1773742675.236893,0.07607873916915504,0.14751246829944822,0.23926660512018377
1773742675.2477176,0.07607873916915504,0.14751246829944822,0.23926660512018377
1773742675.257698,0.07607873916915504,0.14751246829944822,0.23926660512018377
1773742675.2682726,0.07607258503917097,0.14749967037263165,0.23965124939274213
1773742675.2778742,0.07607258503917097,0.14749967037263165,0.23965124939274213
1773742675.2866976,0.07607258503917097,0.14749967037263165,0.23965124939274213
1773742675.2970243,0.07607258503917097,0.14749967037263165,0.23965124939274213
1773742675.3072333,0.07606641589261236,0.14748684320937966,0.24003584626980232
1773742675.3171263,0.07606641589261236,0.14748684320937966,0.24003584626980232
1773742675.3268752,0.07606641589261236,0.14748684320937966,0.24003584626980232
1773742675.3364983,0.07606641589261236,0.14748684320937966,0.24003584626980232
1773742675.3469048,0.07606023188946015,0.14747398712721804,0.24042039567830295
1773742675.3574908,0.07606023188946015,0.14747398712721804,0.24042039567830295
1773742675.3672004,0.07606023188946015,0.14747398712721804,0.24042039567830295
1773742675.3771904,0.07606023188946015,0.14747398712721804,0.24042039567830295
1773742675.3867412,0.07605403318787168,0.14746110243989258,0.2408048975455336
1773742675.396867,0.07605403318787168,0.14746110243989258,0.2408048975455336
1773742675.4069254,0.07605403318787168,0.14746110243989258,0.2408048975455336
1773742675.4169157,0.07605403318787168,0.14746110243989258,0.2408048975455336
1773742675.426904,0.07604783026038052,0.14744745363747214,0.24118941102916683
1773742675.4368114,0.07604783026038052,0.14744745363747214,0.24118941102916683
1773742675.4473999,0.07604783026038052,0.14744745363747214,0.24118941102916683
1773742675.4572613,0.07604783026038052,0.14744745363747214,0.24118941102916683
1773742675.4672205,0.07604160258115496,0.147434512631695,0.24157381749221948
1773742675.4776394,0.07604160258115496,0.147434512631695,0.24157381749221948
1773742675.4874065,0.07604160258115496,0.147434512631695,0.24157381749221948
1773742675.497043,0.07604160258115496,0.147434512631695,0.24157381749221948
1773742675.506913,0.07603536066736576,0.14742154394100004,0.24195817619848128
1773742675.5170078,0.07603536066736576,0.14742154394100004,0.24195817619848128
1773742675.5274677,0.07603536066736576,0.14742154394100004,0.24195817619848128
1773742675.536561,0.07603536066736576,0.14742154394100004,0.24195817619848128
1773742675.547585,0.07602910466992914,0.14740854786470742,0.2423424870768042
1773742675.5592837,0.07602910466992914,0.14740854786470742,0.2423424870768042
1773742675.5689135,0.07602910466992914,0.14740854786470742,0.2423424870768042
1773742675.5805397,0.07602910466992914,0.14740854786470742,0.2423424870768042
1773742675.5878994,0.07602284466047216,0.14739479694268603,0.2427268039813165
1773742675.5992596,0.07602284466047216,0.14739479694268603,0.2427268039813165
1773742675.6084683,0.07602284466047216,0.14739479694268603,0.2427268039813165
1773742675.6181805,0.07602284466047216,0.14739479694268603,0.2427268039813165
1773742675.629324,0.07601657078903433,0.14738101989930769,0.24311107132775106
1773742675.6375961,0.07601657078903433,0.14738101989930769,0.24311107132775106
1773742675.647452,0.07601657078903433,0.14738101989930769,0.24311107132775106
1773742675.6588871,0.07601657078903433,0.14738101989930769,0.24311107132775106
1773742675.6679974,0.07601027333652961,0.14736794336392123,0.24349523809153525
1773742675.6800902,0.07601027333652961,0.14736794336392123,0.24349523809153525
1773742675.6877115,0.07601027333652961,0.14736794336392123,0.24349523809153525
1773742675.6978087,0.07601027333652961,0.14736794336392123,0.24349523809153525
1773742675.7080941,0.07600396238714124,0.14735484060615506,0.24387935674548533
1773742675.7176712,0.07600396238714124,0.14735484060615506,0.24387935674548533
1773742675.727822,0.07600396238714124,0.14735484060615506,0.24387935674548533
1773742675.738101,0.07600396238714124,0.14735484060615506,0.24387935674548533
1773742675.7487805,0.07599763808310143,0.14734171190785206,0.24426342721971775
1773742675.7587507,0.07599763808310143,0.14734171190785206,0.24426342721971775
1773742675.768321,0.07599763808310143,0.14734171190785206,0.24426342721971775
1773742675.7804,0.07599763808310143,0.14734171190785206,0.24426342721971775
1773742675.7875385,0.07599131002928908,0.14732783973540645,0.24464749666345753
1773742675.7978413,0.07599131002928908,0.14732783973540645,0.24464749666345753
1773742675.8076549,0.07599131002928908,0.14732783973540645,0.24464749666345753
1773742675.8176079,0.07599131002928908,0.14732783973540645,0.24464749666345753
1773742675.8276258,0.07598496883319734,0.14731394285252425,0.24503151620192995
1773742675.836987,0.07598496883319734,0.14731394285252425,0.24503151620192995
1773742675.849561,0.07598496883319734,0.14731394285252425,0.24503151620192995
1773742675.8581207,0.07598496883319734,0.14731394285252425,0.24503151620192995
1773742675.8677077,0.07597860521312662,0.1473007379332409,0.24541544151683592
1773742675.8779132,0.07597860521312662,0.1473007379332409,0.24541544151683592
1773742675.8869793,0.07597860521312662,0.1473007379332409,0.24541544151683592
1773742675.8995445,0.07597860521312662,0.1473007379332409,0.24541544151683592
1773742675.9082017,0.07597222879091062,0.14728750816776973,0.24579931837371896
1773742675.9177046,0.07597222879091062,0.14728750816776973,0.24579931837371896
1773742675.927839,0.07597222879091062,0.14728750816776973,0.24579931837371896
1773742675.938223,0.07597222879091062,0.14728750816776973,0.24579931837371896
1773742675.950335,0.07596583970038433,0.1472742538209718,0.24618314670306568
1773742675.9584353,0.07596583970038433,0.1472742538209718,0.24618314670306568
1773742675.9678812,0.07596583970038433,0.1472742538209718,0.24618314670306568
1773742675.979146,0.07596583970038433,0.1472742538209718,0.24618314670306568
1773742675.9880645,0.07595944711671956,0.14726026713096696,0.24656696687026847
1773742675.9986935,0.07595944711671956,0.14726026713096696,0.24656696687026847
1773742676.0092592,0.07595944711671956,0.14726026713096696,0.24656696687026847
1773742676.0184524,0.07595944711671956,0.14726026713096696,0.24656696687026847
1773742676.0302587,0.07595304206811236,0.1472462570563888,0.2469507367876857
1773742676.0377023,0.07595304206811236,0.1472462570563888,0.2469507367876857
1773742676.049641,0.07595304206811236,0.1472462570563888,0.2469507367876857
1773742676.0580003,0.07595304206811236,0.1472462570563888,0.2469507367876857
1773742676.0691285,0.07594661567440458,0.14723293047293548,0.24733441892054642
1773742676.0778315,0.07594661567440458,0.14723293047293548,0.24733441892054642
1773742676.0876603,0.07594661567440458,0.14723293047293548,0.24733441892054642
1773742676.0994005,0.07594661567440458,0.14723293047293548,0.24733441892054642
1773742676.1093535,0.07594017713184789,0.14721958033610172,0.24771805224818444
1773742676.11771,0.07594017713184789,0.14721958033610172,0.24771805224818444
1773742676.130022,0.07594017713184789,0.14721958033610172,0.24771805224818444
1773742676.1380699,0.07594017713184789,0.14721958033610172,0.24771805224818444
1773742676.1500208,0.07593372656619732,0.1472062068945204,0.24810163670072738
1773742676.1587613,0.07593372656619732,0.1472062068945204,0.24810163670072738
1773742676.1678224,0.07593372656619732,0.1472062068945204,0.24810163670072738
1773742676.178623,0.07593372656619732,0.1472062068945204,0.24810163670072738
1773742676.1880343,0.07592727275847741,0.1471921120021093,0.24848520578510552
1773742676.1994066,0.07592727275847741,0.1471921120021093,0.24848520578510552
1773742676.2099085,0.07592727275847741,0.1471921120021093,0.24848520578510552
1773742676.2180748,0.07592727275847741,0.1471921120021093,0.24848520578510552
1773742676.22874,0.0759208071223275,0.14717799496914014,0.24886872427430665
1773742676.238258,0.0759208071223275,0.14717799496914014,0.24886872427430665
1773742676.2476532,0.0759208071223275,0.14717799496914014,0.24886872427430665
1773742676.259168,0.0759208071223275,0.14717799496914014,0.24886872427430665
1773742676.2679775,0.07591432114464398,0.14716455303052337,0.2492521614905791
1773742676.2777994,0.07591432114464398,0.14716455303052337,0.2492521614905791
1773742676.2877612,0.07591432114464398,0.14716455303052337,0.2492521614905791
1773742676.2995806,0.07591432114464398,0.14716455303052337,0.2492521614905791
1773742676.3092988,0.07590782363151644,0.14715108875117822,0.24963554955203376
1773742676.3180914,0.07590782363151644,0.14715108875117822,0.24963554955203376
1773742676.3278165,0.07590782363151644,0.14715108875117822,0.24963554955203376
1773742676.3372972,0.07590782363151644,0.14715108875117822,0.24963554955203376
1773742676.3489094,0.07590131470089147,0.14713760236392412,0.25001888838819675
1773742676.3583581,0.07590131470089147,0.14713760236392412,0.25001888838819675
1773742676.3682845,0.07590131470089147,0.14713760236392412,0.25001888838819675
1773742676.3786051,0.07590131470089147,0.14713760236392412,0.25001888838819675
1773742676.387467,0.07590131470089147,0.14713760236392412,0.25001888838819675
1773742676.3975291,0.07590131470089147,0.14713760236392412,0.25001888838819675
1773742676.407257,0.07590131470089147,0.14713760236392412,0.25001888838819675
1773742676.4174998,0.07590131470089147,0.14713760236392412,0.25001888838819675
1773742676.4278147,0.07590131470089147,0.14713760236392412,0.25001888838819675
1773742676.436635,0.07590131470089147,0.14713760236392412,0.25001888838819675
1773742676.448945,0.07590131470089147,0.14713760236392412,0.25001888838819675
1773742676.4594512,0.07590131470089147,0.14713760236392412,0.25001888838819675
1773742676.4688728,0.07590131470089147,0.14713760236392412,0.25001888838819675
1773742676.4783654,0.07590131470089147,0.14713760236392412,0.25001888838819675
1773742676.4877357,0.07590131470089147,0.14713760236392412,0.25001888838819675
1773742676.5003161,0.07590131470089147,0.14713760236392412,0.25001888838819675
1773742676.5082586,0.07590131470089147,0.14713760236392412,0.25001888838819675
1773742676.5176291,0.07590131470089147,0.14713760236392412,0.25001888838819675
1773742676.5287168,0.07590131470089147,0.14713760236392412,0.25001888838819675
1773742676.5374134,0.07590131470089147,0.14713760236392412,0.25001888838819675
1773742676.5495346,0.07590131470089147,0.14713760236392412,0.25001888838819675
1773742676.55761,0.07590131470089147,0.14713760236392412,0.25001888838819675
1773742676.5675864,0.07590131470089147,0.14713760236392412,0.25001888838819675
1773742676.5793018,0.07590131470089147,0.14713760236392412,0.25001888838819675
1773742676.5877073,0.07590131470089147,0.14713760236392412,0.25001888838819675
1773742676.5996454,0.07590131470089147,0.14713760236392412,0.25001888838819675
1773742676.6073709,0.07590131470089147,0.14713760236392412,0.25001888838819675
1773742676.6175172,0.07590131470089147,0.14713760236392412,0.25001888838819675
1773742676.6276975,0.07590131470089147,0.14713760236392412,0.25001888838819675
1773742676.6375134,0.07590131470089147,0.14713760236392412,0.25001888838819675
1773742676.6493647,0.07590131470089147,0.14713760236392412,0.25001888838819675
1773742676.6580524,0.07590131470089147,0.14713760236392412,0.25001888838819675
1773742676.6670978,0.07590131470089147,0.14713760236392412,0.25001888838819675
1773742676.677746,0.07590131470089147,0.14713760236392412,0.25001888838819675
1773742676.6869164,0.07590131470089147,0.14713760236392412,0.25001888838819675
1773742676.699299,0.07590131470089147,0.14713760236392412,0.25001888838819675
1773742676.7082376,0.07590131470089147,0.14713760236392412,0.25001888838819675
1773742676.7174816,0.07590131470089147,0.14713760236392412,0.25001888838819675
1773742676.7275984,0.07590131470089147,0.14713760236392412,0.25001888838819675
1773742676.737083,0.07590131470089147,0.14713760236392412,0.25001888838819675
1773742676.7469435,0.07590131470089147,0.14713760236392412,0.25001888838819675
1773742676.757673,0.07590131470089147,0.14713760236392412,0.25001888838819675
1773742676.7674904,0.07590131470089147,0.14713760236392412,0.25001888838819675
1773742676.7795458,0.07590131470089147,0.14713760236392412,0.25001888838819675
1773742676.786904,0.07590131470089147,0.14713760236392412,0.25001888838819675
1773742676.7973454,0.07590131470089147,0.14713760236392412,0.25001888838819675
1773742676.8075783,0.07590131470089147,0.14713760236392412,0.25001888838819675
1773742676.816894,0.07590131470089147,0.14713760236392412,0.25001888838819675
1773742676.8273208,0.07590131470089147,0.14713760236392412,0.25001888838819675
1773742676.8375494,0.07590131470089147,0.14713760236392412,0.25001888838819675
1773742676.8497536,0.07590131470089147,0.14713760236392412,0.25001888838819675
1773742676.857682,0.07590131470089147,0.14713760236392412,0.25001888838819675
1773742676.8682194,0.07590131470089147,0.14713760236392412,0.25001888838819675
1773742676.8778088,0.07590131470089147,0.14713760236392412,0.25001888838819675
1773742676.8869052,0.07590131470089147,0.14713760236392412,0.25001888838819675
1773742676.898427,0.07590131470089147,0.14713760236392412,0.25001888838819675
1773742676.9080153,0.07590131470089147,0.14713760236392412,0.25001888838819675
1773742676.918528,0.07590131470089147,0.14713760236392412,0.25001888838819675
1773742676.9282262,0.07590131470089147,0.14713760236392412,0.25001888838819675
1773742676.9372911,0.07590131470089147,0.14713760236392412,0.25001888838819675
1773742676.947852,0.07590131470089147,0.14713760236392412,0.25001888838819675
1773742676.9576256,0.07590131470089147,0.14713760236392412,0.25001888838819675
1773742676.9676256,0.07590131470089147,0.14713760236392412,0.25001888838819675
1773742676.9777558,0.07590131470089147,0.14713760236392412,0.25001888838819675
1773742676.9868772,0.07590131470089147,0.14713760236392412,0.25001888838819675
1773742676.9975646,0.07590131470089147,0.14713760236392412,0.25001888838819675
1773742677.0072439,0.07590131470089147,0.14713760236392412,0.25001888838819675
1773742677.0174546,0.07590131470089147,0.14713760236392412,0.25001888838819675
1773742677.02759,0.07590131470089147,0.14713760236392412,0.25001888838819675
1773742677.0372686,0.07590131470089147,0.14713760236392412,0.25001888838819675
1773742677.0472584,0.07590131470089147,0.14713760236392412,0.25001888838819675
1773742677.0568664,0.07590131470089147,0.14713760236392412,0.25001888838819675
1773742677.0667465,0.07590131470089147,0.14713760236392412,0.25001888838819675
1773742677.0772686,0.07590131470089147,0.14713760236392412,0.25001888838819675
1773742677.0868998,0.07590131470089147,0.14713760236392412,0.25001888838819675
1773742677.0972123,0.07590131470089147,0.14713760236392412,0.25001888838819675
1773742677.1077063,0.07590131470089147,0.14713760236392412,0.25001888838819675
1773742677.1169064,0.07590131470089147,0.14713760236392412,0.25001888838819675
1773742677.1273751,0.07590131470089147,0.14713760236392412,0.25001888838819675
1773742677.1366894,0.07590131470089147,0.14713760236392412,0.25001888838819675
1773742677.1469328,0.07590131470089147,0.14713760236392412,0.25001888838819675
1773742677.1570196,0.07590131470089147,0.14713760236392412,0.25001888838819675
1773742677.1669009,0.07590131470089147,0.14713760236392412,0.25001888838819675
1773742677.177504,0.07590131470089147,0.14713760236392412,0.25001888838819675
1773742677.1866424,0.07590131470089147,0.14713760236392412,0.25001888838819675
1773742677.197086,0.07590131470089147,0.14713760236392412,0.25001888838819675
1773742677.2069433,0.07590131470089147,0.14713760236392412,0.25001888838819675
1773742677.216857,0.07590131470089147,0.14713760236392412,0.25001888838819675
1773742677.2274203,0.07590131470089147,0.14713760236392412,0.25001888838819675
1773742677.236567,0.07590131470089147,0.14713760236392412,0.25001888838819675
1773742677.2468755,0.07590131470089147,0.14713760236392412,0.25001888838819675
1773742677.257053,0.07590131470089147,0.14713760236392412,0.25001888838819675
1773742677.2670672,0.07590131470089147,0.14713760236392412,0.25001888838819675
1773742677.2773967,0.07590131470089147,0.14713760236392412,0.25001888838819675
1773742677.2866666,0.07590131470089147,0.14713760236392412,0.25001888838819675
1773742677.2974753,0.07590131470089147,0.14713760236392412,0.25001888838819675
1773742677.3078198,0.07590131470089147,0.14713760236392412,0.25001888838819675
1773742677.3182547,0.07590131470089147,0.14713760236392412,0.25001888838819675
1773742677.3286839,0.07590131470089147,0.14713760236392412,0.25001888838819675
1773742677.3373675,0.07590131470089147,0.14713760236392412,0.25001888838819675
1773742677.348747,0.07590131470089147,0.14713760236392412,0.25001888838819675
1773742677.3572505,0.07590131470089147,0.14713760236392412,0.25001888838819675
1773742677.3678417,0.07590131470089147,0.14713760236392412,0.25001888838819675
1773742677.3780723,0.07590131470089147,0.14713760236392412,0.25001888838819675
1773742677.387722,0.07590131470089147,0.14713760236392412,0.25001888838819675
1773742677.4001226,0.07590131470089147,0.14713760236392412,0.25001888838819675
1773742677.4070113,0.07590131470089147,0.14713760236392412,0.25001888838819675
1773742677.4168696,0.07590131470089147,0.14713760236392412,0.25001888838819675
1773742677.4269264,0.07590131470089147,0.14713760236392412,0.25001888838819675
1773742677.436783,0.07590131470089147,0.14713760236392412,0.25001888838819675
1773742677.4501622,0.07590131470089147,0.14713760236392412,0.25001888838819675
1773742677.4592116,0.07590131470089147,0.14713760236392412,0.25001888838819675
1773742677.4684062,0.07590131470089147,0.14713760236392412,0.25001888838819675
1773742677.4794683,0.07590131470089147,0.14713760236392412,0.25001888838819675
1773742677.4871256,0.07590131470089147,0.14713760236392412,0.25001888838819675
1773742677.4975972,0.07590131470089147,0.14713760236392412,0.25001888838819675
1773742677.5074568,0.07590131470089147,0.14713760236392412,0.25001888838819675
1773742677.5180151,0.07590131470089147,0.14713760236392412,0.25001888838819675
1773742677.527464,0.07590131470089147,0.14713760236392412,0.25001888838819675
1773742677.5376873,0.07590131470089147,0.14713760236392412,0.25001888838819675
1773742677.5502627,0.07590131470089147,0.14713760236392412,0.25001888838819675
1773742677.5576732,0.07590131470089147,0.14713760236392412,0.25001888838819675
1773742677.5680187,0.07590131470089147,0.14713760236392412,0.25001888838819675
1773742677.5779684,0.07590131470089147,0.14713760236392412,0.25001888838819675
1773742677.5879989,0.07590131470089147,0.14713760236392412,0.25001888838819675
1773742677.5987766,0.07590131470089147,0.14713760236392412,0.25001888838819675
1773742677.6075325,0.07590131470089147,0.14713760236392412,0.25001888838819675
1773742677.6174352,0.07590131470089147,0.14713760236392412,0.25001888838819675
1773742677.628473,0.07590131470089147,0.14713760236392412,0.25001888838819675
1773742677.6372352,0.07590131470089147,0.14713760236392412,0.25001888838819675
1773742677.6505165,0.07590131470089147,0.14713760236392412,0.25001888838819675
1773742677.6569366,0.07590131470089147,0.14713760236392412,0.25001888838819675
1773742677.66765,0.07590131470089147,0.14713760236392412,0.25001888838819675
1773742677.6776388,0.07590131470089147,0.14713760236392412,0.25001888838819675
1773742677.686841,0.07590131470089147,0.14713760236392412,0.25001888838819675
1773742677.6989815,0.07590131470089147,0.14713760236392412,0.25001888838819675
1773742677.7068715,0.07590131470089147,0.14713760236392412,0.25001888838819675
1773742677.7178712,0.07590131470089147,0.14713760236392412,0.25001888838819675
1773742677.7277625,0.07590131470089147,0.14713760236392412,0.25001888838819675
1773742677.7378585,0.07590131470089147,0.14713760236392412,0.25001888838819675
1773742677.748857,0.07590131470089147,0.14713760236392412,0.25001888838819675
1773742677.75732,0.07590131470089147,0.14713760236392412,0.25001888838819675
1773742677.767924,0.07590131470089147,0.14713760236392412,0.25001888838819675
1773742677.7780497,0.07590131470089147,0.14713760236392412,0.25001888838819675
1773742677.7875664,0.07590131470089147,0.14713760236392412,0.25001888838819675
1773742677.7998633,0.07590131470089147,0.14713760236392412,0.25001888838819675
1773742677.8079858,0.07590131470089147,0.14713760236392412,0.25001888838819675
1773742677.818239,0.07590131470089147,0.14713760236392412,0.25001888838819675
1773742677.8291283,0.07590131470089147,0.14713760236392412,0.25001888838819675
1773742677.837551,0.07590131470089147,0.14713760236392412,0.25001888838819675
1773742677.8493092,0.07590131470089147,0.14713760236392412,0.25001888838819675
1773742677.8569007,0.07590131470089147,0.14713760236392412,0.25001888838819675
1773742677.8684132,0.07590131470089147,0.14713760236392412,0.25001888838819675
1773742677.8776724,0.07590131470089147,0.14713760236392412,0.25001888838819675
1773742677.8876934,0.07590131470089147,0.14713760236392412,0.25001888838819675
1773742677.8981287,0.07590131470089147,0.14713760236392412,0.25001888838819675
1773742677.9069738,0.07590131470089147,0.14713760236392412,0.25001888838819675
1773742677.9170208,0.07590131470089147,0.14713760236392412,0.25001888838819675
1773742677.9279053,0.07590131470089147,0.14713760236392412,0.25001888838819675
1773742677.9372292,0.07590131470089147,0.14713760236392412,0.25001888838819675
1773742677.9479916,0.07590131470089147,0.14713760236392412,0.25001888838819675
1773742677.9577234,0.07590131470089147,0.14713760236392412,0.25001888838819675
1773742677.968996,0.07590131470089147,0.14713760236392412,0.25001888838819675
1773742677.9778671,0.07590131470089147,0.14713760236392412,0.25001888838819675
1773742677.9876082,0.07590131470089147,0.14713760236392412,0.25001888838819675
1773742677.9987142,0.07590131470089147,0.14713760236392412,0.25001888838819675
1773742678.007224,0.07590131470089147,0.14713760236392412,0.25001888838819675
1773742678.0171692,0.07590131470089147,0.14713760236392412,0.25001888838819675
1773742678.0275738,0.07590131470089147,0.14713760236392412,0.25001888838819675
1773742678.0383291,0.07590131470089147,0.14713760236392412,0.25001888838819675
1773742678.0491135,0.07590131470089147,0.14713760236392412,0.25001888838819675
1773742678.0569744,0.07590131470089147,0.14713760236392412,0.25001888838819675
1773742678.0672874,0.07590131470089147,0.14713760236392412,0.25001888838819675
1773742678.077571,0.07590131470089147,0.14713760236392412,0.25001888838819675
1773742678.0875556,0.07590131470089147,0.14713760236392412,0.25001888838819675
1773742678.0994296,0.07590131470089147,0.14713760236392412,0.25001888838819675
1773742678.1067982,0.07590131470089147,0.14713760236392412,0.25001888838819675
1773742678.1188688,0.07590131470089147,0.14713760236392412,0.25001888838819675
1773742678.1288373,0.07590131470089147,0.14713760236392412,0.25001888838819675
1773742678.1370857,0.07590131470089147,0.14713760236392412,0.25001888838819675
1773742678.1484408,0.07590131470089147,0.14713760236392412,0.25001888838819675
1773742678.157081,0.07590131470089147,0.14713760236392412,0.25001888838819675
1773742678.1670325,0.07590131470089147,0.14713760236392412,0.25001888838819675
1773742678.1772738,0.07590131470089147,0.14713760236392412,0.25001888838819675
1773742678.18702,0.07590131470089147,0.14713760236392412,0.25001888838819675
1773742678.1977766,0.07590131470089147,0.14713760236392412,0.25001888838819675
1773742678.2070677,0.07590131470089147,0.14713760236392412,0.25001888838819675
1773742678.217076,0.07590131470089147,0.14713760236392412,0.25001888838819675
1773742678.2271597,0.07590131470089147,0.14713760236392412,0.25001888838819675
1773742678.236869,0.07590131470089147,0.14713760236392412,0.25001888838819675
1773742678.2475061,0.07590131470089147,0.14713760236392412,0.25001888838819675
1773742678.2565508,0.07590131470089147,0.14713760236392412,0.25001888838819675
1773742678.2670145,0.07590131470089147,0.14713760236392412,0.25001888838819675
1773742678.2771275,0.07590131470089147,0.14713760236392412,0.25001888838819675
1773742678.2870598,0.07590131470089147,0.14713760236392412,0.25001888838819675
1773742678.2971144,0.07590131470089147,0.14713760236392412,0.25001888838819675
1773742678.3068993,0.07590131470089147,0.14713760236392412,0.25001888838819675
1773742678.3170848,0.07590131470089147,0.14713760236392412,0.25001888838819675
1773742678.3270998,0.07590131470089147,0.14713760236392412,0.25001888838819675
1773742678.3367717,0.07590131470089147,0.14713760236392412,0.25001888838819675
1773742678.3473828,0.07590131470089147,0.14713760236392412,0.25001888838819675
1773742678.35672,0.07590131470089147,0.14713760236392412,0.25001888838819675
1773742678.3669982,0.07590131470089147,0.14713760236392412,0.25001888838819675
1773742678.3770204,0.07590131470089147,0.14713760236392412,0.25001888838819675
1773742678.386779,0.07590131470089147,0.14713760236392412,0.25001888838819675
1773742678.3976529,0.07590131470089147,0.14713760236392412,0.25001888838819675
1773742678.407447,0.07590131470089147,0.14713760236392412,0.25001888838819675
1773742678.4169858,0.07590131470089147,0.14713760236392412,0.25001888838819675
1773742678.4272509,0.07590131470089147,0.14713760236392412,0.25001888838819675
1773742678.4371748,0.07590131470089147,0.14713760236392412,0.25001888838819675
1773742678.4497206,0.07590131470089147,0.14713760236392412,0.25001888838819675
1773742678.457529,0.07590131470089147,0.14713760236392412,0.25001888838819675
1773742678.4671922,0.07590131470089147,0.14713760236392412,0.25001888838819675
1773742678.4771395,0.07590131470089147,0.14713760236392412,0.25001888838819675
1773742678.4875789,0.07590131470089147,0.14713760236392412,0.25001888838819675
1773742678.4997783,0.07590131470089147,0.14713760236392412,0.25001888838819675
1773742678.5071168,0.07590131470089147,0.14713760236392412,0.25001888838819675
1773742678.5176363,0.07590131470089147,0.14713760236392412,0.25001888838819675
1773742678.5278678,0.07590131470089147,0.14713760236392412,0.25001888838819675
1773742678.5378962,0.07590131470089147,0.14713760236392412,0.25001888838819675
1773742678.5490785,0.07590131470089147,0.14713760236392412,0.25001888838819675
1773742678.5571043,0.07590131470089147,0.14713760236392412,0.25001888838819675
1773742678.5682526,0.07590131470089147,0.14713760236392412,0.25001888838819675
1773742678.5767052,0.07590131470089147,0.14713760236392412,0.25001888838819675
1773742678.5871508,0.07590131470089147,0.14713760236392412,0.25001888838819675
1773742678.5980048,0.07590131470089147,0.14713760236392412,0.25001888838819675
1773742678.6070461,0.07590131470089147,0.14713760236392412,0.25001888838819675
1773742678.6178708,0.07590131470089147,0.14713760236392412,0.25001888838819675
1773742678.6282446,0.07590131470089147,0.14713760236392412,0.25001888838819675
1773742678.637342,0.07590131470089147,0.14713760236392412,0.25001888838819675
1773742678.6488576,0.07590131470089147,0.14713760236392412,0.25001888838819675
1773742678.6570113,0.07590131470089147,0.14713760236392412,0.25001888838819675
1773742678.6681073,0.07590131470089147,0.14713760236392412,0.25001888838819675
1773742678.6767182,0.07590131470089147,0.14713760236392412,0.25001888838819675
1773742678.6873128,0.07590131470089147,0.14713760236392412,0.25001888838819675
1773742678.6995368,0.07590131470089147,0.14713760236392412,0.25001888838819675
1773742678.707445,0.07590131470089147,0.14713760236392412,0.25001888838819675
1773742678.71745,0.07590131470089147,0.14713760236392412,0.25001888838819675
1773742678.7286363,0.07590131470089147,0.14713760236392412,0.25001888838819675
1773742678.7377884,0.07590131470089147,0.14713760236392412,0.25001888838819675
1773742678.7488093,0.07590131470089147,0.14713760236392412,0.25001888838819675
1773742678.7576222,0.07590131470089147,0.14713760236392412,0.25001888838819675
1773742678.7679007,0.07590131470089147,0.14713760236392412,0.25001888838819675
1773742678.777116,0.07590131470089147,0.14713760236392412,0.25001888838819675
1773742678.787581,0.07590131470089147,0.14713760236392412,0.25001888838819675
1773742678.8000617,0.07590131470089147,0.14713760236392412,0.25001888838819675
1773742678.8073702,0.07590131470089147,0.14713760236392412,0.25001888838819675
1773742678.8190544,0.07590131470089147,0.14713760236392412,0.25001888838819675
1773742678.8286836,0.07590131470089147,0.14713760236392412,0.25001888838819675
1773742678.8377519,0.07590131470089147,0.14713760236392412,0.25001888838819675
1773742678.848568,0.07590131470089147,0.14713760236392412,0.25001888838819675
1773742678.8578184,0.07590131470089147,0.14713760236392412,0.25001888838819675
1773742678.8685982,0.07590131470089147,0.14713760236392412,0.25001888838819675
1773742678.8779917,0.07590131470089147,0.14713760236392412,0.25001888838819675
1773742678.8881035,0.07590131470089147,0.14713760236392412,0.25001888838819675
1773742678.898054,0.07590131470089147,0.14713760236392412,0.25001888838819675
1773742678.907579,0.07590131470089147,0.14713760236392412,0.25001888838819675
1773742678.9197338,0.07590131470089147,0.14713760236392412,0.25001888838819675
1773742678.9285603,0.07590131470089147,0.14713760236392412,0.25001888838819675
1773742678.938101,0.07590131470089147,0.14713760236392412,0.25001888838819675
1773742678.9489071,0.07590131470089147,0.14713760236392412,0.25001888838819675
1773742678.9577563,0.07590131470089147,0.14713760236392412,0.25001888838819675
1773742678.968141,0.07590131470089147,0.14713760236392412,0.25001888838819675
1773742678.9784837,0.07590131470089147,0.14713760236392412,0.25001888838819675
1773742678.9880214,0.07590131470089147,0.14713760236392412,0.25001888838819675
1773742678.9996912,0.07590131470089147,0.14713760236392412,0.25001888838819675
1773742679.0081532,0.07590131470089147,0.14713760236392412,0.25001888838819675
1773742679.0192597,0.07590131470089147,0.14713760236392412,0.25001888838819675
1773742679.0288072,0.07590131470089147,0.14713760236392412,0.25001888838819675
1773742679.038692,0.07590131470089147,0.14713760236392412,0.25001888838819675
1773742679.050891,0.07590131470089147,0.14713760236392412,0.25001888838819675
1773742679.057895,0.07590131470089147,0.14713760236392412,0.25001888838819675
1773742679.068896,0.07590131470089147,0.14713760236392412,0.25001888838819675
1773742679.0782251,0.07590131470089147,0.14713760236392412,0.25001888838819675
1773742679.0881279,0.07590131470089147,0.14713760236392412,0.25001888838819675
1773742679.099281,0.07590131470089147,0.14713760236392412,0.25001888838819675
1773742679.108528,0.07590131470089147,0.14713760236392412,0.25001888838819675
1773742679.1191044,0.07590131470089147,0.14713760236392412,0.25001888838819675
1773742679.1287196,0.07590131470089147,0.14713760236392412,0.25001888838819675
1773742679.1383905,0.07590131470089147,0.14713760236392412,0.25001888838819675
1773742679.1496525,0.07590131470089147,0.14713760236392412,0.25001888838819675
1773742679.158281,0.07590131470089147,0.14713760236392412,0.25001888838819675
1773742679.1687064,0.07590131470089147,0.14713760236392412,0.25001888838819675
1773742679.1783545,0.07590131470089147,0.14713760236392412,0.25001888838819675
1773742679.1876807,0.07590131470089147,0.14713760236392412,0.25001888838819675
1773742679.1975608,0.07590131470089147,0.14713760236392412,0.25001888838819675
1773742679.2079182,0.07590131470089147,0.14713760236392412,0.25001888838819675
1773742679.2197912,0.07590131470089147,0.14713760236392412,0.25001888838819675
1773742679.2286763,0.07590131470089147,0.14713760236392412,0.25001888838819675
1773742679.238074,0.07590131470089147,0.14713760236392412,0.25001888838819675
1773742679.2492108,0.07590131470089147,0.14713760236392412,0.25001888838819675
1773742679.257625,0.07590131470089147,0.14713760236392412,0.25001888838819675
1773742679.27027,0.07590131470089147,0.14713760236392412,0.25001888838819675
1773742679.2790778,0.07590131470089147,0.14713760236392412,0.25001888838819675
1773742679.2877915,0.07590131470089147,0.14713760236392412,0.25001888838819675
1773742679.2985115,0.07590131470089147,0.14713760236392412,0.25001888838819675
1773742679.3073761,0.07590131470089147,0.14713760236392412,0.25001888838819675
1773742679.3178856,0.07590131470089147,0.14713760236392412,0.25001888838819675
1773742679.327561,0.07590131470089147,0.14713760236392412,0.25001888838819675
1773742679.3381855,0.07590131470089147,0.14713760236392412,0.25001888838819675
1773742679.3500597,0.07590131470089147,0.14713760236392412,0.25001888838819675
1773742679.357552,0.07590131470089147,0.14713760236392412,0.25001888838819675
1773742679.370209,0.07590131470089147,0.14713760236392412,0.25001888838819675
1773742679.3785071,0.07590131470089147,0.14713760236392412,0.25001888838819675
1773742679.3883085,0.07590131470089147,0.14713760236392412,0.25001888838819675
1773742679.3986042,0.07590131470089147,0.14713760236392412,0.25001888838819675
1773742679.4081082,0.07590131470089147,0.14713760236392412,0.25001888838819675
1773742679.4179986,0.07590131470089147,0.14713760236392412,0.25001888838819675
1773742679.427937,0.07590131470089147,0.14713760236392412,0.25001888838819675
1773742679.4376345,0.07590131470089147,0.14713760236392412,0.25001888838819675
1773742679.448648,0.07590131470089147,0.14713760236392412,0.25001888838819675
1773742679.458195,0.07590131470089147,0.14713760236392412,0.25001888838819675
1773742679.4697032,0.07590131470089147,0.14713760236392412,0.25001888838819675
1773742679.4790275,0.07590131470089147,0.14713760236392412,0.25001888838819675
1773742679.4882686,0.07590131470089147,0.14713760236392412,0.25001888838819675
1773742679.498611,0.07590131470089147,0.14713760236392412,0.25001888838819675
1773742679.5077958,0.07590131470089147,0.14713760236392412,0.25001888838819675
1773742679.5196493,0.07590131470089147,0.14713760236392412,0.25001888838819675
1773742679.528574,0.07590131470089147,0.14713760236392412,0.25001888838819675
1773742679.5384617,0.07590131470089147,0.14713760236392412,0.25001888838819675
1773742679.5492878,0.07590131470089147,0.14713760236392412,0.25001888838819675
1773742679.5578368,0.07590131470089147,0.14713760236392412,0.25001888838819675
1773742679.5681942,0.07590131470089147,0.14713760236392412,0.25001888838819675
1773742679.5775962,0.07590131470089147,0.14713760236392412,0.25001888838819675
1773742679.5891833,0.07590131470089147,0.14713760236392412,0.25001888838819675
1773742679.598124,0.07590131470089147,0.14713760236392412,0.25001888838819675
1773742679.6078937,0.07590131470089147,0.14713760236392412,0.25001888838819675
1773742679.619901,0.07590131470089147,0.14713760236392412,0.25001888838819675
1773742679.6285214,0.07590131470089147,0.14713760236392412,0.25001888838819675
1773742679.6380923,0.07590131470089147,0.14713760236392412,0.25001888838819675
1773742679.6492295,0.07590131470089147,0.14713760236392412,0.25001888838819675
1773742679.6576216,0.07590131470089147,0.14713760236392412,0.25001888838819675
1773742679.6693623,0.07590131470089147,0.14713760236392412,0.25001888838819675
1773742679.6779392,0.07590131470089147,0.14713760236392412,0.25001888838819675
1773742679.6885307,0.07590131470089147,0.14713760236392412,0.25001888838819675
1773742679.6988113,0.07590131470089147,0.14713760236392412,0.25001888838819675
1773742679.7071137,0.07590131470089147,0.14713760236392412,0.25001888838819675
1773742679.7174773,0.07590131470089147,0.14713760236392412,0.25001888838819675
1773742679.727416,0.07590131470089147,0.14713760236392412,0.25001888838819675
1773742679.737132,0.07590131470089147,0.14713760236392412,0.25001888838819675
1773742679.7488482,0.07590131470089147,0.14713760236392412,0.25001888838819675
1773742679.7571084,0.07590131470089147,0.14713760236392412,0.25001888838819675
1773742679.7686024,0.07590131470089147,0.14713760236392412,0.25001888838819675
1773742679.7770507,0.07590131470089147,0.14713760236392412,0.25001888838819675
1773742679.7878978,0.07590131470089147,0.14713760236392412,0.25001888838819675
1773742679.798696,0.07590131470089147,0.14713760236392412,0.25001888838819675
1773742679.8075285,0.07590131470089147,0.14713760236392412,0.25001888838819675
1773742679.8195229,0.07590131470089147,0.14713760236392412,0.25001888838819675
1773742679.8273861,0.07590131470089147,0.14713760236392412,0.25001888838819675
1773742679.836929,0.07590131470089147,0.14713760236392412,0.25001888838819675
1773742679.8493006,0.07590131470089147,0.14713760236392412,0.25001888838819675
1773742679.857669,0.07590131470089147,0.14713760236392412,0.25001888838819675
1773742679.8691828,0.07590131470089147,0.14713760236392412,0.25001888838819675
1773742679.8786566,0.07590131470089147,0.14713760236392412,0.25001888838819675
1773742679.8876698,0.07590131470089147,0.14713760236392412,0.25001888838819675
1773742679.8973584,0.07590131470089147,0.14713760236392412,0.25001888838819675
1773742679.9069219,0.07590131470089147,0.14713760236392412,0.25001888838819675
1773742679.9174917,0.07590131470089147,0.14713760236392412,0.25001888838819675
1773742679.9273238,0.07590131470089147,0.14713760236392412,0.25001888838819675
1773742679.9370797,0.07590131470089147,0.14713760236392412,0.25001888838819675
1773742679.9471593,0.07590131470089147,0.14713760236392412,0.25001888838819675
1773742679.9566605,0.07590131470089147,0.14713760236392412,0.25001888838819675
1773742679.9686785,0.07590131470089147,0.14713760236392412,0.25001888838819675
1773742679.978356,0.07590131470089147,0.14713760236392412,0.25001888838819675
1773742679.9875746,0.07590131470089147,0.14713760236392412,0.25001888838819675
1773742679.9974346,0.07590131470089147,0.14713760236392412,0.25001888838819675
1773742680.0072708,0.07590131470089147,0.14713760236392412,0.25001888838819675
1773742680.018764,0.07590131470089147,0.14713760236392412,0.25001888838819675
1773742680.0270092,0.07590131470089147,0.14713760236392412,0.25001888838819675
1773742680.0381842,0.07590131470089147,0.14713760236392412,0.25001888838819675
1773742680.0476818,0.07590131470089147,0.14713760236392412,0.25001888838819675
1773742680.0575233,0.07590131470089147,0.14713760236392412,0.25001888838819675
1773742680.0693367,0.07590131470089147,0.14713760236392412,0.25001888838819675
1773742680.0775383,0.07590131470089147,0.14713760236392412,0.25001888838819675
1773742680.0881078,0.07590131470089147,0.14713760236392412,0.25001888838819675
1773742680.0974817,0.07590131470089147,0.14713760236392412,0.25001888838819675
1773742680.107503,0.07590131470089147,0.14713760236392412,0.25001888838819675
1773742680.1188855,0.07590131470089147,0.14713760236392412,0.25001888838819675
1773742680.128025,0.07590131470089147,0.14713760236392412,0.25001888838819675
1773742680.1385531,0.07590131470089147,0.14713760236392412,0.25001888838819675
1773742680.1477993,0.07590131470089147,0.14713760236392412,0.25001888838819675
1773742680.157698,0.07590131470089147,0.14713760236392412,0.25001888838819675
1773742680.167777,0.07590131470089147,0.14713760236392412,0.25001888838819675
1773742680.1777213,0.07590131470089147,0.14713760236392412,0.25001888838819675
1773742680.187509,0.07590131470089147,0.14713760236392412,0.25001888838819675
1773742680.197672,0.07590131470089147,0.14713760236392412,0.25001888838819675
1773742680.2074718,0.07590131470089147,0.14713760236392412,0.25001888838819675
1773742680.2175767,0.07590131470089147,0.14713760236392412,0.25001888838819675
1773742680.227597,0.07590131470089147,0.14713760236392412,0.25001888838819675
1773742680.237561,0.07590131470089147,0.14713760236392412,0.25001888838819675
1773742680.2474103,0.07590131470089147,0.14713760236392412,0.25001888838819675
1773742680.2575908,0.07590131470089147,0.14713760236392412,0.25001888838819675
1773742680.2672756,0.07590131470089147,0.14713760236392412,0.25001888838819675
1773742680.2769048,0.07590131470089147,0.14713760236392412,0.25001888838819675
1773742680.2868803,0.07590131470089147,0.14713760236392412,0.25001888838819675
1773742680.2975228,0.07590131470089147,0.14713760236392412,0.25001888838819675
1773742680.3067262,0.07590131470089147,0.14713760236392412,0.25001888838819675
1773742680.3170075,0.07590131470089147,0.14713760236392412,0.25001888838819675
1773742680.3270063,0.07590131470089147,0.14713760236392412,0.25001888838819675
1773742680.3371296,0.07590131470089147,0.14713760236392412,0.25001888838819675
1773742680.347414,0.07590131470089147,0.14713760236392412,0.25001888838819675
1773742680.357206,0.07590131470089147,0.14713760236392412,0.25001888838819675
1773742680.3675306,0.07590131470089147,0.14713760236392412,0.25001888838819675
1773742680.3773506,0.07590131470089147,0.14713760236392412,0.25001888838819675
1773742680.3875854,0.07590131470089147,0.14713760236392412,0.25001888838819675
1773742680.3973439,0.07590131470089147,0.14713760236392412,0.25001888838819675
1773742680.4071915,0.07590131470089147,0.14713760236392412,0.25001888838819675
1773742680.4175549,0.07590131470089147,0.14713760236392412,0.25001888838819675
1773742680.4270608,0.07590131470089147,0.14713760236392412,0.25001888838819675
1773742680.4364953,0.07590131470089147,0.14713760236392412,0.25001888838819675
1773742680.4470384,0.07590131470089147,0.14713760236392412,0.25001888838819675
1773742680.4571133,0.07590131470089147,0.14713760236392412,0.25001888838819675
1773742680.4670084,0.07590131470089147,0.14713760236392412,0.25001888838819675
1773742680.476986,0.07590131470089147,0.14713760236392412,0.25001888838819675
1773742680.4866846,0.07590131470089147,0.14713760236392412,0.25001888838819675
1773742680.4968085,0.07590131470089147,0.14713760236392412,0.25001888838819675
1773742680.5071018,0.07590131470089147,0.14713760236392412,0.25001888838819675
1773742680.5170853,0.07590131470089147,0.14713760236392412,0.25001888838819675
1773742680.5267918,0.07590131470089147,0.14713760236392412,0.25001888838819675
1773742680.5373235,0.07590131470089147,0.14713760236392412,0.25001888838819675
1773742680.5471604,0.07590131470089147,0.14713760236392412,0.25001888838819675
1773742680.556922,0.07590131470089147,0.14713760236392412,0.25001888838819675
1773742680.5669408,0.07590131470089147,0.14713760236392412,0.25001888838819675
1773742680.576879,0.07590131470089147,0.14713760236392412,0.25001888838819675
1773742680.5873487,0.07590131470089147,0.14713760236392412,0.25001888838819675
1773742680.5975745,0.07590131470089147,0.14713760236392412,0.25001888838819675
1773742680.6073773,0.07590131470089147,0.14713760236392412,0.25001888838819675
1773742680.6173007,0.07590131470089147,0.14713760236392412,0.25001888838819675
1773742680.6270647,0.07590131470089147,0.14713760236392412,0.25001888838819675
1773742680.6369886,0.07590131470089147,0.14713760236392412,0.25001888838819675
1773742680.6471186,0.07590131470089147,0.14713760236392412,0.25001888838819675
1773742680.6568012,0.07590131470089147,0.14713760236392412,0.25001888838819675
1773742680.6672518,0.07590131470089147,0.14713760236392412,0.25001888838819675
1773742680.6771584,0.07590131470089147,0.14713760236392412,0.25001888838819675
1773742680.6869414,0.07590131470089147,0.14713760236392412,0.25001888838819675
1773742680.697059,0.07590131470089147,0.14713760236392412,0.25001888838819675
1773742680.706999,0.07590131470089147,0.14713760236392412,0.25001888838819675
1773742680.7171679,0.07590131470089147,0.14713760236392412,0.25001888838819675
1773742680.7270367,0.07590131470089147,0.14713760236392412,0.25001888838819675
1773742680.7373452,0.07590131470089147,0.14713760236392412,0.25001888838819675
1773742680.7467883,0.07590131470089147,0.14713760236392412,0.25001888838819675
1773742680.7565908,0.07590131470089147,0.14713760236392412,0.25001888838819675
1773742680.7669258,0.07590131470089147,0.14713760236392412,0.25001888838819675
1773742680.7767107,0.07590131470089147,0.14713760236392412,0.25001888838819675
1773742680.787293,0.07590131470089147,0.14713760236392412,0.25001888838819675
1773742680.7975855,0.07590131470089147,0.14713760236392412,0.25001888838819675
1773742680.8070655,0.07590131470089147,0.14713760236392412,0.25001888838819675
1773742680.817226,0.07590131470089147,0.14713760236392412,0.25001888838819675
1773742680.827661,0.07590131470089147,0.14713760236392412,0.25001888838819675
1773742680.837803,0.07590131470089147,0.14713760236392412,0.25001888838819675
1773742680.847374,0.07590131470089147,0.14713760236392412,0.25001888838819675
1773742680.8574936,0.07590131470089147,0.14713760236392412,0.25001888838819675
1773742680.8671565,0.07590131470089147,0.14713760236392412,0.25001888838819675
1773742680.8768942,0.07590131470089147,0.14713760236392412,0.25001888838819675
1773742680.887018,0.07590131470089147,0.14713760236392412,0.25001888838819675
1773742680.8977034,0.07590131470089147,0.14713760236392412,0.25001888838819675
1773742680.907372,0.07590131470089147,0.14713760236392412,0.25001888838819675
1773742680.9172084,0.07590131470089147,0.14713760236392412,0.25001888838819675
1773742680.9269242,0.07590131470089147,0.14713760236392412,0.25001888838819675
1773742680.9368331,0.07590131470089147,0.14713760236392412,0.25001888838819675
1773742680.9480917,0.07590131470089147,0.14713760236392412,0.25001888838819675
1773742680.9576807,0.07590131470089147,0.14713760236392412,0.25001888838819675
1773742680.9673083,0.07590131470089147,0.14713760236392412,0.25001888838819675
1773742680.9767106,0.07590131470089147,0.14713760236392412,0.25001888838819675
1773742680.9869335,0.07590131470089147,0.14713760236392412,0.25001888838819675
1773742680.99881,0.07590131470089147,0.14713760236392412,0.25001888838819675
1773742681.0072062,0.07590131470089147,0.14713760236392412,0.25001888838819675
1773742681.017268,0.07590131470089147,0.14713760236392412,0.25001888838819675
1773742681.0269835,0.07590131470089147,0.14713760236392412,0.25001888838819675
1773742681.0375416,0.07590131470089147,0.14713760236392412,0.25001888838819675
1773742681.0474775,0.07590131470089147,0.14713760236392412,0.25001888838819675
1773742681.0581431,0.07590131470089147,0.14713760236392412,0.25001888838819675
1773742681.0682907,0.07590131470089147,0.14713760236392412,0.25001888838819675
1773742681.0768497,0.07590131470089147,0.14713760236392412,0.25001888838819675
1773742681.0880208,0.07590131470089147,0.14713760236392412,0.25001888838819675
1773742681.0977294,0.07590131470089147,0.14713760236392412,0.25001888838819675
1773742681.1075983,0.07590131470089147,0.14713760236392412,0.25001888838819675
1773742681.117755,0.07590131470089147,0.14713760236392412,0.25001888838819675
1773742681.128017,0.07590131470089147,0.14713760236392412,0.25001888838819675
1773742681.1385617,0.07590131470089147,0.14713760236392412,0.25001888838819675
1773742681.148176,0.07590131470089147,0.14713760236392412,0.25001888838819675
1773742681.157652,0.07590131470089147,0.14713760236392412,0.25001888838819675
1773742681.16869,0.07590131470089147,0.14713760236392412,0.25001888838819675
1773742681.1776435,0.07590131470089147,0.14713760236392412,0.25001888838819675
1773742681.1883428,0.07590131470089147,0.14713760236392412,0.25001888838819675
1773742681.1973827,0.07590131470089147,0.14713760236392412,0.25001888838819675
1773742681.207531,0.07590131470089147,0.14713760236392412,0.25001888838819675
1773742681.2174995,0.07590131470089147,0.14713760236392412,0.25001888838819675
1773742681.227179,0.07590131470089147,0.14713760236392412,0.25001888838819675
1773742681.237209,0.07590131470089147,0.14713760236392412,0.25001888838819675
1773742681.2477355,0.07590131470089147,0.14713760236392412,0.25001888838819675
1773742681.2576911,0.07590131470089147,0.14713760236392412,0.25001888838819675
1773742681.2675583,0.07590131470089147,0.14713760236392412,0.25001888838819675
1773742681.2768488,0.07590131470089147,0.14713760236392412,0.25001888838819675
1773742681.2887454,0.07590131470089147,0.14713760236392412,0.25001888838819675
1773742681.2985244,0.07590131470089147,0.14713760236392412,0.25001888838819675
1773742681.3075733,0.07590131470089147,0.14713760236392412,0.25001888838819675
1773742681.3196964,0.07590131470089147,0.14713760236392412,0.25001888838819675
1773742681.327372,0.07590131470089147,0.14713760236392412,0.25001888838819675
1773742681.3378155,0.07590131470089147,0.14713760236392412,0.25001888838819675
1773742681.3485491,0.07590131470089147,0.14713760236392412,0.25001888838819675
1773742681.3575678,0.07590131470089147,0.14713760236392412,0.25001888838819675
1773742681.3690588,0.07590131470089147,0.14713760236392412,0.25001888838819675
1773742681.3778074,0.07590131470089147,0.14713760236392412,0.25001888838819675
1773742681.3883853,0.07590131470089147,0.14713760236392412,0.25001888838819675
1773742681.3976684,0.07590131470089147,0.14713760236392412,0.25001888838819675
1773742681.40748,0.07590131470089147,0.14713760236392412,0.25001888838819675
1773742681.417808,0.07590131470089147,0.14713760236392412,0.25001888838819675
1773742681.4273193,0.07590131470089147,0.14713760236392412,0.25001888838819675
1773742681.4378495,0.07590131470089147,0.14713760236392412,0.25001888838819675
1773742681.4478378,0.07590131470089147,0.14713760236392412,0.25001888838819675
1773742681.4571228,0.07590131470089147,0.14713760236392412,0.25001888838819675
1773742681.4671822,0.07590131470089147,0.14713760236392412,0.25001888838819675
1773742681.477151,0.07590131470089147,0.14713760236392412,0.25001888838819675
1773742681.4872818,0.07590131470089147,0.14713760236392412,0.25001888838819675
1773742681.4973152,0.07590131470089147,0.14713760236392412,0.25001888838819675
1773742681.5070536,0.07590131470089147,0.14713760236392412,0.25001888838819675
1773742681.5172246,0.07590131470089147,0.14713760236392412,0.25001888838819675
1773742681.527225,0.07590131470089147,0.14713760236392412,0.25001888838819675
1773742681.5373788,0.07590131470089147,0.14713760236392412,0.25001888838819675
1773742681.5471356,0.07590131470089147,0.14713760236392412,0.25001888838819675
1773742681.5574968,0.07590131470089147,0.14713760236392412,0.25001888838819675
1773742681.5679398,0.07590131470089147,0.14713760236392412,0.25001888838819675
1773742681.5776677,0.07590131470089147,0.14713760236392412,0.25001888838819675
1773742681.5876458,0.07590131470089147,0.14713760236392412,0.25001888838819675
1773742681.5978265,0.07590131470089147,0.14713760236392412,0.25001888838819675
1773742681.6076577,0.07590131470089147,0.14713760236392412,0.25001888838819675
1773742681.618098,0.07590131470089147,0.14713760236392412,0.25001888838819675
1773742681.6276908,0.07590131470089147,0.14713760236392412,0.25001888838819675
1773742681.6373563,0.07590131470089147,0.14713760236392412,0.25001888838819675
1773742681.6482224,0.07590131470089147,0.14713760236392412,0.25001888838819675
1773742681.6572437,0.07590131470089147,0.14713760236392412,0.25001888838819675
1773742681.6670356,0.07590131470089147,0.14713760236392412,0.25001888838819675
1773742681.6765323,0.07590131470089147,0.14713760236392412,0.25001888838819675
1773742681.6865814,0.07590131470089147,0.14713760236392412,0.25001888838819675
1773742681.6971083,0.07590131470089147,0.14713760236392412,0.25001888838819675
1773742681.7069874,0.07590131470089147,0.14713760236392412,0.25001888838819675
1773742681.7180762,0.07590131470089147,0.14713760236392412,0.25001888838819675
1773742681.7278125,0.07590131470089147,0.14713760236392412,0.25001888838819675
1773742681.7380984,0.07590131470089147,0.14713760236392412,0.25001888838819675
1773742681.7471645,0.07590131470089147,0.14713760236392412,0.25001888838819675
1773742681.757138,0.07590131470089147,0.14713760236392412,0.25001888838819675
1773742681.7674582,0.07590131470089147,0.14713760236392412,0.25001888838819675
1773742681.7764204,0.07590131470089147,0.14713760236392412,0.25001888838819675
1773742681.7864099,0.07590131470089147,0.14713760236392412,0.25001888838819675
1773742681.7974267,0.07590131470089147,0.14713760236392412,0.25001888838819675
1773742681.8074954,0.07590131470089147,0.14713760236392412,0.25001888838819675
1773742681.817244,0.07590131470089147,0.14713760236392412,0.25001888838819675
1773742681.826903,0.07590131470089147,0.14713760236392412,0.25001888838819675
1773742681.8370469,0.07590131470089147,0.14713760236392412,0.25001888838819675
1773742681.8468778,0.07590131470089147,0.14713760236392412,0.25001888838819675
1773742681.856778,0.07590131470089147,0.14713760236392412,0.25001888838819675
1773742681.8668983,0.07590131470089147,0.14713760236392412,0.25001888838819675
1773742681.876477,0.07590131470089147,0.14713760236392412,0.25001888838819675
1773742681.8865278,0.07590131470089147,0.14713760236392412,0.25001888838819675
1773742681.8966444,0.07590131470089147,0.14713760236392412,0.25001888838819675
1773742681.9063718,0.07590131470089147,0.14713760236392412,0.25001888838819675
1773742681.9165227,0.07590131470089147,0.14713760236392412,0.25001888838819675
1773742681.926385,0.07590131470089147,0.14713760236392412,0.25001888838819675
1773742681.9367514,0.07590131470089147,0.14713760236392412,0.25001888838819675
1773742681.9469576,0.07590131470089147,0.14713760236392412,0.25001888838819675
1773742681.9574525,0.07590131470089147,0.14713760236392412,0.25001888838819675
1773742681.9672449,0.07590131470089147,0.14713760236392412,0.25001888838819675
1773742681.9765222,0.07590131470089147,0.14713760236392412,0.25001888838819675
1773742681.987195,0.07590131470089147,0.14713760236392412,0.25001888838819675
1773742681.9966426,0.07590131470089147,0.14713760236392412,0.25001888838819675
1773742682.0068653,0.07590131470089147,0.14713760236392412,0.25001888838819675
1773742682.0170827,0.07590131470089147,0.14713760236392412,0.25001888838819675
1773742682.0276568,0.07590131470089147,0.14713760236392412,0.25001888838819675
1773742682.037712,0.07590131470089147,0.14713760236392412,0.25001888838819675
1773742682.0473623,0.07590131470089147,0.14713760236392412,0.25001888838819675
1773742682.0565903,0.07590131470089147,0.14713760236392412,0.25001888838819675
1773742682.0665314,0.07590131470089147,0.14713760236392412,0.25001888838819675
1773742682.076548,0.07590131470089147,0.14713760236392412,0.25001888838819675
1773742682.0865588,0.07590131470089147,0.14713760236392412,0.25001888838819675
1773742682.0965254,0.07590131470089147,0.14713760236392412,0.25001888838819675
1773742682.1067345,0.07590131470089147,0.14713760236392412,0.25001888838819675
1773742682.1169937,0.07590131470089147,0.14713760236392412,0.25001888838819675
1773742682.1268501,0.07590131470089147,0.14713760236392412,0.25001888838819675
1773742682.1367524,0.07590131470089147,0.14713760236392412,0.25001888838819675
1773742682.1472118,0.07590131470089147,0.14713760236392412,0.25001888838819675
1773742682.156881,0.07590131470089147,0.14713760236392412,0.25001888838819675
1773742682.1667166,0.07590131470089147,0.14713760236392412,0.25001888838819675
1773742682.1773696,0.07590131470089147,0.14713760236392412,0.25001888838819675
1773742682.187203,0.07590131470089147,0.14713760236392412,0.25001888838819675
1773742682.198077,0.07590131470089147,0.14713760236392412,0.25001888838819675
1773742682.2073793,0.07590131470089147,0.14713760236392412,0.25001888838819675
1773742682.2174416,0.07590131470089147,0.14713760236392412,0.25001888838819675
1773742682.2269228,0.07590131470089147,0.14713760236392412,0.25001888838819675
1773742682.2368402,0.07590131470089147,0.14713760236392412,0.25001888838819675
1773742682.2468882,0.07590131470089147,0.14713760236392412,0.25001888838819675
1773742682.25692,0.07590131470089147,0.14713760236392412,0.25001888838819675
1773742682.2676244,0.07590131470089147,0.14713760236392412,0.25001888838819675
1773742682.2769656,0.07590131470089147,0.14713760236392412,0.25001888838819675
1773742682.286769,0.07590131470089147,0.14713760236392412,0.25001888838819675
1773742682.2968056,0.07590131470089147,0.14713760236392412,0.25001888838819675
1773742682.3071427,0.07590131470089147,0.14713760236392412,0.25001888838819675
1773742682.317442,0.07590131470089147,0.14713760236392412,0.25001888838819675
1773742682.327483,0.07590131470089147,0.14713760236392412,0.25001888838819675
1773742682.3385305,0.07590131470089147,0.14713760236392412,0.25001888838819675
1773742682.3478885,0.07590131470089147,0.14713760236392412,0.25001888838819675
1773742682.3577356,0.07590131470089147,0.14713760236392412,0.25001888838819675
1773742682.367519,0.07590131470089147,0.14713760236392412,0.25001888838819675
1773742682.378002,0.07590131470089147,0.14713760236392412,0.25001888838819675
1773742682.3873684,0.07590131470089147,0.14713760236392412,0.25001888838819675
1773742682.3972166,0.07590131470089147,0.14713760236392412,0.25001888838819675
1773742682.4076922,0.07590131470089147,0.14713760236392412,0.25001888838819675
1773742682.4175165,0.07590131470089147,0.14713760236392412,0.25001888838819675
1773742682.4272473,0.07590131470089147,0.14713760236392412,0.25001888838819675
1773742682.4379373,0.07590131470089147,0.14713760236392412,0.25001888838819675
1773742682.4477007,0.07590131470089147,0.14713760236392412,0.25001888838819675
1773742682.4575253,0.07590131470089147,0.14713760236392412,0.25001888838819675
1773742682.467727,0.07590131470089147,0.14713760236392412,0.25001888838819675
1773742682.4780078,0.07590131470089147,0.14713760236392412,0.25001888838819675
1773742682.4881368,0.07590131470089147,0.14713760236392412,0.25001888838819675
1773742682.49756,0.07590131470089147,0.14713760236392412,0.25001888838819675
1773742682.5077074,0.07590131470089147,0.14713760236392412,0.25001888838819675
1773742682.5178967,0.07590131470089147,0.14713760236392412,0.25001888838819675
1773742682.5274105,0.07590131470089147,0.14713760236392412,0.25001888838819675
1773742682.5375376,0.07590131470089147,0.14713760236392412,0.25001888838819675
1773742682.548216,0.07590131470089147,0.14713760236392412,0.25001888838819675
1773742682.558198,0.07590131470089147,0.14713760236392412,0.25001888838819675
1773742682.5685267,0.07590131470089147,0.14713760236392412,0.25001888838819675
1773742682.5775564,0.07590131470089147,0.14713760236392412,0.25001888838819675
1773742682.5882893,0.07590131470089147,0.14713760236392412,0.25001888838819675
1773742682.5973337,0.07590131470089147,0.14713760236392412,0.25001888838819675
1773742682.6076546,0.07590131470089147,0.14713760236392412,0.25001888838819675
1773742682.6177819,0.07590131470089147,0.14713760236392412,0.25001888838819675
1773742682.6278667,0.07590131470089147,0.14713760236392412,0.25001888838819675
1773742682.6375024,0.07590131470089147,0.14713760236392412,0.25001888838819675
1773742682.6476972,0.07590131470089147,0.14713760236392412,0.25001888838819675
1773742682.6575496,0.07590131470089147,0.14713760236392412,0.25001888838819675
1773742682.6674516,0.07590131470089147,0.14713760236392412,0.25001888838819675
1773742682.67689,0.07590131470089147,0.14713760236392412,0.25001888838819675
1773742682.687201,0.07590131470089147,0.14713760236392412,0.25001888838819675
1773742682.697449,0.07590131470089147,0.14713760236392412,0.25001888838819675
1773742682.707398,0.07590131470089147,0.14713760236392412,0.25001888838819675
1773742682.7173657,0.07590131470089147,0.14713760236392412,0.25001888838819675
1773742682.7274132,0.07590131470089147,0.14713760236392412,0.25001888838819675
1773742682.7366111,0.07590131470089147,0.14713760236392412,0.25001888838819675
1773742682.7470803,0.07590131470089147,0.14713760236392412,0.25001888838819675
1773742682.7573683,0.07590131470089147,0.14713760236392412,0.25001888838819675
1773742682.7670178,0.07590131470089147,0.14713760236392412,0.25001888838819675
1773742682.7768593,0.07590131470089147,0.14713760236392412,0.25001888838819675
1773742682.7872133,0.07590131470089147,0.14713760236392412,0.25001888838819675
1773742682.796837,0.07590131470089147,0.14713760236392412,0.25001888838819675
1773742682.8070924,0.07590131470089147,0.14713760236392412,0.25001888838819675
1773742682.817125,0.07590131470089147,0.14713760236392412,0.25001888838819675
1773742682.8269305,0.07590131470089147,0.14713760236392412,0.25001888838819675
1773742682.8368468,0.07590131470089147,0.14713760236392412,0.25001888838819675
1773742682.846921,0.07590131470089147,0.14713760236392412,0.25001888838819675
1773742682.8569186,0.07590131470089147,0.14713760236392412,0.25001888838819675
1773742682.8669994,0.07590131470089147,0.14713760236392412,0.25001888838819675
1773742682.8767056,0.07590131470089147,0.14713760236392412,0.25001888838819675
1773742682.887257,0.07590131470089147,0.14713760236392412,0.25001888838819675
1773742682.896653,0.07590131470089147,0.14713760236392412,0.25001888838819675
1773742682.9068553,0.07590131470089147,0.14713760236392412,0.25001888838819675
1773742682.917489,0.07590131470089147,0.14713760236392412,0.25001888838819675
1773742682.9271178,0.07590131470089147,0.14713760236392412,0.25001888838819675
1773742682.9372106,0.07590131470089147,0.14713760236392412,0.25001888838819675
1773742682.947855,0.07590131470089147,0.14713760236392412,0.25001888838819675
1773742682.95729,0.07590131470089147,0.14713760236392412,0.25001888838819675
1773742682.9689271,0.07590131470089147,0.14713760236392412,0.25001888838819675
1773742682.977503,0.07590131470089147,0.14713760236392412,0.25001888838819675
1773742682.9882727,0.07590131470089147,0.14713760236392412,0.25001888838819675
1773742682.997926,0.07590131470089147,0.14713760236392412,0.25001888838819675
1773742683.007626,0.07590131470089147,0.14713760236392412,0.25001888838819675
1773742683.017525,0.07590131470089147,0.14713760236392412,0.25001888838819675
1773742683.0269077,0.07590131470089147,0.14713760236392412,0.25001888838819675
1773742683.036829,0.07590131470089147,0.14713760236392412,0.25001888838819675
1773742683.0469112,0.07590131470089147,0.14713760236392412,0.25001888838819675
1773742683.0577455,0.07590131470089147,0.14713760236392412,0.25001888838819675
1773742683.0672643,0.07590131470089147,0.14713760236392412,0.25001888838819675
1773742683.077549,0.07590131470089147,0.14713760236392412,0.25001888838819675
1773742683.0879998,0.07590131470089147,0.14713760236392412,0.25001888838819675
1773742683.0977256,0.07590131470089147,0.14713760236392412,0.25001888838819675
1773742683.1090548,0.07590131470089147,0.14713760236392412,0.25001888838819675
1773742683.1187725,0.07590131470089147,0.14713760236392412,0.25001888838819675
1773742683.1277618,0.07590131470089147,0.14713760236392412,0.25001888838819675
1773742683.1379998,0.07590131470089147,0.14713760236392412,0.25001888838819675
1773742683.1489325,0.07590131470089147,0.14713760236392412,0.25001888838819675
1773742683.1589048,0.07590131470089147,0.14713760236392412,0.25001888838819675
1773742683.1682377,0.07590131470089147,0.14713760236392412,0.25001888838819675
1773742683.1782255,0.07590131470089147,0.14713760236392412,0.25001888838819675
1773742683.1877005,0.07590131470089147,0.14713760236392412,0.25001888838819675
1773742683.1978037,0.07590131470089147,0.14713760236392412,0.25001888838819675
1773742683.20889,0.07590131470089147,0.14713760236392412,0.25001888838819675
1773742683.2185616,0.07590131470089147,0.14713760236392412,0.25001888838819675
1773742683.2279303,0.07590131470089147,0.14713760236392412,0.25001888838819675
1773742683.2388754,0.07590131470089147,0.14713760236392412,0.25001888838819675
1773742683.247932,0.07590131470089147,0.14713760236392412,0.25001888838819675
1773742683.2575955,0.07590131470089147,0.14713760236392412,0.25001888838819675
1773742683.2675533,0.07590131470089147,0.14713760236392412,0.25001888838819675
1773742683.2785788,0.07590131470089147,0.14713760236392412,0.25001888838819675
1773742683.289,0.07590131470089147,0.14713760236392412,0.25001888838819675
1773742683.297694,0.07590131470089147,0.14713760236392412,0.25001888838819675
1773742683.3072522,0.07590131470089147,0.14713760236392412,0.25001888838819675
1773742683.3176014,0.07590131470089147,0.14713760236392412,0.25001888838819675
1773742683.3274405,0.07590131470089147,0.14713760236392412,0.25001888838819675
1773742683.3377836,0.07590131470089147,0.14713760236392412,0.25001888838819675
1773742683.3476024,0.07590131470089147,0.14713760236392412,0.25001888838819675
1773742683.3576248,0.07590131470089147,0.14713760236392412,0.25001888838819675
1773742683.36782,0.07590131470089147,0.14713760236392412,0.25001888838819675
1773742683.377647,0.07590131470089147,0.14713760236392412,0.25001888838819675
1773742683.3879106,0.07590131470089147,0.14713760236392412,0.25001888838819675
1773742683.3974159,0.07590131470089147,0.14713760236392412,0.25001888838819675
1773742683.4075387,0.07590131470089147,0.14713760236392412,0.25001888838819675
1773742683.4171617,0.07590131470089147,0.14713760236392412,0.25001888838819675
1773742683.4275446,0.07590131470089147,0.14713760236392412,0.25001888838819675
1773742683.4384158,0.07590131470089147,0.14713760236392412,0.25001888838819675
1773742683.4475431,0.07590131470089147,0.14713760236392412,0.25001888838819675
1773742683.4576933,0.07590131470089147,0.14713760236392412,0.25001888838819675
1773742683.4677346,0.07590131470089147,0.14713760236392412,0.25001888838819675
1773742683.4777749,0.07590131470089147,0.14713760236392412,0.25001888838819675
1773742683.487872,0.07590131470089147,0.14713760236392412,0.25001888838819675
1773742683.4975889,0.07590131470089147,0.14713760236392412,0.25001888838819675
1773742683.5074754,0.07590131470089147,0.14713760236392412,0.25001888838819675
1773742683.5171413,0.07590131470089147,0.14713760236392412,0.25001888838819675
1773742683.5275652,0.07590131470089147,0.14713760236392412,0.25001888838819675
1773742683.5376246,0.07590131470089147,0.14713760236392412,0.25001888838819675
1773742683.5473895,0.07590131470089147,0.14713760236392412,0.25001888838819675
1773742683.5575671,0.07590131470089147,0.14713760236392412,0.25001888838819675
1773742683.5672305,0.07590131470089147,0.14713760236392412,0.25001888838819675
1773742683.5773735,0.07590131470089147,0.14713760236392412,0.25001888838819675
1773742683.587582,0.07590131470089147,0.14713760236392412,0.25001888838819675
1773742683.5975475,0.07590131470089147,0.14713760236392412,0.25001888838819675
1773742683.6075745,0.07590131470089147,0.14713760236392412,0.25001888838819675
1773742683.6175644,0.07590131470089147,0.14713760236392412,0.25001888838819675
1773742683.6275642,0.07590131470089147,0.14713760236392412,0.25001888838819675
1773742683.637553,0.07590131470089147,0.14713760236392412,0.25001888838819675
1773742683.6482112,0.07590131470089147,0.14713760236392412,0.25001888838819675
1773742683.6575925,0.07590131470089147,0.14713760236392412,0.25001888838819675
1773742683.6674879,0.07590131470089147,0.14713760236392412,0.25001888838819675
1773742683.6772869,0.07590131470089147,0.14713760236392412,0.25001888838819675
1773742683.6877975,0.07590131470089147,0.14713760236392412,0.25001888838819675
1773742683.6974013,0.07590131470089147,0.14713760236392412,0.25001888838819675
1773742683.7074077,0.07590131470089147,0.14713760236392412,0.25001888838819675
1773742683.7175057,0.07590131470089147,0.14713760236392412,0.25001888838819675
1773742683.7272415,0.07590131470089147,0.14713760236392412,0.25001888838819675
1773742683.7366643,0.07590131470089147,0.14713760236392412,0.25001888838819675
1773742683.7471168,0.07590131470089147,0.14713760236392412,0.25001888838819675
1773742683.7565062,0.07590131470089147,0.14713760236392412,0.25001888838819675
1773742683.7668345,0.07590131470089147,0.14713760236392412,0.25001888838819675
1773742683.776767,0.07590131470089147,0.14713760236392412,0.25001888838819675
1773742683.786908,0.07590131470089147,0.14713760236392412,0.25001888838819675
1773742683.797155,0.07590131470089147,0.14713760236392412,0.25001888838819675
1773742683.8070557,0.07590131470089147,0.14713760236392412,0.25001888838819675
1773742683.8167164,0.07590131470089147,0.14713760236392412,0.25001888838819675
1773742683.8264656,0.07590131470089147,0.14713760236392412,0.25001888838819675
1773742683.836402,0.07590131470089147,0.14713760236392412,0.25001888838819675
1773742683.8466911,0.07590131470089147,0.14713760236392412,0.25001888838819675
1773742683.8570724,0.07590131470089147,0.14713760236392412,0.25001888838819675
1773742683.8668556,0.07590131470089147,0.14713760236392412,0.25001888838819675
1773742683.8768544,0.07590131470089147,0.14713760236392412,0.25001888838819675
1773742683.8866897,0.07590131470089147,0.14713760236392412,0.25001888838819675
1773742683.897216,0.07590131470089147,0.14713760236392412,0.25001888838819675
1773742683.9073691,0.07590131470089147,0.14713760236392412,0.25001888838819675
1773742683.9165597,0.07590131470089147,0.14713760236392412,0.25001888838819675
1773742683.926642,0.07590131470089147,0.14713760236392412,0.25001888838819675
1773742683.9367912,0.07590131470089147,0.14713760236392412,0.25001888838819675
1773742683.9468622,0.07590131470089147,0.14713760236392412,0.25001888838819675
1773742683.95692,0.07590131470089147,0.14713760236392412,0.25001888838819675
1773742683.9671407,0.07590131470089147,0.14713760236392412,0.25001888838819675
1773742683.9769757,0.07590131470089147,0.14713760236392412,0.25001888838819675
1773742683.9869816,0.07590131470089147,0.14713760236392412,0.25001888838819675
1773742684.0011427,0.07590131470089147,0.14713760236392412,0.25001888838819675
1773742684.0136795,0.07590131470089147,0.14713760236392412,0.25001888838819675
1773742684.021225,0.07590131470089147,0.14713760236392412,0.25001888838819675
1773742684.0276372,0.07590131470089147,0.14713760236392412,0.25001888838819675
1773742684.0373778,0.07590131470089147,0.14713760236392412,0.25001888838819675
1773742684.0462902,0.07590131470089147,0.14713760236392412,0.25001888838819675
1773742684.0562305,0.07590131470089147,0.14713760236392412,0.25001888838819675
1773742684.066419,0.07590131470089147,0.14713760236392412,0.25001888838819675
1773742684.0777023,0.07590131470089147,0.14713760236392412,0.25001888838819675
1773742684.086552,0.07590131470089147,0.14713760236392412,0.25001888838819675
1773742684.0965858,0.07590131470089147,0.14713760236392412,0.25001888838819675
1773742684.106386,0.07590131470089147,0.14713760236392412,0.25001888838819675
1773742684.116375,0.07590131470089147,0.14713760236392412,0.25001888838819675
1773742684.1264448,0.07590131470089147,0.14713760236392412,0.25001888838819675
1773742684.136443,0.07590131470089147,0.14713760236392412,0.25001888838819675
1773742684.1464446,0.07590131470089147,0.14713760236392412,0.25001888838819675
1773742684.1563683,0.07590131470089147,0.14713760236392412,0.25001888838819675
1773742684.1664836,0.07590131470089147,0.14713760236392412,0.25001888838819675
1773742684.1764703,0.07590131470089147,0.14713760236392412,0.25001888838819675
1773742684.1863158,0.07590131470089147,0.14713760236392412,0.25001888838819675
1773742684.1964548,0.07590131470089147,0.14713760236392412,0.25001888838819675
1773742684.2066987,0.07590131470089147,0.14713760236392412,0.25001888838819675
1773742684.2164226,0.07590131470089147,0.14713760236392412,0.25001888838819675
1773742684.226504,0.07590131470089147,0.14713760236392412,0.25001888838819675
1773742684.236521,0.07590131470089147,0.14713760236392412,0.25001888838819675
1773742684.2465956,0.07590131470089147,0.14713760236392412,0.25001888838819675
1773742684.2568543,0.07590131470089147,0.14713760236392412,0.25001888838819675
1773742684.2667587,0.07590131470089147,0.14713760236392412,0.25001888838819675
1773742684.2767098,0.07590131470089147,0.14713760236392412,0.25001888838819675
1773742684.286744,0.07590131470089147,0.14713760236392412,0.25001888838819675
1773742684.296827,0.07590131470089147,0.14713760236392412,0.25001888838819675
1773742684.306602,0.07590131470089147,0.14713760236392412,0.25001888838819675
1773742684.3166056,0.07590131470089147,0.14713760236392412,0.25001888838819675
1773742684.326451,0.07590131470089147,0.14713760236392412,0.25001888838819675
1773742684.3364675,0.07590131470089147,0.14713760236392412,0.25001888838819675
1773742684.3464031,0.07590131470089147,0.14713760236392412,0.25001888838819675
1773742684.3564258,0.07590131470089147,0.14713760236392412,0.25001888838819675
1773742684.3664207,0.07590131470089147,0.14713760236392412,0.25001888838819675
1773742684.3763173,0.07590131470089147,0.14713760236392412,0.25001888838819675
1773742684.3864312,0.07590131470089147,0.14713760236392412,0.25001888838819675
1773742684.3964276,0.07590131470089147,0.14713760236392412,0.25001888838819675
1773742684.4064531,0.07590131470089147,0.14713760236392412,0.25001888838819675
1773742684.4166098,0.07590131470089147,0.14713760236392412,0.25001888838819675
1773742684.4264717,0.07590131470089147,0.14713760236392412,0.25001888838819675
1773742684.4365156,0.07590131470089147,0.14713760236392412,0.25001888838819675
1773742684.4465249,0.07590131470089147,0.14713760236392412,0.25001888838819675
1773742684.4569724,0.07590131470089147,0.14713760236392412,0.25001888838819675
1773742684.466333,0.07590131470089147,0.14713760236392412,0.25001888838819675
1773742684.4765544,0.07590131470089147,0.14713760236392412,0.25001888838819675
1773742684.4867673,0.07590131470089147,0.14713760236392412,0.25001888838819675
1773742684.4968846,0.07590131470089147,0.14713760236392412,0.25001888838819675
1773742684.5065653,0.07590131470089147,0.14713760236392412,0.25001888838819675
1773742684.5166917,0.07590131470089147,0.14713760236392412,0.25001888838819675
1773742684.5265474,0.07590131470089147,0.14713760236392412,0.25001888838819675
1773742684.5364685,0.07590131470089147,0.14713760236392412,0.25001888838819675
1773742684.5465763,0.07590131470089147,0.14713760236392412,0.25001888838819675
1773742684.5567772,0.07590131470089147,0.14713760236392412,0.25001888838819675
1773742684.566334,0.07590131470089147,0.14713760236392412,0.25001888838819675
1773742684.5762904,0.07590131470089147,0.14713760236392412,0.25001888838819675
1773742684.5866115,0.07590131470089147,0.14713760236392412,0.25001888838819675
1773742684.596632,0.07590131470089147,0.14713760236392412,0.25001888838819675
1773742684.6069956,0.07590131470089147,0.14713760236392412,0.25001888838819675
1773742684.61653,0.07590131470089147,0.14713760236392412,0.25001888838819675
1773742684.6268806,0.0758947944691752,0.1471240940987461,0.2504021779282618
1773742684.6367567,0.0758947944691752,0.1471240940987461,0.2504021779282618
1773742684.6466055,0.0758947944691752,0.1471240940987461,0.2504021779282618
1773742684.656856,0.0758947944691752,0.1471240940987461,0.2504021779282618
1773742684.6666768,0.07588826305124854,0.14711056418238697,0.2507854181012331
1773742684.6768847,0.07588826305124854,0.14711056418238697,0.2507854181012331
1773742684.687595,0.07588826305124854,0.14711056418238697,0.2507854181012331
1773742684.6966827,0.07588826305124854,0.14711056418238697,0.2507854181012331
1773742684.7072158,0.07588172873353753,0.1470963276649427,0.2511686326938415
1773742684.7169702,0.07588172873353753,0.1470963276649427,0.2511686326938415
1773742684.7270682,0.07588172873353753,0.1470963276649427,0.2511686326938415
1773742684.7370837,0.07588172873353753,0.1470963276649427,0.2511686326938415
1773742684.747037,0.07587517524327436,0.14708275509706337,0.2515517738256709
1773742684.7568817,0.07587517524327436,0.14708275509706337,0.2515517738256709
1773742684.7667267,0.07587517524327436,0.14708275509706337,0.2515517738256709
1773742684.7769914,0.07587517524327436,0.14708275509706337,0.2515517738256709
1773742684.7869117,0.07586861090271413,0.14706916154107896,0.251934865375588
1773742684.7965014,0.07586861090271413,0.14706916154107896,0.251934865375588
1773742684.806923,0.07586861090271413,0.14706916154107896,0.251934865375588
1773742684.816497,0.07586861090271413,0.14706916154107896,0.251934865375588
1773742684.8266673,0.0758620358207952,0.14705554721175168,0.252317907271276
1773742684.8370726,0.0758620358207952,0.14705554721175168,0.252317907271276
1773742684.8468413,0.0758620358207952,0.14705554721175168,0.252317907271276
1773742684.8566475,0.0758620358207952,0.14705554721175168,0.252317907271276
1773742684.8668392,0.07585545010501198,0.1470419123210534,0.25270089944017504
1773742684.87655,0.07585545010501198,0.1470419123210534,0.25270089944017504
1773742684.8865602,0.07585545010501198,0.1470419123210534,0.25270089944017504
1773742684.8967514,0.07585545010501198,0.1470419123210534,0.25270089944017504
1773742684.906714,0.07584886172745377,0.14702758115468278,0.2530838586456778
1773742684.916699,0.07584886172745377,0.14702758115468278,0.2530838586456778
1773742684.9266732,0.07584886172745377,0.14702758115468278,0.2530838586456778
1773742684.9368358,0.07584886172745377,0.14702758115468278,0.2530838586456778
1773742684.9469929,0.0758422550236658,0.1470139057508864,0.2534667510507117
1773742684.9568214,0.0758422550236658,0.1470139057508864,0.2534667510507117
1773742684.9664972,0.0758422550236658,0.1470139057508864,0.2534667510507117
1773742684.9765959,0.0758422550236658,0.1470139057508864,0.2534667510507117
1773742684.9871955,0.07583563800002394,0.14700021040477454,0.25384959350827674
1773742684.9969397,0.07583563800002394,0.14700021040477454,0.25384959350827674
1773742685.0067852,0.07583563800002394,0.14700021040477454,0.25384959350827674
1773742685.016667,0.07583563800002394,0.14700021040477454,0.25384959350827674
1773742685.0271397,0.07582901075830221,0.1469864953167799,0.25423238594394687
1773742685.03682,0.07582901075830221,0.1469864953167799,0.25423238594394687
1773742685.0472002,0.07582901075830221,0.1469864953167799,0.25423238594394687
1773742685.0571113,0.07582901075830221,0.1469864953167799,0.25423238594394687
1773742685.0668461,0.07582237339883904,0.1469727606844894,0.25461512828261623
1773742685.0768688,0.07582237339883904,0.1469727606844894,0.25461512828261623
1773742685.0869706,0.07582237339883904,0.1469727606844894,0.25461512828261623
1773742685.096972,0.07582237339883904,0.1469727606844894,0.25461512828261623
1773742685.1068854,0.07581573361030428,0.1469583398716162,0.254997830200321
1773742685.1176562,0.07581573361030428,0.1469583398716162,0.254997830200321
1773742685.12768,0.07581573361030428,0.1469583398716162,0.254997830200321
1773742685.137797,0.07581573361030428,0.1469583398716162,0.254997830200321
1773742685.1492999,0.07580907627553166,0.14694456672071168,0.2553804720304135
1773742685.1572409,0.07580907627553166,0.14694456672071168,0.2553804720304135
1773742685.1676602,0.07580907627553166,0.14694456672071168,0.2553804720304135
1773742685.1768825,0.07580907627553166,0.14694456672071168,0.2553804720304135
1773742685.1891117,0.0758024091159918,0.14693077460222403,0.25576306353551637
1773742685.197722,0.0758024091159918,0.14693077460222403,0.25576306353551637
1773742685.207461,0.0758024091159918,0.14693077460222403,0.25576306353551637
1773742685.217915,0.0758024091159918,0.14693077460222403,0.25576306353551637
1773742685.2271829,0.07579573222650418,0.14691696370274296,0.2561456046382752
1773742685.2379823,0.07579573222650418,0.14691696370274296,0.2561456046382752
1773742685.248011,0.07579573222650418,0.14691696370274296,0.2561456046382752
1773742685.2579243,0.07579573222650418,0.14691696370274296,0.2561456046382752
1773742685.2677355,0.07578905309035128,0.14690247453545208,0.25652809929977677
1773742685.2776978,0.07578905309035128,0.14690247453545208,0.25652809929977677
1773742685.2876167,0.07578905309035128,0.14690247453545208,0.25652809929977677
1773742685.2984405,0.07578905309035128,0.14690247453545208,0.25652809929977677
1773742685.3078067,0.07578236438522587,0.14688796762228748,0.25691054183439727
1773742685.3184772,0.07578236438522587,0.14688796762228748,0.25691054183439727
1773742685.3278,0.07578236438522587,0.14688796762228748,0.25691054183439727
1773742685.3374908,0.07578236438522587,0.14688796762228748,0.25691054183439727
1773742685.347355,0.07577565879371533,0.14687410145375943,0.25729293109043383
1773742685.3570359,0.07577565879371533,0.14687410145375943,0.25729293109043383
1773742685.3689692,0.07577565879371533,0.14687410145375943,0.25729293109043383
1773742685.3770773,0.07577565879371533,0.14687410145375943,0.25729293109043383
1773742685.3876727,0.07576894383862014,0.14686021722445022,0.25767526962936976
1773742685.3976264,0.07576894383862014,0.14686021722445022,0.25767526962936976
1773742685.4072206,0.07576894383862014,0.14686021722445022,0.25767526962936976
1773742685.4184136,0.07576894383862014,0.14686021722445022,0.25767526962936976
1773742685.4286766,0.0757622196081049,0.14684631510765622,0.25805755737074937
1773742685.4381618,0.0757622196081049,0.14684631510765622,0.25805755737074937
1773742685.4496152,0.0757622196081049,0.14684631510765622,0.25805755737074937
1773742685.4577746,0.0757622196081049,0.14684631510765622,0.25805755737074937
1773742685.4687707,0.07575549335432072,0.14683174441404181,0.25843979107662407
1773742685.4773712,0.07575549335432072,0.14683174441404181,0.25843979107662407
1773742685.4876318,0.07575549335432072,0.14683174441404181,0.25843979107662407
1773742685.4974637,0.07575549335432072,0.14683174441404181,0.25843979107662407
1773742685.507321,0.07574875797877077,0.14681715683912344,0.2588219722563251
1773742685.5187783,0.07574875797877077,0.14681715683912344,0.2588219722563251
1773742685.5278,0.07574875797877077,0.14681715683912344,0.2588219722563251
1773742685.5372317,0.07574875797877077,0.14681715683912344,0.2588219722563251
1773742685.547434,0.07574200637337013,0.14680320205971295,0.25920410694971757
1773742685.5574543,0.07574200637337013,0.14680320205971295,0.25920410694971757
1773742685.5684805,0.07574200637337013,0.14680320205971295,0.25920410694971757
1773742685.5775146,0.07574200637337013,0.14680320205971295,0.25920410694971757
1773742685.5882244,0.07573524583275276,0.14678923006047656,0.2595861905167922
1773742685.597915,0.07573524583275276,0.14678923006047656,0.2595861905167922
1773742685.6081412,0.07573524583275276,0.14678923006047656,0.2595861905167922
1773742685.619449,0.07573524583275276,0.14678923006047656,0.2595861905167922
1773742685.6278136,0.0757284764387051,0.146775241001786,0.2599682228732324
1773742685.6380424,0.0757284764387051,0.146775241001786,0.2599682228732324
1773742685.6487129,0.0757284764387051,0.146775241001786,0.2599682228732324
1773742685.6575966,0.0757284764387051,0.146775241001786,0.2599682228732324
1773742685.669769,0.07572170523978053,0.14676059283456577,0.2603501935229026
1773742685.6786168,0.07572170523978053,0.14676059283456577,0.2603501935229026
1773742685.687729,0.07572170523978053,0.14676059283456577,0.2603501935229026
1773742685.6983247,0.07572170523978053,0.14676059283456577,0.2603501935229026
1773742685.707722,0.07571492533396441,0.14674592858591096,0.26073211122803813
1773742685.7188983,0.07571492533396441,0.14674592858591096,0.26073211122803813
1773742685.7281585,0.07571492533396441,0.14674592858591096,0.26073211122803813
1773742685.7385426,0.07571492533396441,0.14674592858591096,0.26073211122803813
1773742685.7484272,0.07570812979583877,0.14673188927758307,0.2611139892790401
1773742685.758118,0.07570812979583877,0.14673188927758307,0.2611139892790401
1773742685.7699916,0.07570812979583877,0.14673188927758307,0.2611139892790401
1773742685.7783964,0.07570812979583877,0.14673188927758307,0.2611139892790401
1773742685.7886631,0.07570132571929142,0.14671783352707887,0.2614958157746312
1773742685.7983851,0.07570132571929142,0.14671783352707887,0.2614958157746312
1773742685.8078122,0.07570132571929142,0.14671783352707887,0.2614958157746312
1773742685.8195326,0.07570132571929142,0.14671783352707887,0.2614958157746312
1773742685.8279986,0.0756945131799366,0.14670376148231573,0.26187759062630367
1773742685.8389168,0.0756945131799366,0.14670376148231573,0.26187759062630367
1773742685.8482988,0.0756945131799366,0.14670376148231573,0.26187759062630367
1773742685.8577974,0.0756945131799366,0.14670376148231573,0.26187759062630367
1773742685.869745,0.07568769904921244,0.14668903957748483,0.26225929602151093
1773742685.8776128,0.07568769904921244,0.14668903957748483,0.26225929602151093
1773742685.887822,0.07568769904921244,0.14668903957748483,0.26225929602151093
1773742685.8986154,0.07568769904921244,0.14668903957748483,0.26225929602151093
1773742685.9077237,0.075680876595366,0.14667430232866777,0.26264094803265176
1773742685.9198916,0.075680876595366,0.14667430232866777,0.26264094803265176
1773742685.927724,0.075680876595366,0.14667430232866777,0.26264094803265176
1773742685.9396951,0.075680876595366,0.14667430232866777,0.26264094803265176
1773742685.9476845,0.07567403904996887,0.146660182261022,0.26302256725790124
1773742685.958259,0.07567403904996887,0.146660182261022,0.26302256725790124
1773742685.9695628,0.07567403904996887,0.146660182261022,0.26302256725790124
1773742685.9779856,0.07567403904996887,0.146660182261022,0.26302256725790124
1773742685.987888,0.07566719333254229,0.14664604646762852,0.2634041344764932
1773742685.9980278,0.07566719333254229,0.14664604646762852,0.2634041344764932
1773742686.0069747,0.07566719333254229,0.14664604646762852,0.2634041344764932
1773742686.0189347,0.07566719333254229,0.14664604646762852,0.2634041344764932
1773742686.0277681,0.0756603395127205,0.1466318950845262,0.26378564959513096
1773742686.0377588,0.0756603395127205,0.1466318950845262,0.26378564959513096
1773742686.0476918,0.0756603395127205,0.1466318950845262,0.26378564959513096
1773742686.0577345,0.0756603395127205,0.1466318950845262,0.26378564959513096
1773742686.0689082,0.0756534843102782,0.14661710287290644,0.26416708742750056
1773742686.0775392,0.0756534843102782,0.14661710287290644,0.26416708742750056
1773742686.0897412,0.0756534843102782,0.14661710287290644,0.26416708742750056
1773742686.098321,0.0756534843102782,0.14661710287290644,0.26416708742750056
1773742686.108395,0.07564662113852441,0.14660229599490013,0.26454847141247567
1773742686.1194956,0.07564662113852441,0.14660229599490013,0.26454847141247567
1773742686.1283414,0.07564662113852441,0.14660229599490013,0.26454847141247567
1773742686.1394613,0.07564662113852441,0.14660229599490013,0.26454847141247567
1773742686.1487334,0.07563974336139305,0.14658809863643565,0.26492982951273364
1773742686.1579306,0.07563974336139305,0.14658809863643565,0.26492982951273364
1773742686.1684744,0.07563974336139305,0.14658809863643565,0.26492982951273364
1773742686.1779814,0.07563974336139305,0.14658809863643565,0.26492982951273364
1773742686.1897178,0.07563285774925216,0.1465738862099371,0.2653111351305129
1773742686.198148,0.07563285774925216,0.1465738862099371,0.2653111351305129
1773742686.207508,0.07563285774925216,0.1465738862099371,0.2653111351305129
1773742686.2177937,0.07563285774925216,0.1465738862099371,0.2653111351305129
1773742686.2277646,0.07562596436608353,0.1465596588398497,0.26569238816739327
1773742686.2378843,0.07562596436608353,0.1465596588398497,0.26569238816739327
1773742686.2484202,0.07562596436608353,0.1465596588398497,0.26569238816739327
1773742686.25783,0.07562596436608353,0.1465596588398497,0.26569238816739327
1773742686.2677407,0.07561906980441466,0.14654479945884075,0.26607355600615457
1773742686.2775571,0.07561906980441466,0.14654479945884075,0.26607355600615457
1773742686.2875645,0.07561906980441466,0.14654479945884075,0.26607355600615457
1773742686.2970555,0.07561906980441466,0.14654479945884075,0.26607355600615457
1773742686.3070228,0.07561216759832909,0.14652992603131124,0.266454669507868
1773742686.3177643,0.07561216759832909,0.14652992603131124,0.266454669507868
1773742686.3271124,0.07561216759832909,0.14652992603131124,0.266454669507868
1773742686.3370986,0.07561216759832909,0.14652992603131124,0.266454669507868
1773742686.347385,0.07560525122045136,0.1465156545606189,0.2668357640567432
1773742686.356827,0.07560525122045136,0.1465156545606189,0.2668357640567432
1773742686.3667035,0.07560525122045136,0.1465156545606189,0.2668357640567432
1773742686.3771486,0.07560525122045136,0.1465156545606189,0.2668357640567432
1773742686.3876555,0.07559832731642906,0.14650136862287808,0.26721680562045935
1773742686.3969994,0.07559832731642906,0.14650136862287808,0.26721680562045935
1773742686.406887,0.07559832731642906,0.14650136862287808,0.26721680562045935
1773742686.417102,0.07559832731642906,0.14650136862287808,0.26721680562045935
1773742686.4269297,0.07559139594461999,0.14648706833148034,0.26759779409489726
1773742686.4372633,0.07559139594461999,0.14648706833148034,0.26759779409489726
1773742686.4469104,0.07559139594461999,0.14648706833148034,0.26759779409489726
1773742686.456985,0.07559139594461999,0.14648706833148034,0.26759779409489726
1773742686.4669058,0.07558445716236596,0.14647275379763025,0.2679787293748623
1773742686.4767182,0.07558445716236596,0.14647275379763025,0.2679787293748623
1773742686.4868693,0.07558445716236596,0.14647275379763025,0.2679787293748623
1773742686.4970262,0.07558445716236596,0.14647275379763025,0.2679787293748623
1773742686.5068812,0.07557751744064047,0.14645781755439424,0.2683595698512537
1773742686.5167005,0.07557751744064047,0.14645781755439424,0.2683595698512537
1773742686.5268004,0.07557751744064047,0.14645781755439424,0.2683595698512537
1773742686.5365176,0.07557751744064047,0.14645781755439424,0.2683595698512537
1773742686.5467625,0.07557056397949126,0.14644347486575163,0.26874039835299746
1773742686.556778,0.07557056397949126,0.14644347486575163,0.26874039835299746
1773742686.5667644,0.07557056397949126,0.14644347486575163,0.26874039835299746
1773742686.5768256,0.07557056397949126,0.14644347486575163,0.26874039835299746
1773742686.587094,0.07556360327358987,0.14642911825599456,0.26912117333758717
1773742686.5969353,0.07556360327358987,0.14642911825599456,0.26912117333758717
1773742686.606691,0.07556360327358987,0.14642911825599456,0.26912117333758717
1773742686.616675,0.07556360327358987,0.14642911825599456,0.26912117333758717
1773742686.6267765,0.07555663537601873,0.14641474782784436,0.26950189469486185
1773742686.6369865,0.07555663537601873,0.14641474782784436,0.26950189469486185
1773742686.6466725,0.07555663537601873,0.14641474782784436,0.26950189469486185
1773742686.6569,0.07555663537601873,0.14641474782784436,0.26950189469486185
1773742686.6667068,0.07554966033876719,0.14640036368192735,0.2698825623135115
1773742686.67662,0.07554966033876719,0.14640036368192735,0.2698825623135115
1773742686.6870298,0.07554966033876719,0.14640036368192735,0.2698825623135115
1773742686.697454,0.07554966033876719,0.14640036368192735,0.2698825623135115
1773742686.7067494,0.07554268455647087,0.14638536618066955,0.2702631270285462
1773742686.716891,0.07554268455647087,0.14638536618066955,0.2702631270285462
1773742686.726977,0.07554268455647087,0.14638536618066955,0.2702631270285462
1773742686.7368758,0.07554268455647087,0.14638536618066955,0.2702631270285462
1773742686.7467086,0.07553569536743536,0.14637095489970725,0.2706436867641546
1773742686.7569292,0.07553569536743536,0.14637095489970725,0.2706436867641546
1773742686.7667062,0.07553569536743536,0.14637095489970725,0.2706436867641546
1773742686.7768617,0.07553569536743536,0.14637095489970725,0.2706436867641546
1773742686.787198,0.07552869918875812,0.14635653019086825,0.27102419241929476
1773742686.796922,0.07552869918875812,0.14635653019086825,0.27102419241929476
1773742686.8068206,0.07552869918875812,0.14635653019086825,0.27102419241929476
1773742686.8171403,0.07552869918875812,0.14635653019086825,0.27102419241929476
1773742686.82678,0.07552169606838495,0.14634209214655736,0.2714046438772751
1773742686.8369184,0.07552169606838495,0.14634209214655736,0.2714046438772751
1773742686.846809,0.07552169606838495,0.14634209214655736,0.2714046438772751
1773742686.8567283,0.07552169606838495,0.14634209214655736,0.2714046438772751
1773742686.8665168,0.07551468605321213,0.1463276408571845,0.2717850410200927
1773742686.8766608,0.07551468605321213,0.1463276408571845,0.2717850410200927
1773742686.8867953,0.07551468605321213,0.1463276408571845,0.2717850410200927
1773742686.8968267,0.07551468605321213,0.1463276408571845,0.2717850410200927
1773742686.9068382,0.07550767548323413,0.14631258436219416,0.27216532706919905
1773742686.9175942,0.07550767548323413,0.14631258436219416,0.27216532706919905
1773742686.9271362,0.07550767548323413,0.14631258436219416,0.27216532706919905
1773742686.937165,0.07550767548323413,0.14631258436219416,0.27216532706919905
1773742686.9474537,0.07550065179204263,0.14629810685463526,0.272545615158575
1773742686.9568045,0.07550065179204263,0.14629810685463526,0.272545615158575
1773742686.966567,0.07550065179204263,0.14629810685463526,0.272545615158575
1773742686.9767442,0.07550065179204263,0.14629810685463526,0.272545615158575
1773742686.9866426,0.07549362134098556,0.1462836163615843,0.27292584857052454
1773742686.9969132,0.07549362134098556,0.1462836163615843,0.27292584857052454
1773742687.0068846,0.07549362134098556,0.1462836163615843,0.27292584857052454
1773742687.0168452,0.07549362134098556,0.1462836163615843,0.27292584857052454
1773742687.0271208,0.07548658417301829,0.14626911296547163,0.27330602718147945
1773742687.0373497,0.07548658417301829,0.14626911296547163,0.27330602718147945
1773742687.0472035,0.07548658417301829,0.14626911296547163,0.27330602718147945
1773742687.056606,0.07548658417301829,0.14626911296547163,0.27330602718147945
1773742687.0666306,0.07547954033012848,0.14625459674679073,0.27368615086624737
1773742687.0768845,0.07547954033012848,0.14625459674679073,0.27368615086624737
1773742687.0868683,0.07547954033012848,0.14625459674679073,0.27368615086624737
1773742687.097218,0.07547954033012848,0.14625459674679073,0.27368615086624737
1773742687.107475,0.0754724961186303,0.14623948327089414,0.2740661551741235
1773742687.11754,0.0754724961186303,0.14623948327089414,0.2740661551741235
1773742687.1266754,0.0754724961186303,0.14623948327089414,0.2740661551741235
1773742687.136787,0.0754724961186303,0.14623948327089414,0.2740661551741235
1773742687.1469312,0.0754654390258951,0.1462249416514836,0.27444616856476645
1773742687.15714,0.0754654390258951,0.1462249416514836,0.27444616856476645
1773742687.1666834,0.0754654390258951,0.1462249416514836,0.27444616856476645
1773742687.1766872,0.0754654390258951,0.1462249416514836,0.27444616856476645
1773742687.1872637,0.07545837537854294,0.1462103874397403,0.27482612664531925
1773742687.1966062,0.07545837537854294,0.1462103874397403,0.27482612664531925
1773742687.2065437,0.07545837537854294,0.1462103874397403,0.27482612664531925
1773742687.2164938,0.07545837537854294,0.1462103874397403,0.27482612664531925
1773742687.2267013,0.07545130521474348,0.14619582070851161,0.2752060292847416
1773742687.2370255,0.07545130521474348,0.14619582070851161,0.2752060292847416
1773742687.2471483,0.07545130521474348,0.14619582070851161,0.2752060292847416
1773742687.2571342,0.07545130521474348,0.14619582070851161,0.2752060292847416
1773742687.2670035,0.07544422857167883,0.14618124152868578,0.2755858763504579
1773742687.2766545,0.07544422857167883,0.14618124152868578,0.2755858763504579
1773742687.2866137,0.07544422857167883,0.14618124152868578,0.2755858763504579
1773742687.2970064,0.07544422857167883,0.14618124152868578,0.2755858763504579
1773742687.3070586,0.07543715174230581,0.1461660728417107,0.2759655956597285
1773742687.3167214,0.07543715174230581,0.1461660728417107,0.2759655956597285
1773742687.3267977,0.07543715174230581,0.1461660728417107,0.2759655956597285
1773742687.3369935,0.07543715174230581,0.1461660728417107,0.2759655956597285
1773742687.3470457,0.07543006222763607,0.1461514689824424,0.27634533111600396
1773742687.3571053,0.07543006222763607,0.1461514689824424,0.27634533111600396
1773742687.3668323,0.07543006222763607,0.1461514689824424,0.27634533111600396
1773742687.3769813,0.07543006222763607,0.1461514689824424,0.27634533111600396
1773742687.38669,0.07542296633989164,0.14613685287646797,0.27672501059144267
1773742687.3970122,0.07542296633989164,0.14613685287646797,0.27672501059144267
1773742687.4066677,0.07542296633989164,0.14613685287646797,0.27672501059144267
1773742687.4164784,0.07542296633989164,0.14613685287646797,0.27672501059144267
1773742687.4267673,0.0754158641125844,0.1461222245873396,0.2771046339472112
1773742687.4368591,0.0754158641125844,0.1461222245873396,0.2771046339472112
1773742687.4466512,0.0754158641125844,0.1461222245873396,0.2771046339472112
1773742687.4567611,0.0754158641125844,0.1461222245873396,0.2771046339472112
1773742687.4668121,0.07540875557826984,0.1461075841766241,0.27748420104266847
1773742687.4767292,0.07540875557826984,0.1461075841766241,0.27748420104266847
1773742687.4869137,0.07540875557826984,0.1461075841766241,0.27748420104266847
1773742687.4970665,0.07540875557826984,0.1461075841766241,0.27748420104266847
1773742687.506971,0.07540164703619795,0.1460923618134573,0.2778636319022025
1773742687.5173068,0.07540164703619795,0.1460923618134573,0.2778636319022025
1773742687.5273058,0.07540164703619795,0.1460923618134573,0.2778636319022025
1773742687.5368083,0.07540164703619795,0.1460923618134573,0.2778636319022025
1773742687.5466654,0.07539452596212536,0.14607769735159393,0.2782430859938419
1773742687.5567904,0.07539452596212536,0.14607769735159393,0.2782430859938419
1773742687.5668068,0.07539452596212536,0.14607769735159393,0.2782430859938419
1773742687.5771353,0.07539452596212536,0.14607769735159393,0.2782430859938419
1773742687.5874076,0.07538739867353923,0.1460630209426007,0.27862248339380663
1773742687.5975,0.07538739867353923,0.1460630209426007,0.27862248339380663
1773742687.6074038,0.07538739867353923,0.1460630209426007,0.27862248339380663
1773742687.6168237,0.07538739867353923,0.1460630209426007,0.27862248339380663
1773742687.626841,0.07538026519942051,0.1460483326409417,0.2790018239548567
1773742687.636676,0.07538026519942051,0.1460483326409417,0.2790018239548567
1773742687.6470685,0.07538026519942051,0.1460483326409417,0.2790018239548567
1773742687.6569157,0.07538026519942051,0.1460483326409417,0.2790018239548567
1773742687.6666396,0.0753731255678992,0.146033632499271,0.27938110752802026
1773742687.677213,0.0753731255678992,0.146033632499271,0.27938110752802026
1773742687.687549,0.0753731255678992,0.146033632499271,0.27938110752802026
1773742687.6972814,0.0753731255678992,0.146033632499271,0.27938110752802026
1773742687.706835,0.07536598610357186,0.14601835776741529,0.2797602462820437
1773742687.7172682,0.07536598610357186,0.14601835776741529,0.2797602462820437
1773742687.727272,0.07536598610357186,0.14601835776741529,0.2797602462820437
1773742687.7369108,0.07536598610357186,0.14601835776741529,0.2797602462820437
1773742687.7470295,0.07535883421917017,0.14600363411262676,0.2801394153733306
1773742687.756668,0.07535883421917017,0.14600363411262676,0.2801394153733306
1773742687.7670012,0.07535883421917017,0.14600363411262676,0.2801394153733306
1773742687.7769363,0.07535883421917017,0.14600363411262676,0.2801394153733306
1773742687.7865732,0.07535167625653749,0.14598889876559726,0.2805185270196278
1773742687.7968216,0.07535167625653749,0.14598889876559726,0.2805185270196278
1773742687.8074923,0.07535167625653749,0.14598889876559726,0.2805185270196278
1773742687.816929,0.07535167625653749,0.14598889876559726,0.2805185270196278
1773742687.827035,0.07534451224030649,0.14597415177199435,0.2808975810648483
1773742687.8372557,0.07534451224030649,0.14597415177199435,0.2808975810648483
1773742687.8470268,0.07534451224030649,0.14597415177199435,0.2808975810648483
1773742687.8566017,0.07534451224030649,0.14597415177199435,0.2808975810648483
1773742687.8665874,0.07533734219423734,0.14595939317582093,0.2812765773511135
1773742687.8767176,0.07533734219423734,0.14595939317582093,0.2812765773511135
1773742687.8868878,0.07533734219423734,0.14595939317582093,0.2812765773511135
1773742687.8974762,0.07533734219423734,0.14595939317582093,0.2812765773511135
1773742687.9072065,0.07533017248686379,0.14594406716219938,0.2816554201271993
1773742687.9167838,0.07533017248686379,0.14594406716219938,0.2816554201271993
1773742687.9269753,0.07533017248686379,0.14594406716219938,0.2816554201271993
1773742687.9370568,0.07533017248686379,0.14594406716219938,0.2816554201271993
1773742687.9468977,0.07532299043112387,0.14592928550337259,0.2820343003655594
1773742687.9570315,0.07532299043112387,0.14592928550337259,0.2820343003655594
1773742687.9667563,0.07532299043112387,0.14592928550337259,0.2820343003655594
1773742687.9767432,0.07532299043112387,0.14592928550337259,0.2820343003655594
1773742687.9870884,0.07531580241184327,0.145914492363877,0.28241312236068733
1773742687.997,0.07531580241184327,0.145914492363877,0.28241312236068733
1773742688.0067103,0.07531580241184327,0.145914492363877,0.28241312236068733
1773742688.0167425,0.07531580241184327,0.145914492363877,0.28241312236068733
1773742688.0267987,0.07530860844937569,0.14589968778084272,0.2827918859472625
1773742688.0370846,0.07530860844937569,0.14589968778084272,0.2827918859472625
1773742688.0467818,0.07530860844937569,0.14589968778084272,0.2827918859472625
1773742688.0569866,0.07530860844937569,0.14589968778084272,0.2827918859472625
1773742688.0671914,0.07530140856327622,0.1458848717897487,0.2831705909580867
1773742688.076748,0.07530140856327622,0.1458848717897487,0.2831705909580867
1773742688.0868635,0.07530140856327622,0.1458848717897487,0.2831705909580867
1773742688.096707,0.07530140856327622,0.1458848717897487,0.2831705909580867
1773742688.1070592,0.0752942091840756,0.14586949536727453,0.28354913365551354
1773742688.1168046,0.0752942091840756,0.14586949536727453,0.28354913365551354
1773742688.1266205,0.0752942091840756,0.14586949536727453,0.28354913365551354
1773742688.1368215,0.0752942091840756,0.14586949536727453,0.28354913365551354
1773742688.1468801,0.07528699748910046,0.145854656678933,0.2839277209596052
1773742688.157186,0.07528699748910046,0.145854656678933,0.2839277209596052
1773742688.1670287,0.07528699748910046,0.145854656678933,0.2839277209596052
1773742688.1765566,0.07528699748910046,0.145854656678933,0.2839277209596052
1773742688.186929,0.07527977992422372,0.14583980667930393,0.28430624917506414
1773742688.1967564,0.07527977992422372,0.14583980667930393,0.28430624917506414
1773742688.2069,0.07527977992422372,0.14583980667930393,0.28430624917506414
1773742688.2167878,0.07527977992422372,0.14583980667930393,0.28430624917506414
1773742688.2267592,0.07527255650568797,0.14582494539722138,0.28468471812693397
1773742688.2370415,0.07527255650568797,0.14582494539722138,0.28468471812693397
1773742688.2465904,0.07527255650568797,0.14582494539722138,0.28468471812693397
1773742688.2568276,0.07527255650568797,0.14582494539722138,0.28468471812693397
1773742688.2666523,0.07526532724890972,0.14581007285986528,0.2850631276382668
1773742688.2768211,0.07526532724890972,0.14581007285986528,0.2850631276382668
1773742688.2868214,0.07526532724890972,0.14581007285986528,0.2850631276382668
1773742688.2970538,0.07526532724890972,0.14581007285986528,0.2850631276382668
1773742688.3068864,0.07525809866408696,0.14579464669333975,0.28544136591617036
1773742688.3168352,0.07525809866408696,0.14579464669333975,0.28544136591617036
1773742688.3268034,0.07525809866408696,0.14579464669333975,0.28544136591617036
1773742688.3370786,0.07525809866408696,0.14579464669333975,0.28544136591617036
1773742688.3468204,0.07525085775791673,0.14577975174132313,0.2858196559641499
1773742688.3570652,0.07525085775791673,0.14577975174132313,0.2858196559641499
1773742688.3667493,0.07525085775791673,0.14577975174132313,0.2858196559641499
1773742688.3767464,0.07525085775791673,0.14577975174132313,0.2858196559641499
1773742688.3870935,0.0752436110550588,0.14576484560626643,0.2861978860285322
1773742688.396869,0.0752436110550588,0.14576484560626643,0.2861978860285322
1773742688.40682,0.0752436110550588,0.14576484560626643,0.2861978860285322
1773742688.4167063,0.0752436110550588,0.14576484560626643,0.2861978860285322
1773742688.42679,0.0752363585676535,0.1457499283089973,0.2865760559243494
1773742688.4371924,0.0752363585676535,0.1457499283089973,0.2865760559243494
1773742688.4469984,0.0752363585676535,0.1457499283089973,0.2865760559243494
1773742688.4568987,0.0752363585676535,0.1457499283089973,0.2865760559243494
1773742688.4667373,0.0752291003071368,0.1457349998686013,0.2869541654639699
1773742688.477428,0.0752291003071368,0.1457349998686013,0.2869541654639699
1773742688.4867153,0.0752291003071368,0.1457349998686013,0.2869541654639699
1773742688.4972868,0.0752291003071368,0.1457349998686013,0.2869541654639699
1773742688.5074224,0.07522184288063807,0.14571952442015004,0.2873320947283956
1773742688.517055,0.07522184288063807,0.14571952442015004,0.2873320947283956
1773742688.5269945,0.07522184288063807,0.14571952442015004,0.2873320947283956
1773742688.5372472,0.07522184288063807,0.14571952442015004,0.2873320947283956
1773742688.5471768,0.0752145730899744,0.1457045737667989,0.28771008294555406
1773742688.557188,0.0752145730899744,0.1457045737667989,0.28771008294555406
1773742688.5668325,0.0752145730899744,0.1457045737667989,0.28771008294555406
1773742688.5775018,0.0752145730899744,0.1457045737667989,0.28771008294555406
1773742688.5888333,0.07520729755576176,0.1456896120186798,0.28808801023216846
1773742688.5973577,0.07520729755576176,0.1456896120186798,0.28808801023216846
1773742688.609177,0.07520729755576176,0.1456896120186798,0.28808801023216846
1773742688.617657,0.07520729755576176,0.1456896120186798,0.28808801023216846
1773742688.6285343,0.07520001628627668,0.14567463918851237,0.2884658763923413
1773742688.6392875,0.07520001628627668,0.14567463918851237,0.2884658763923413
1773742688.6482003,0.07520001628627668,0.14567463918851237,0.2884658763923413
1773742688.6577115,0.07520001628627668,0.14567463918851237,0.2884658763923413
1773742688.6681252,0.07519273597840358,0.14565912451917834,0.28884355495278585
1773742688.6775079,0.07519273597840358,0.14565912451917834,0.28884355495278585
1773742688.688889,0.07519273597840358,0.14565912451917834,0.28884355495278585
1773742688.6979306,0.07519273597840358,0.14565912451917834,0.28884355495278585
1773742688.708325,0.07518544999902571,0.14564359938993984,0.28922117043640355
1773742688.7176836,0.07518544999902571,0.14564359938993984,0.28922117043640355
1773742688.727471,0.07518544999902571,0.14564359938993984,0.28922117043640355
1773742688.7382114,0.07518544999902571,0.14564359938993984,0.28922117043640355
1773742688.7476516,0.07517815153742528,0.14562859342283518,0.2895988519450478
1773742688.7576675,0.07517815153742528,0.14562859342283518,0.2895988519450478
1773742688.7666376,0.07517815153742528,0.14562859342283518,0.2895988519450478
1773742688.7775033,0.07517815153742528,0.14562859342283518,0.2895988519450478
1773742688.787247,0.07517084736607384,0.14561357641015424,0.28997647152169836
1773742688.796684,0.07517084736607384,0.14561357641015424,0.28997647152169836
1773742688.8067248,0.07517084736607384,0.14561357641015424,0.28997647152169836
1773742688.8165975,0.07517084736607384,0.14561357641015424,0.28997647152169836
1773742688.8268836,0.07516353748938559,0.145598548357008,0.2903540289592142
1773742688.838315,0.07516353748938559,0.145598548357008,0.2903540289592142
1773742688.8472736,0.07516353748938559,0.145598548357008,0.2903540289592142
1773742688.8578894,0.07516353748938559,0.145598548357008,0.2903540289592142
1773742688.867688,0.07515622873135243,0.1455829847694383,0.2907313895229263
1773742688.8771398,0.07515622873135243,0.1455829847694383,0.2907313895229263
1773742688.8872676,0.07515622873135243,0.1455829847694383,0.2907313895229263
1773742688.896908,0.07515622873135243,0.1455829847694383,0.2907313895229263
1773742688.9067595,0.07514891432735084,0.145567410743421,0.29110868597260514
1773742688.9179997,0.07514891432735084,0.145567410743421,0.29110868597260514
1773742688.927301,0.07514891432735084,0.145567410743421,0.29110868597260514
1773742688.9390008,0.07514891432735084,0.145567410743421,0.29110868597260514
1773742688.947797,0.0751415873271447,0.1455523496347803,0.29148605565814767
1773742688.95811,0.0751415873271447,0.1455523496347803,0.29148605565814767
1773742688.9679773,0.0751415873271447,0.1455523496347803,0.29148605565814767
1773742688.9780223,0.0751415873271447,0.1455523496347803,0.29148605565814767
1773742688.9885328,0.0751342546318695,0.14553727749147366,0.29186336235280763
1773742688.9978745,0.0751342546318695,0.14553727749147366,0.29186336235280763
1773742689.0082781,0.0751342546318695,0.14553727749147366,0.29186336235280763
1773742689.017605,0.0751342546318695,0.14553727749147366,0.29186336235280763
1773742689.0279164,0.07512691624211955,0.14552219431096736,0.2922406058375915
1773742689.039199,0.07512691624211955,0.14552219431096736,0.2922406058375915
1773742689.0484092,0.07512691624211955,0.14552219431096736,0.2922406058375915
1773742689.0575025,0.07512691624211955,0.14552219431096736,0.2922406058375915
1773742689.0693123,0.07511957215776222,0.1455071000893028,0.29261778589107396
1773742689.0774329,0.07511957215776222,0.1455071000893028,0.29261778589107396
1773742689.088577,0.07511957215776222,0.1455071000893028,0.29261778589107396
1773742689.0966887,0.07511957215776222,0.1455071000893028,0.29261778589107396
1773742689.1068475,0.07511222937714594,0.1454914776686944,0.2929947577603841
1773742689.1175706,0.07511222937714594,0.1454914776686944,0.2929947577603841
1773742689.1294987,0.07511222937714594,0.1454914776686944,0.2929947577603841
1773742689.1391532,0.07511222937714594,0.1454914776686944,0.2929947577603841
1773742689.147615,0.07510487388798881,0.14547636137343092,0.29337181024660486
1773742689.1577563,0.07510487388798881,0.14547636137343092,0.29337181024660486
1773742689.1682677,0.07510487388798881,0.14547636137343092,0.29337181024660486
1773742689.1774328,0.07510487388798881,0.14547636137343092,0.29337181024660486
1773742689.1882434,0.07509751269948124,0.14546123401625477,0.29374879862254366
1773742689.1973398,0.07509751269948124,0.14546123401625477,0.29374879862254366
1773742689.2077272,0.07509751269948124,0.14546123401625477,0.29374879862254366
1773742689.218006,0.07509751269948124,0.14546123401625477,0.29374879862254366
1773742689.2277942,0.07509014580850024,0.1454460955872869,0.2941257226568055
1773742689.2403307,0.07509014580850024,0.1454460955872869,0.2941257226568055
1773742689.2481496,0.07509014580850024,0.1454460955872869,0.2941257226568055
1773742689.2594345,0.07509014580850024,0.1454460955872869,0.2941257226568055
1773742689.2690237,0.07508278034273634,0.14543043371193154,0.29450243085173156
1773742689.278013,0.07508278034273634,0.14543043371193154,0.29450243085173156
1773742689.2901094,0.07508278034273634,0.14543043371193154,0.29450243085173156
1773742689.2975838,0.07508278034273634,0.14543043371193154,0.29450243085173156
1773742689.3085256,0.07507540922547239,0.14541476132751047,0.2948790726764039
1773742689.318416,0.07507540922547239,0.14541476132751047,0.2948790726764039
1773742689.3272905,0.07507540922547239,0.14541476132751047,0.2948790726764039
1773742689.3387985,0.07507540922547239,0.14541476132751047,0.2948790726764039
1773742689.348093,0.07506802517841232,0.1453995896648851,0.29525580221674474
1773742689.3581066,0.07506802517841232,0.1453995896648851,0.29525580221674474
1773742689.3677962,0.07506802517841232,0.1453995896648851,0.29525580221674474
1773742689.378668,0.07506802517841232,0.1453995896648851,0.29525580221674474
1773742689.3897803,0.07506063540934826,0.14538440687640736,0.29563246646452673
1773742689.397693,0.07506063540934826,0.14538440687640736,0.29563246646452673
1773742689.4096406,0.07506063540934826,0.14538440687640736,0.29563246646452673
1773742689.418773,0.07506063540934826,0.14538440687640736,0.29563246646452673
1773742689.4275095,0.07505323991155974,0.14536921294475913,0.29600906517517106
1773742689.4401097,0.07505323991155974,0.14536921294475913,0.29600906517517106
1773742689.4475214,0.07505323991155974,0.14536921294475913,0.29600906517517106
1773742689.459447,0.07505323991155974,0.14536921294475913,0.29600906517517106
1773742689.4682183,0.07504584598879868,0.14535350135772307,0.29638543834277187
1773742689.4778636,0.07504584598879868,0.14535350135772307,0.29638543834277187
1773742689.4875455,0.07504584598879868,0.14535350135772307,0.29638543834277187
1773742689.49749,0.07504584598879868,0.14535350135772307,0.29638543834277187
1773742689.5080185,0.07503844638412945,0.14533777917099466,0.2967617439156806
1773742689.5174592,0.07503844638412945,0.14533777917099466,0.2967617439156806
1773742689.5281348,0.07503844638412945,0.14533777917099466,0.2967617439156806
1773742689.5387194,0.07503844638412945,0.14533777917099466,0.2967617439156806
1773742689.5480604,0.07503103363120385,0.14532255175045627,0.2971381444738703
1773742689.5574641,0.07503103363120385,0.14532255175045627,0.2971381444738703
1773742689.5675116,0.07503103363120385,0.14532255175045627,0.2971381444738703
1773742689.5773358,0.07503103363120385,0.14532255175045627,0.2971381444738703
1773742689.5875542,0.07502361511542302,0.14530731310338,0.2975144784907702
1773742689.5972104,0.07502361511542302,0.14530731310338,0.2975144784907702
1773742689.6073718,0.07502361511542302,0.14530731310338,0.2975144784907702
1773742689.6180582,0.07502361511542302,0.14530731310338,0.2975144784907702
1773742689.6274726,0.0750161908264279,0.14529206320519888,0.2978907457083067
1773742689.639229,0.0750161908264279,0.14529206320519888,0.2978907457083067
1773742689.6466825,0.0750161908264279,0.14529206320519888,0.2978907457083067
1773742689.6565778,0.0750161908264279,0.14529206320519888,0.2978907457083067
1773742689.667191,0.07500876075304781,0.14527680202995566,0.29826694586542435
1773742689.6765072,0.07500876075304781,0.14527680202995566,0.29826694586542435
1773742689.6872108,0.07500876075304781,0.14527680202995566,0.29826694586542435
1773742689.6966422,0.07500876075304781,0.14527680202995566,0.29826694586542435
1773742689.7070892,0.07500133243171621,0.14526102992797674,0.2986429086279805
1773742689.7175632,0.07500133243171621,0.14526102992797674,0.2986429086279805
1773742689.7275388,0.07500133243171621,0.14526102992797674,0.2986429086279805
1773742689.7381577,0.07500133243171621,0.14526102992797674,0.2986429086279805
1773742689.748088,0.07499389074381142,0.14524574614542757,0.29901897385010734
1773742689.7576654,0.07499389074381142,0.14524574614542757,0.29901897385010734
1773742689.7676427,0.07499389074381142,0.14524574614542757,0.29901897385010734
1773742689.777648,0.07499389074381142,0.14524574614542757,0.29901897385010734
1773742689.7875319,0.0749864432340241,0.14523045099919518,0.29939497121221903
1773742689.797474,0.0749864432340241,0.14523045099919518,0.29939497121221903
1773742689.8076954,0.0749864432340241,0.14523045099919518,0.29939497121221903
1773742689.8168223,0.0749864432340241,0.14523045099919518,0.29939497121221903
1773742689.8266625,0.07497898988838822,0.1452151444573903,0.2997709004419333
1773742689.8368902,0.07497898988838822,0.1452151444573903,0.2997709004419333
1773742689.846501,0.07497898988838822,0.1452151444573903,0.2997709004419333
1773742689.8565762,0.07497898988838822,0.1452151444573903,0.2997709004419333
1773742689.866602,0.07497153069219523,0.14519982648687585,0.300146761263689
1773742689.8768587,0.07497153069219523,0.14519982648687585,0.300146761263689
1773742689.8887908,0.07497153069219523,0.14519982648687585,0.300146761263689
1773742689.8968132,0.07497153069219523,0.14519982648687585,0.300146761263689
1773742689.9069715,0.0749640733934661,0.1451840030148294,0.3005223746334401
1773742689.9172945,0.0749640733934661,0.1451840030148294,0.3005223746334401
1773742689.9268832,0.0749640733934661,0.1451840030148294,0.3005223746334401
1773742689.937188,0.0749640733934661,0.1451840030148294,0.3005223746334401
1773742689.946582,0.07495660244044802,0.14516866211356957,0.300898097784742
1773742689.9569962,0.07495660244044802,0.14516866211356957,0.300898097784742
1773742689.9678357,0.07495660244044802,0.14516866211356957,0.300898097784742
1773742689.977315,0.07495660244044802,0.14516866211356957,0.300898097784742
1773742689.9889693,0.07494912558860425,0.14515330967542953,0.3012737516840053
1773742689.9967873,0.07494912558860425,0.14515330967542953,0.3012737516840053
1773742690.0069308,0.07494912558860425,0.14515330967542953,0.3012737516840053
1773742690.0178745,0.07494912558860425,0.14515330967542953,0.3012737516840053
1773742690.0277033,0.07494164282042538,0.14513794566141228,0.3016493360439208
1773742690.0401926,0.07494164282042538,0.14513794566141228,0.3016493360439208
1773742690.0470166,0.07494164282042538,0.14513794566141228,0.3016493360439208
1773742690.058624,0.07494164282042538,0.14513794566141228,0.3016493360439208
1773742690.0674,0.07493415411760826,0.14512257003107534,0.3020248505738677
1773742690.0782502,0.07493415411760826,0.14512257003107534,0.3020248505738677
1773742690.0906985,0.07493415411760826,0.14512257003107534,0.3020248505738677
1773742690.0972042,0.07493415411760826,0.14512257003107534,0.3020248505738677
1773742690.1077185,0.07492666745591518,0.14510669416288266,0.302400107421823
1773742690.1180363,0.07492666745591518,0.14510669416288266,0.302400107421823
1773742690.128053,0.07492666745591518,0.14510669416288266,0.302400107421823
1773742690.1400976,0.07492666745591518,0.14510669416288266,0.302400107421823
1773742690.1475177,0.07491916681831949,0.145091295206782,0.3027754813941735
1773742690.158315,0.07491916681831949,0.145091295206782,0.3027754813941735
1773742690.1672122,0.07491916681831949,0.145091295206782,0.3027754813941735
1773742690.1776185,0.07491916681831949,0.145091295206782,0.3027754813941735
1773742690.188406,0.07491166018718728,0.14507588450478384,0.3031507846458056
1773742690.1973727,0.07491166018718728,0.14507588450478384,0.3031507846458056
1773742690.2095492,0.07491166018718728,0.14507588450478384,0.3031507846458056
1773742690.2179987,0.07491166018718728,0.14507588450478384,0.3031507846458056
1773742690.2276995,0.07490414754141363,0.14506046201073347,0.30352601687340924
1773742690.2393684,0.07490414754141363,0.14506046201073347,0.30352601687340924
1773742690.2472098,0.07490414754141363,0.14506046201073347,0.30352601687340924
1773742690.257488,0.07490414754141363,0.14506046201073347,0.30352601687340924
1773742690.2675319,0.07489662885920878,0.1450450276771404,0.3039011777701497
1773742690.2781231,0.07489662885920878,0.1450450276771404,0.3039011777701497
1773742690.289925,0.07489662885920878,0.1450450276771404,0.3039011777701497
1773742690.2970116,0.07489662885920878,0.1450450276771404,0.3039011777701497
1773742690.3088825,0.07488911236019122,0.1450290982099125,0.3042760705743834
1773742690.3175066,0.07488911236019122,0.1450290982099125,0.3042760705743834
1773742690.3273556,0.07488911236019122,0.1450290982099125,0.3042760705743834
1773742690.3388338,0.07488911236019122,0.1450290982099125,0.3042760705743834
1773742690.3470078,0.07488158152972886,0.1450136400839056,0.30465108786737743
1773742690.3571932,0.07488158152972886,0.1450136400839056,0.30465108786737743
1773742690.3676355,0.07488158152972886,0.1450136400839056,0.30465108786737743
1773742690.3781507,0.07488158152972886,0.1450136400839056,0.30465108786737743
1773742690.3897138,0.07487404459325231,0.14499816996727202,0.3050260328901109
1773742690.3974552,0.07487404459325231,0.14499816996727202,0.3050260328901109
1773742690.4088945,0.07487404459325231,0.14499816996727202,0.3050260328901109
1773742690.4171283,0.07487404459325231,0.14499816996727202,0.3050260328901109
1773742690.427236,0.07486650152609839,0.1449826878067752,0.30540090532232045
1773742690.4373865,0.07486650152609839,0.1449826878067752,0.30540090532232045
1773742690.4469714,0.07486650152609839,0.1449826878067752,0.30540090532232045
1773742690.4579425,0.07486650152609839,0.1449826878067752,0.30540090532232045
1773742690.467709,0.07485895230291222,0.1449671935476267,0.3057757048406033
1773742690.477743,0.07485895230291222,0.1449671935476267,0.3057757048406033
1773742690.4883478,0.07485895230291222,0.1449671935476267,0.3057757048406033
1773742690.4975846,0.07485895230291222,0.1449671935476267,0.3057757048406033
1773742690.5080166,0.0748514054035392,0.14495120910158096,0.3061502256669293
1773742690.516721,0.0748514054035392,0.14495120910158096,0.3061502256669293
1773742690.527359,0.0748514054035392,0.14495120910158096,0.3061502256669293
1773742690.539324,0.0748514054035392,0.14495120910158096,0.3061502256669293
1773742690.547679,0.07484384378315082,0.1449356905119285,0.30652487836786735
1773742690.5593147,0.07484384378315082,0.1449356905119285,0.30652487836786735
1773742690.567722,0.07484384378315082,0.1449356905119285,0.30652487836786735
1773742690.5780063,0.07484384378315082,0.1449356905119285,0.30652487836786735
1773742690.5888746,0.0748362759265125,0.14492015965117133,0.3068994571637198
1773742690.5980506,0.0748362759265125,0.14492015965117133,0.3068994571637198
1773742690.6092377,0.0748362759265125,0.14492015965117133,0.3068994571637198
1773742690.617712,0.0748362759265125,0.14492015965117133,0.3068994571637198
1773742690.627645,0.07482870180540518,0.14490461645883518,0.3072739617167981
1773742690.638441,0.07482870180540518,0.14490461645883518,0.3072739617167981
1773742690.6477382,0.07482870180540518,0.14490461645883518,0.3072739617167981
1773742690.6593146,0.07482870180540518,0.14490461645883518,0.3072739617167981
1773742690.6685715,0.07482113011967985,0.14488858692536796,0.307648178956563
1773742690.677633,0.07482113011967985,0.14488858692536796,0.307648178956563
1773742690.6881523,0.07482113011967985,0.14488858692536796,0.307648178956563
1773742690.6974247,0.07482113011967985,0.14488858692536796,0.307648178956563
1773742690.7075136,0.07481355219270297,0.14487254549276243,0.3080223196830151
1773742690.7175982,0.07481355219270297,0.14487254549276243,0.3080223196830151
1773742690.7276,0.07481355219270297,0.14487254549276243,0.3080223196830151
1773742690.73836,0.07481355219270297,0.14487254549276243,0.3080223196830151
1773742690.7477643,0.07480595909097962,0.14485696500494027,0.30839659944360404
1773742690.75916,0.07480595909097962,0.14485696500494027,0.30839659944360404
1773742690.767597,0.07480595909097962,0.14485696500494027,0.30839659944360404
1773742690.7775154,0.07480595909097962,0.14485696500494027,0.30839659944360404
1773742690.787809,0.07479835960507018,0.14484137192990829,0.308770803575145
1773742690.79819,0.07479835960507018,0.14484137192990829,0.308770803575145
1773742690.8104568,0.07479835960507018,0.14484137192990829,0.308770803575145
1773742690.81785,0.07479835960507018,0.14484137192990829,0.308770803575145
1773742690.8275852,0.0747907537032048,0.14482576619995718,0.3091449317215989
1773742690.8372092,0.0747907537032048,0.14482576619995718,0.3091449317215989
1773742690.8472266,0.0747907537032048,0.14482576619995718,0.3091449317215989
1773742690.857659,0.0747907537032048,0.14482576619995718,0.3091449317215989
1773742690.8672652,0.0747907537032048,0.14482576619995718,0.3091449317215989
1773742690.8778248,0.0747831413528577,0.14481014774601658,0.30951898352298374
1773742690.8881607,0.0747831413528577,0.14481014774601658,0.30951898352298374
1773742690.8971953,0.0747831413528577,0.14481014774601658,0.30951898352298374
1773742690.9075944,0.07477553160388259,0.14479404853610683,0.3098927348317484
1773742690.9172604,0.07477553160388259,0.14479404853610683,0.3098927348317484
1773742690.9273179,0.07477553160388259,0.14479404853610683,0.3098927348317484
1773742690.937464,0.07477553160388259,0.14479404853610683,0.3098927348317484
1773742690.9474077,0.07476790625164519,0.14477840446067974,0.31026663285141215
1773742690.957509,0.07476790625164519,0.14477840446067974,0.31026663285141215
1773742690.9671643,0.07476790625164519,0.14477840446067974,0.31026663285141215
1773742690.9770977,0.07476790625164519,0.14477840446067974,0.31026663285141215
1773742690.9872572,0.07476027434921802,0.14476274744544182,0.3106404534234273
1773742690.9974515,0.07476027434921802,0.14476274744544182,0.3106404534234273
1773742691.0070877,0.07476027434921802,0.14476274744544182,0.3106404534234273
1773742691.0172758,0.07476027434921802,0.14476274744544182,0.3106404534234273
1773742691.027472,0.07475263586120806,0.14474707741545229,0.3110141961721915
1773742691.0368524,0.07475263586120806,0.14474707741545229,0.3110141961721915
1773742691.0473893,0.07475263586120806,0.14474707741545229,0.3110141961721915
1773742691.057313,0.07475263586120806,0.14474707741545229,0.3110141961721915
1773742691.0670855,0.07474499075148265,0.1447313942942632,0.3113878607181855
1773742691.0773838,0.07474499075148265,0.1447313942942632,0.3113878607181855
1773742691.0871758,0.07474499075148265,0.1447313942942632,0.3113878607181855
1773742691.0974345,0.07474499075148265,0.1447313942942632,0.3113878607181855
1773742691.1075377,0.07473734838041621,0.14471523490223256,0.31176121355034947
1773742691.1173654,0.07473734838041621,0.14471523490223256,0.31176121355034947
1773742691.1273792,0.07473734838041621,0.14471523490223256,0.31176121355034947
1773742691.1375055,0.07473734838041621,0.14471523490223256,0.31176121355034947
1773742691.147221,0.07472968991232534,0.14469952540481995,0.3121347205434779
1773742691.1575384,0.07472968991232534,0.14469952540481995,0.3121347205434779
1773742691.1670716,0.07472968991232534,0.14469952540481995,0.3121347205434779
1773742691.1773107,0.07472968991232534,0.14469952540481995,0.3121347205434779
1773742691.1877887,0.07472202470992222,0.14468380257841798,0.31250814817096967
1773742691.197315,0.07472202470992222,0.14468380257841798,0.31250814817096967
1773742691.2072139,0.07472202470992222,0.14468380257841798,0.31250814817096967
1773742691.2174163,0.07472202470992222,0.14468380257841798,0.31250814817096967
1773742691.2275834,0.07471435273417748,0.1446680663408364,0.3128814960366357
1773742691.2379653,0.07471435273417748,0.1446680663408364,0.3128814960366357
1773742691.247562,0.07471435273417748,0.1446680663408364,0.3128814960366357
1773742691.2570844,0.07471435273417748,0.1446680663408364,0.3128814960366357
1773742691.2673798,0.07470668360634437,0.1446518573124807,0.31325452304862716
1773742691.277488,0.07470668360634437,0.1446518573124807,0.31325452304862716
1773742691.287144,0.07470668360634437,0.1446518573124807,0.31325452304862716
1773742691.2974355,0.07470668360634437,0.1446518573124807,0.31325452304862716
1773742691.3075426,0.07469900771671516,0.14463563525142742,0.3136274678933122
1773742691.317315,0.07469900771671516,0.14463563525142742,0.3136274678933122
1773742691.3274777,0.07469900771671516,0.14463563525142742,0.3136274678933122
1773742691.3375847,0.07469900771671516,0.14463563525142742,0.3136274678933122
1773742691.3484805,0.07469131517354644,0.14461985835691435,0.31400057407837706
1773742691.3576422,0.07469131517354644,0.14461985835691435,0.31400057407837706
1773742691.367567,0.07469131517354644,0.14461985835691435,0.31400057407837706
1773742691.3774936,0.07469131517354644,0.14461985835691435,0.31400057407837706
1773742691.3874133,0.07468361569371591,0.14460406770754333,0.3143735988751111
1773742691.3975322,0.07468361569371591,0.14460406770754333,0.3143735988751111
1773742691.4078484,0.07468361569371591,0.14460406770754333,0.3143735988751111
1773742691.4174128,0.07468361569371591,0.14460406770754333,0.3143735988751111
1773742691.4274545,0.07467590923450274,0.14458826321358278,0.3147465418657091
1773742691.4373343,0.07467590923450274,0.14458826321358278,0.3147465418657091
1773742691.447395,0.07467590923450274,0.14458826321358278,0.3147465418657091
1773742691.4574857,0.07467590923450274,0.14458826321358278,0.3147465418657091
1773742691.467488,0.07466820575917207,0.14457199014632433,0.31511915236579147
1773742691.4774883,0.07466820575917207,0.14457199014632433,0.31511915236579147
1773742691.487246,0.07466820575917207,0.14457199014632433,0.31511915236579147
1773742691.4976149,0.07466820575917207,0.14457199014632433,0.31511915236579147
1773742691.5070777,0.0746604953120942,0.14455570359508146,0.3154916786045003
1773742691.5165913,0.0746604953120942,0.14455570359508146,0.3154916786045003
1773742691.5274334,0.0746604953120942,0.14455570359508146,0.3154916786045003
1773742691.5376656,0.0746604953120942,0.14455570359508146,0.3154916786045003
1773742691.5472975,0.07465276764671328,0.14453985710224568,0.31586437365897163
1773742691.5574908,0.07465276764671328,0.14453985710224568,0.31586437365897163
1773742691.567019,0.07465276764671328,0.14453985710224568,0.31586437365897163
1773742691.5776532,0.07465276764671328,0.14453985710224568,0.31586437365897163
1773742691.5874872,0.07464503282368619,0.14452399639099173,0.3162369851917372
1773742691.597687,0.07464503282368619,0.14452399639099173,0.3162369851917372
1773742691.6075706,0.07464503282368619,0.14452399639099173,0.3162369851917372
1773742691.6174827,0.07464503282368619,0.14452399639099173,0.3162369851917372
1773742691.62748,0.07463729079646572,0.14450812136398913,0.31660951276209803
1773742691.637136,0.07463729079646572,0.14450812136398913,0.31660951276209803
1773742691.6467118,0.07463729079646572,0.14450812136398913,0.31660951276209803
1773742691.6568794,0.07463729079646572,0.14450812136398913,0.31660951276209803
1773742691.6667495,0.07462954151779483,0.14449223192229405,0.3169819559246059
1773742691.6769788,0.07462954151779483,0.14449223192229405,0.3169819559246059
1773742691.6872127,0.07462954151779483,0.14449223192229405,0.3169819559246059
1773742691.6966605,0.07462954151779483,0.14449223192229405,0.3169819559246059
1773742691.7068532,0.07462179538557286,0.14447587877189516,0.3173540523046242
1773742691.7165468,0.07462179538557286,0.14447587877189516,0.3173540523046242
1773742691.7270164,0.07462179538557286,0.14447587877189516,0.3173540523046242
1773742691.73683,0.07462179538557286,0.14447587877189516,0.3173540523046242
1773742691.7469661,0.07461403145799393,0.14445996024374266,0.3177263253180895
1773742691.7578137,0.07461403145799393,0.14445996024374266,0.3177263253180895
1773742691.7666447,0.07461403145799393,0.14445996024374266,0.3177263253180895
1773742691.7769313,0.07461403145799393,0.14445996024374266,0.3177263253180895
1773742691.7868648,0.07460626013261204,0.14444402699482328,0.3180985125589386
1773742691.7969947,0.07460626013261204,0.14444402699482328,0.3180985125589386
1773742691.8070996,0.07460626013261204,0.14444402699482328,0.3180985125589386
1773742691.8169055,0.07460626013261204,0.14444402699482328,0.3180985125589386
1773742691.8272364,0.07459848135905472,0.1444280789200627,0.31847061356208606
1773742691.8377151,0.07459848135905472,0.1444280789200627,0.31847061356208606
1773742691.8470166,0.07459848135905472,0.1444280789200627,0.31847061356208606
1773742691.8571305,0.07459848135905472,0.1444280789200627,0.31847061356208606
1773742691.8665466,0.07459069508615292,0.14441211591269418,0.3188426278575514
1773742691.8769045,0.07459069508615292,0.14441211591269418,0.3188426278575514
1773742691.8871963,0.07459069508615292,0.14441211591269418,0.3188426278575514
1773742691.8965576,0.07459069508615292,0.14441211591269418,0.3188426278575514
1773742691.9073858,0.07458291209489243,0.14439569308741806,0.31921428317273
1773742691.91646,0.07458291209489243,0.14439569308741806,0.31921428317273
1773742691.926781,0.07458291209489243,0.14439569308741806,0.31921428317273
1773742691.93722,0.07458291209489243,0.14439569308741806,0.31921428317273
1773742691.9466558,0.07457511066655399,0.14437969993574262,0.3195861226503249
1773742691.9567251,0.07457511066655399,0.14437969993574262,0.3195861226503249
1773742691.966547,0.07457511066655399,0.14437969993574262,0.3195861226503249
1773742691.9769075,0.07457511066655399,0.14437969993574262,0.3195861226503249
1773742691.987379,0.07456730158082717,0.1443636915218557,0.31995787398015746
1773742691.996707,0.07456730158082717,0.1443636915218557,0.31995787398015746
1773742692.0068417,0.07456730158082717,0.1443636915218557,0.31995787398015746
1773742692.0166996,0.07456730158082717,0.1443636915218557,0.31995787398015746
1773742692.0266562,0.07455948478336695,0.14434766773242533,0.32032953667168473
1773742692.036822,0.07455948478336695,0.14434766773242533,0.32032953667168473
1773742692.0467856,0.07455948478336695,0.14434766773242533,0.32032953667168473
1773742692.0568123,0.07455948478336695,0.14434766773242533,0.32032953667168473
1773742692.0667052,0.07455166021901978,0.1443316284527018,0.32070111022891584
1773742692.076489,0.07455166021901978,0.1443316284527018,0.32070111022891584
1773742692.086659,0.07455166021901978,0.1443316284527018,0.32070111022891584
1773742692.0967185,0.07455166021901978,0.1443316284527018,0.32070111022891584
1773742692.1072388,0.07454383907142513,0.14431513310025282,0.3210723123336017
1773742692.1164324,0.07454383907142513,0.14431513310025282,0.3210723123336017
1773742692.1267378,0.07454383907142513,0.14431513310025282,0.3210723123336017
1773742692.13694,0.07454383907142513,0.14431513310025282,0.3210723123336017
1773742692.147016,0.07453599880553914,0.14429906253848113,0.32144370614622847
1773742692.157063,0.07453599880553914,0.14429906253848113,0.32144370614622847
1773742692.166719,0.07453599880553914,0.14429906253848113,0.32144370614622847
1773742692.1765437,0.07453599880553914,0.14429906253848113,0.32144370614622847
1773742692.1864932,0.07452815060268986,0.14428297613246133,0.32181500930474793
1773742692.1972113,0.07452815060268986,0.14428297613246133,0.32181500930474793
1773742692.207362,0.07452815060268986,0.14428297613246133,0.32181500930474793
1773742692.2165115,0.07452815060268986,0.14428297613246133,0.32181500930474793
1773742692.2268596,0.07452029440448761,0.14426687376067235,0.32218622129144164
1773742692.236649,0.07452029440448761,0.14426687376067235,0.32218622129144164
1773742692.2469437,0.07452029440448761,0.14426687376067235,0.32218622129144164
1773742692.2569888,0.07452029440448761,0.14426687376067235,0.32218622129144164
1773742692.2665856,0.07451243015171431,0.1442507553000581,0.32255734158271493
1773742692.2767215,0.07451243015171431,0.1442507553000581,0.32255734158271493
1773742692.2872517,0.07451243015171431,0.1442507553000581,0.32255734158271493
1773742692.2969632,0.07451243015171431,0.1442507553000581,0.32255734158271493
1773742692.3068285,0.07450456945090878,0.14423418436722113,0.3229280776612589
1773742692.3163683,0.07450456945090878,0.14423418436722113,0.3229280776612589
1773742692.3265867,0.07450456945090878,0.14423418436722113,0.3229280776612589
1773742692.336545,0.07450456945090878,0.14423418436722113,0.3229280776612589
1773742692.3466117,0.07449668890978285,0.1442180334045085,0.3232990130080077
1773742692.3570538,0.07449668890978285,0.1442180334045085,0.3232990130080077
1773742692.3664505,0.07449668890978285,0.1442180334045085,0.3232990130080077
1773742692.3768373,0.07449668890978285,0.1442180334045085,0.3232990130080077
1773742692.3868146,0.07448880013160994,0.1442018659738804,0.32366985505508933
1773742692.3967166,0.07448880013160994,0.1442018659738804,0.32366985505508933
1773742692.4070337,0.07448880013160994,0.1442018659738804,0.32366985505508933
1773742692.4165761,0.07448880013160994,0.1442018659738804,0.32366985505508933
1773742692.4268968,0.07448090305376816,0.14418568194545267,0.3240406032559813
1773742692.4365828,0.07448090305376816,0.14418568194545267,0.3240406032559813
1773742692.4469817,0.07448090305376816,0.14418568194545267,0.3240406032559813
1773742692.457302,0.07448090305376816,0.14418568194545267,0.3240406032559813
1773742692.4671009,0.07447300963626104,0.14416904822204532,0.32441095681953497
1773742692.477157,0.07447300963626104,0.14416904822204532,0.32441095681953497
1773742692.4872572,0.07447300963626104,0.14416904822204532,0.32441095681953497
1773742692.4972482,0.07447300963626104,0.14416904822204532,0.32441095681953497
1773742692.5070982,0.07446510790634796,0.14415239817050163,0.32478121378771224
1773742692.5170622,0.07446510790634796,0.14415239817050163,0.32478121378771224
1773742692.5271246,0.07446510790634796,0.14415239817050163,0.32478121378771224
1773742692.5370033,0.07446510790634796,0.14415239817050163,0.32478121378771224
1773742692.5469062,0.07445718555105967,0.14413616365891485,0.32515167719984955
1773742692.5565755,0.07445718555105967,0.14413616365891485,0.32515167719984955
1773742692.5666337,0.07445718555105967,0.14413616365891485,0.32515167719984955
1773742692.577274,0.07445718555105967,0.14413616365891485,0.32515167719984955
1773742692.5870287,0.07444925463753019,0.1441199120132146,0.325522044519897
1773742692.596521,0.07444925463753019,0.1441199120132146,0.325522044519897
1773742692.6066492,0.07444925463753019,0.1441199120132146,0.325522044519897
1773742692.6165402,0.07444925463753019,0.1441199120132146,0.325522044519897
1773742692.6267552,0.07444131509890488,0.14410364309483434,0.3258923151704186
1773742692.6373541,0.07444131509890488,0.14410364309483434,0.3258923151704186
1773742692.6468189,0.07444131509890488,0.14410364309483434,0.3258923151704186
1773742692.6568687,0.07444131509890488,0.14410364309483434,0.3258923151704186
1773742692.6664672,0.07443336686737716,0.14408735676323203,0.3262624885679225
1773742692.6766567,0.07443336686737716,0.14408735676323203,0.3262624885679225
1773742692.687309,0.07443336686737716,0.14408735676323203,0.3262624885679225
1773742692.6967897,0.07443336686737716,0.14408735676323203,0.3262624885679225
1773742692.706629,0.07442542245928604,0.14407062473178983,0.3266322513128579
1773742692.7164161,0.07442542245928604,0.14407062473178983,0.3266322513128579
1773742692.7265847,0.07442542245928604,0.14407062473178983,0.3266322513128579
1773742692.736795,0.07442542245928604,0.14407062473178983,0.3266322513128579
1773742692.746464,0.07441745663882689,0.1440543032007231,0.3270022284793436
1773742692.756467,0.07441745663882689,0.1440543032007231,0.3270022284793436
1773742692.7665348,0.07441745663882689,0.1440543032007231,0.3270022284793436
1773742692.776649,0.07441745663882689,0.1440543032007231,0.3270022284793436
1773742692.7865586,0.07440948191690169,0.1440379638244697,0.32737210660355376
1773742692.7965097,0.07440948191690169,0.1440379638244697,0.32737210660355376
1773742692.806594,0.07440948191690169,0.1440379638244697,0.32737210660355376
1773742692.8164,0.07440948191690169,0.1440379638244697,0.32737210660355376
1773742692.8266454,0.07440149822213477,0.14402160645543946,0.32774188507564694
1773742692.8367019,0.07440149822213477,0.14402160645543946,0.32774188507564694
1773742692.846637,0.07440149822213477,0.14402160645543946,0.32774188507564694
1773742692.856538,0.07440149822213477,0.14402160645543946,0.32774188507564694
1773742692.8664393,0.074393505482234,0.1440052309439167,0.32811156327882895
1773742692.8766863,0.074393505482234,0.1440052309439167,0.32811156327882895
1773742692.886727,0.074393505482234,0.1440052309439167,0.32811156327882895
1773742692.8966014,0.074393505482234,0.1440052309439167,0.32811156327882895
1773742692.9075198,0.07438551670246409,0.14398841290325606,0.32848081711700317
1773742692.9163666,0.07438551670246409,0.14398841290325606,0.32848081711700317
1773742692.926552,0.07438551670246409,0.14398841290325606,0.32848081711700317
1773742692.9370236,0.07438551670246409,0.14398841290325606,0.32848081711700317
1773742692.9466136,0.07437750565645371,0.14397200070803987,0.32885029296425144
1773742692.9567611,0.07437750565645371,0.14397200070803987,0.32885029296425144
1773742692.9665303,0.07437750565645371,0.14397200070803987,0.32885029296425144
1773742692.9766302,0.07437750565645371,0.14397200070803987,0.32885029296425144
1773742692.9867768,0.07436948534295557,0.14395556991054956,0.3292196666521355
1773742692.9965348,0.07436948534295557,0.14395556991054956,0.3292196666521355
1773742693.0065947,0.07436948534295557,0.14395556991054956,0.3292196666521355
1773742693.016651,0.07436948534295557,0.14395556991054956,0.3292196666521355
1773742693.0266583,0.07436145568592145,0.14393912035347478,0.3295889375360333
1773742693.0371766,0.07436145568592145,0.14393912035347478,0.3295889375360333
1773742693.0468292,0.07436145568592145,0.14393912035347478,0.3295889375360333
1773742693.057577,0.07436145568592145,0.14393912035347478,0.3295889375360333
1773742693.0665452,0.0743534166083159,0.14392265187766445,0.32995810496429406
1773742693.0765252,0.0743534166083159,0.14392265187766445,0.32995810496429406
1773742693.086749,0.0743534166083159,0.14392265187766445,0.32995810496429406
1773742693.0970006,0.0743534166083159,0.14392265187766445,0.32995810496429406
1773742693.1065037,0.07434538162843948,0.14390574390105615,0.3303268339652971
1773742693.1165059,0.07434538162843948,0.14390574390105615,0.3303268339652971
1773742693.1268232,0.07434538162843948,0.14390574390105615,0.3303268339652971
1773742693.1366796,0.07434538162843948,0.14390574390105615,0.3303268339652971
1773742693.146479,0.0743373234807704,0.14388923716235208,0.3306957925641571
1773742693.1567137,0.0743373234807704,0.14388923716235208,0.3306957925641571
1773742693.166326,0.0743373234807704,0.14388923716235208,0.3306957925641571
1773742693.1763818,0.0743373234807704,0.14388923716235208,0.3306957925641571
1773742693.1866484,0.07432925567585663,0.14387271101591398,0.3310646457088279
1773742693.1965694,0.07432925567585663,0.14387271101591398,0.3310646457088279
1773742693.2081804,0.07432925567585663,0.14387271101591398,0.3310646457088279
1773742693.216452,0.07432925567585663,0.14387271101591398,0.3310646457088279
1773742693.2266176,0.07432117813275851,0.14385616529467485,0.3314333927178956
1773742693.2367687,0.07432117813275851,0.14385616529467485,0.3314333927178956
1773742693.2464244,0.07432117813275851,0.14385616529467485,0.3314333927178956
1773742693.256576,0.07432117813275851,0.14385616529467485,0.3314333927178956
1773742693.2661977,0.07431309076955703,0.1438395998295578,0.3318020329022466
1773742693.2768898,0.07431309076955703,0.1438395998295578,0.3318020329022466
1773742693.2866948,0.07431309076955703,0.1438395998295578,0.3318020329022466
1773742693.2965896,0.07431309076955703,0.1438395998295578,0.3318020329022466
1773742693.3066883,0.07430500764280538,0.14382259774981723,0.3321702202295199
1773742693.3164606,0.07430500764280538,0.14382259774981723,0.3321702202295199
1773742693.3265254,0.07430500764280538,0.14382259774981723,0.3321702202295199
1773742693.336721,0.07430500764280538,0.14382259774981723,0.3321702202295199
1773742693.3465,0.07429690039672998,0.14380599234350777,0.3325386447397614
1773742693.3571227,0.07429690039672998,0.14380599234350777,0.3325386447397614
1773742693.3666773,0.07429690039672998,0.14380599234350777,0.3325386447397614
1773742693.3783536,0.07429690039672998,0.14380599234350777,0.3325386447397614
1773742693.3878994,0.07428878307886497,0.14378936667384423,0.3329069603116895
1773742693.3972933,0.07428878307886497,0.14378936667384423,0.3329069603116895
1773742693.4084814,0.07428878307886497,0.14378936667384423,0.3329069603116895
1773742693.4183307,0.07428878307886497,0.14378936667384423,0.3329069603116895
1773742693.4292245,0.07428065560322158,0.1437727205633926,0.33327516622436676
1773742693.4371328,0.07428065560322158,0.1437727205633926,0.33327516622436676
1773742693.4465852,0.07428065560322158,0.1437727205633926,0.33327516622436676
1773742693.4571586,0.07428065560322158,0.1437727205633926,0.33327516622436676
1773742693.4669178,0.07427251788271172,0.14375605383264295,0.333643261748704
1773742693.4790184,0.07427251788271172,0.14375605383264295,0.333643261748704
1773742693.4873226,0.07427251788271172,0.14375605383264295,0.333643261748704
1773742693.4975407,0.07427251788271172,0.14375605383264295,0.333643261748704
1773742693.509715,0.07426438453872229,0.14373895323131117,0.3340108895997708
1773742693.5177228,0.07426438453872229,0.14373895323131117,0.3340108895997708
1773742693.5284927,0.07426438453872229,0.14373895323131117,0.3340108895997708
1773742693.5375798,0.07426438453872229,0.14373895323131117,0.3340108895997708
1773742693.5477748,0.07425622607144446,0.14372224477735837,0.3343787622095855
1773742693.5584514,0.07425622607144446,0.14372224477735837,0.3343787622095855
1773742693.5680892,0.07425622607144446,0.14372224477735837,0.3343787622095855
1773742693.5774586,0.07425622607144446,0.14372224477735837,0.3343787622095855
1773742693.5880058,0.07424805709192116,0.1437055151517736,0.33474652219470613
1773742693.5977209,0.07424805709192116,0.1437055151517736,0.33474652219470613
1773742693.6083777,0.07424805709192116,0.1437055151517736,0.33474652219470613
1773742693.617537,0.07424805709192116,0.1437055151517736,0.33474652219470613
1773742693.6286886,0.07423987750886621,0.14368876416630794,0.3351141687920323
1773742693.6382642,0.07423987750886621,0.14368876416630794,0.3351141687920323
1773742693.648875,0.07423987750886621,0.14368876416630794,0.3351141687920323
1773742693.6588185,0.07423987750886621,0.14368876416630794,0.3351141687920323
1773742693.6686883,0.07423170241550826,0.1436715814035391,0.3354813355721723
1773742693.6784914,0.07423170241550826,0.1436715814035391,0.3354813355721723
1773742693.6880898,0.07423170241550826,0.1436715814035391,0.3354813355721723
1773742693.698787,0.07423170241550826,0.1436715814035391,0.3354813355721723
1773742693.7076924,0.0742235166772728,0.14365437743285983,0.33584838573777076
1773742693.7180574,0.0742235166772728,0.14365437743285983,0.33584838573777076
1773742693.7280097,0.0742235166772728,0.14365437743285983,0.33584838573777076
1773742693.738143,0.0742235166772728,0.14365437743285983,0.33584838573777076
1773742693.747723,0.07421530474340472,0.14363756135034633,0.3362156876882755
1773742693.7591279,0.07421530474340472,0.14363756135034633,0.3362156876882755
1773742693.7676065,0.07421530474340472,0.14363756135034633,0.3362156876882755
1773742693.7769775,0.07421530474340472,0.14363756135034633,0.3362156876882755
1773742693.786736,0.07420708182986373,0.14362072313319896,0.3365828731128858
1773742693.797452,0.07420708182986373,0.14362072313319896,0.3365828731128858
1773742693.8091135,0.07420708182986373,0.14362072313319896,0.3365828731128858
1773742693.8169115,0.07420708182986373,0.14362072313319896,0.3365828731128858
1773742693.8292098,0.07419884783969927,0.1436038625816328,0.336949941203672
1773742693.837708,0.07419884783969927,0.1436038625816328,0.336949941203672
1773742693.8475857,0.07419884783969927,0.1436038625816328,0.336949941203672
1773742693.857579,0.07419884783969927,0.1436038625816328,0.336949941203672
1773742693.8674195,0.07419060267482921,0.14358697949355537,0.33731689114336416
1773742693.8777616,0.07419060267482921,0.14358697949355537,0.33731689114336416
1773742693.887318,0.07419060267482921,0.14358697949355537,0.33731689114336416
1773742693.8973093,0.07419060267482921,0.14358697949355537,0.33731689114336416
1773742693.907353,0.07418236217157456,0.1435696675982205,0.3376833425404377
1773742693.9165254,0.07418236217157456,0.1435696675982205,0.3376833425404377
1773742693.9277852,0.07418236217157456,0.1435696675982205,0.3376833425404377
1773742693.937232,0.07418236217157456,0.1435696675982205,0.3376833425404377
1773742693.9470158,0.07417409436907597,0.14355273889198406,0.33805005378891273
1773742693.9571126,0.07417409436907597,0.14355273889198406,0.33805005378891273
1773742693.9670398,0.07417409436907597,0.14355273889198406,0.33805005378891273
1773742693.976531,0.07417409436907597,0.14355273889198406,0.33805005378891273
1773742693.9877827,0.07416581509065688,0.14353578702939312,0.3384166443782097
1773742693.9969227,0.07416581509065688,0.14353578702939312,0.3384166443782097
1773742694.0084476,0.07416581509065688,0.14353578702939312,0.3384166443782097
1773742694.0166044,0.07416581509065688,0.14353578702939312,0.3384166443782097
1773742694.0266743,0.07415752423343695,0.14351881179866352,0.3387831134524406
1773742694.0384717,0.07415752423343695,0.14351881179866352,0.3387831134524406
1773742694.0473301,0.07415752423343695,0.14351881179866352,0.3387831134524406
1773742694.057397,0.07415752423343695,0.14351881179866352,0.3387831134524406
1773742694.0666146,0.07414922169331614,0.14350181298561623,0.3391494601455011
1773742694.0770717,0.07414922169331614,0.14350181298561623,0.3391494601455011
1773742694.0870626,0.07414922169331614,0.14350181298561623,0.3391494601455011
1773742694.096518,0.07414922169331614,0.14350181298561623,0.3391494601455011
1773742694.1066346,0.0741409239604006,0.14348438768141336,0.33951529219635107
1773742694.1164448,0.0741409239604006,0.14348438768141336,0.33951529219635107
1773742694.126629,0.0741409239604006,0.14348438768141336,0.33951529219635107
1773742694.136766,0.0741409239604006,0.14348438768141336,0.33951529219635107
1773742694.1464393,0.07413259774963656,0.14346734112445803,0.33988139159893527
1773742694.156769,0.07413259774963656,0.14346734112445803,0.33988139159893527
1773742694.1664429,0.07413259774963656,0.14346734112445803,0.33988139159893527
1773742694.1770675,0.07413259774963656,0.14346734112445803,0.33988139159893527
1773742694.1866522,0.0741242595365065,0.14345027032802726,0.34024736596181443
1773742694.1967337,0.0741242595365065,0.14345027032802726,0.34024736596181443
1773742694.2068686,0.0741242595365065,0.14345027032802726,0.34024736596181443
1773742694.2163854,0.0741242595365065,0.14345027032802726,0.34024736596181443
1773742694.2264965,0.0741159092118876,0.1434331750676189,0.340613214377428
1773742694.2365842,0.0741159092118876,0.1434331750676189,0.340613214377428
1773742694.247018,0.0741159092118876,0.1434331750676189,0.340613214377428
1773742694.2571502,0.0741159092118876,0.1434331750676189,0.340613214377428
1773742694.2667,0.07410756381262724,0.14341565506591497,0.34097853493207647
1773742694.277067,0.07410756381262724,0.14341565506591497,0.34097853493207647
1773742694.286673,0.07410756381262724,0.14341565506591497,0.34097853493207647
1773742694.2969284,0.07410756381262724,0.14341565506591497,0.34097853493207647
1773742694.3069892,0.07409920624345327,0.1433981106866862,0.34134372600394475
1773742694.316555,0.07409920624345327,0.1433981106866862,0.34134372600394475
1773742694.3265522,0.07409920624345327,0.1433981106866862,0.34134372600394475
1773742694.336585,0.07409920624345327,0.1433981106866862,0.34134372600394475
1773742694.3467908,0.07409081894430987,0.14338094081471175,0.3417091912660247
1773742694.3566794,0.07409081894430987,0.14338094081471175,0.3417091912660247
1773742694.3663564,0.07409081894430987,0.14338094081471175,0.3417091912660247
1773742694.3767443,0.07409081894430987,0.14338094081471175,0.3417091912660247
1773742694.38654,0.07408241908469722,0.14336374555594947,0.34207452684392536
1773742694.3964832,0.07408241908469722,0.14336374555594947,0.34207452684392536
1773742694.4064898,0.07408241908469722,0.14336374555594947,0.34207452684392536
1773742694.4165027,0.07408241908469722,0.14336374555594947,0.34207452684392536
1773742694.4264166,0.0740740065489264,0.14334652467235123,0.3424397317748664
1773742694.4369087,0.0740740065489264,0.14334652467235123,0.3424397317748664
1773742694.446651,0.0740740065489264,0.14334652467235123,0.3424397317748664
1773742694.4566631,0.0740740065489264,0.14334652467235123,0.3424397317748664
1773742694.4665372,0.07406558121988804,0.1433292779234832,0.342804805084313
1773742694.476645,0.07406558121988804,0.1433292779234832,0.342804805084313
1773742694.4865112,0.07406558121988804,0.1433292779234832,0.342804805084313
1773742694.4965768,0.07406558121988804,0.1433292779234832,0.342804805084313
1773742694.5066755,0.07405716099657449,0.14331160888576888,0.3431693301101124
1773742694.5163727,0.07405716099657449,0.14331160888576888,0.3431693301101124
1773742694.526577,0.07405716099657449,0.14331160888576888,0.3431693301101124
1773742694.536582,0.07405716099657449,0.14331160888576888,0.3431693301101124
1773742694.5466077,0.07404870973966224,0.143294309753037,0.34353413733928023
1773742694.5566728,0.07404870973966224,0.143294309753037,0.34353413733928023
1773742694.5665,0.07404870973966224,0.143294309753037,0.34353413733928023
1773742694.5763438,0.07404870973966224,0.143294309753037,0.34353413733928023
1773742694.5865214,0.07404024533019105,0.1432769840165879,0.3438988099540772
1773742694.5965319,0.07404024533019105,0.1432769840165879,0.3438988099540772
1773742694.6063213,0.07404024533019105,0.1432769840165879,0.3438988099540772
1773742694.6163578,0.07404024533019105,0.1432769840165879,0.3438988099540772
1773742694.6266842,0.0740317676454324,0.14325963142453607,0.3442633469320129
1773742694.6364608,0.0740317676454324,0.14325963142453607,0.3442633469320129
1773742694.6464653,0.0740317676454324,0.14325963142453607,0.3442633469320129
1773742694.6565783,0.0740317676454324,0.14325963142453607,0.3442633469320129
1773742694.6663814,0.07402327656123674,0.14324225172175195,0.3446277472383268
1773742694.6765122,0.07402327656123674,0.14324225172175195,0.3446277472383268
1773742694.686452,0.07402327656123674,0.14324225172175195,0.3446277472383268
1773742694.6964269,0.07402327656123674,0.14324225172175195,0.3446277472383268
1773742694.7065103,0.07401479073635783,0.14322445161189218,0.3449915816634763
1773742694.7163723,0.07401479073635783,0.14322445161189218,0.3449915816634763
1773742694.7264714,0.07401479073635783,0.14322445161189218,0.3449915816634763
1773742694.7365162,0.07401479073635783,0.14322445161189218,0.3449915816634763
1773742694.7464776,0.07400627249194908,0.14320701699417754,0.3453557056170944
1773742694.7567034,0.07400627249194908,0.14320701699417754,0.3453557056170944
1773742694.7664402,0.07400627249194908,0.14320701699417754,0.3453557056170944
1773742694.776491,0.07400627249194908,0.14320701699417754,0.3453557056170944
1773742694.786456,0.07399774046699913,0.14318955448313872,0.3457196897197971
1773742694.7966492,0.07399774046699913,0.14318955448313872,0.3457196897197971
1773742694.8069427,0.07399774046699913,0.14318955448313872,0.3457196897197971
1773742694.8163462,0.07399774046699913,0.14318955448313872,0.3457196897197971
1773742694.827081,0.07398919453136275,0.14317206381161734,0.34608353288537613
1773742694.8365004,0.07398919453136275,0.14317206381161734,0.34608353288537613
1773742694.8465571,0.07398919453136275,0.14317206381161734,0.34608353288537613
1773742694.8567533,0.07398919453136275,0.14317206381161734,0.34608353288537613
1773742694.8665268,0.07398063455337281,0.14315454470925804,0.3464472340140036
1773742694.8765411,0.07398063455337281,0.14315454470925804,0.3464472340140036
1773742694.886611,0.07398063455337281,0.14315454470925804,0.3464472340140036
1773742694.8969302,0.07398063455337281,0.14315454470925804,0.3464472340140036
1773742694.906687,0.07397207999158668,0.14313660693439914,0.34681035110976227
1773742694.916533,0.07397207999158668,0.14313660693439914,0.34681035110976227
1773742694.9266243,0.07397207999158668,0.14313660693439914,0.34681035110976227
1773742694.936603,0.07397207999158668,0.14313660693439914,0.34681035110976227
1773742694.9466345,0.07396349154628083,0.1431190302337258,0.3471737649699073
1773742694.9564795,0.07396349154628083,0.1431190302337258,0.3471737649699073
1773742694.966404,0.07396349154628083,0.1431190302337258,0.3471737649699073
1773742694.976618,0.07396349154628083,0.1431190302337258,0.3471737649699073
1773742694.986774,0.07395488865430276,0.14310142427250164,0.3475370334133967
1773742694.9967468,0.07395488865430276,0.14310142427250164,0.3475370334133967
1773742695.0068893,0.07395488865430276,0.14310142427250164,0.3475370334133967
1773742695.0167031,0.07395488865430276,0.14310142427250164,0.3475370334133967
1773742695.0271628,0.07394627117764135,0.14308378876724592,0.3479001552850014
1773742695.0370376,0.07394627117764135,0.14308378876724592,0.3479001552850014
1773742695.0474994,0.07394627117764135,0.14308378876724592,0.3479001552850014
1773742695.0574694,0.07394627117764135,0.14308378876724592,0.3479001552850014
1773742695.0673041,0.07394627117764135,0.14308378876724592,0.3479001552850014
1773742695.0781574,0.073937638976549,0.14306612343125566,0.3482631294150681
1773742695.0880563,0.073937638976549,0.14306612343125566,0.3482631294150681
1773742695.097443,0.073937638976549,0.14306612343125566,0.3482631294150681
1773742695.1074064,0.07392901235218953,0.14304804100855772,0.3486255007760157
1773742695.116728,0.07392901235218953,0.14304804100855772,0.3486255007760157
1773742695.1270256,0.07392901235218953,0.14304804100855772,0.3486255007760157
1773742695.1366298,0.07392901235218953,0.14304804100855772,0.3486255007760157
1773742695.147417,0.07392035029703765,0.14303031522887466,0.3489881760286063
1773742695.1572838,0.07392035029703765,0.14303031522887466,0.3489881760286063
1773742695.1668804,0.07392035029703765,0.14303031522887466,0.3489881760286063
1773742695.177675,0.07392035029703765,0.14303031522887466,0.3489881760286063
1773742695.1872692,0.07391167308848952,0.14301255873837,0.34935069994373086
1773742695.197162,0.07391167308848952,0.14301255873837,0.34935069994373086
1773742695.2070487,0.07391167308848952,0.14301255873837,0.34935069994373086
1773742695.2167218,0.07391167308848952,0.14301255873837,0.34935069994373086
1773742695.2270765,0.07390298058001694,0.1429947712365457,0.34971307129186496
1773742695.236901,0.07390298058001694,0.1429947712365457,0.34971307129186496
1773742695.2468894,0.07390298058001694,0.1429947712365457,0.34971307129186496
1773742695.257812,0.07390298058001694,0.1429947712365457,0.34971307129186496
1773742695.2670462,0.07389427262330718,0.1429769524191106,0.35007528882791095
1773742695.2772608,0.07389427262330718,0.1429769524191106,0.35007528882791095
1773742695.2869349,0.07389427262330718,0.1429769524191106,0.35007528882791095
1773742695.297398,0.07389427262330718,0.1429769524191106,0.35007528882791095
1773742695.306623,0.07388557040787122,0.1429587179501391,0.35043688424172326
1773742695.3167048,0.07388557040787122,0.1429587179501391,0.35043688424172326
1773742695.3273318,0.07388557040787122,0.1429587179501391,0.35043688424172326
1773742695.3375022,0.07388557040787122,0.1429587179501391,0.35043688424172326
1773742695.347508,0.07387683112537644,0.1429408356704719,0.35079879054367136
1773742695.3579137,0.07387683112537644,0.1429408356704719,0.35079879054367136
1773742695.367283,0.07387683112537644,0.1429408356704719,0.35079879054367136
1773742695.3775682,0.07387683112537644,0.1429408356704719,0.35079879054367136
1773742695.3868942,0.0738680759393054,0.14292292114139601,0.35116053920431745
1773742695.3973489,0.0738680759393054,0.14292292114139601,0.35116053920431745
1773742695.407082,0.0738680759393054,0.14292292114139601,0.35116053920431745
1773742695.4169025,0.0738680759393054,0.14292292114139601,0.35116053920431745
1773742695.4275308,0.07385930469407585,0.14290497404391408,0.3515221289137915
1773742695.4377985,0.07385930469407585,0.14290497404391408,0.3515221289137915
1773742695.449196,0.07385930469407585,0.14290497404391408,0.3515221289137915
1773742695.4572732,0.07385930469407585,0.14290497404391408,0.3515221289137915
1773742695.4684992,0.07385053932488857,0.14288661233370353,0.3518830805524022
1773742695.4778252,0.07385053932488857,0.14288661233370353,0.3518830805524022
1773742695.487306,0.07385053932488857,0.14288661233370353,0.3518830805524022
1773742695.4977896,0.07385053932488857,0.14288661233370353,0.3518830805524022
1773742695.5068252,0.07384175779407844,0.1428682179854157,0.35224386888704795
1773742695.5166576,0.07384175779407844,0.1428682179854157,0.35224386888704795
1773742695.5281265,0.07384175779407844,0.1428682179854157,0.35224386888704795
1773742695.5369735,0.07384175779407844,0.1428682179854157,0.35224386888704795
1773742695.5467908,0.073832937468493,0.14285017143120293,0.35260497412454844
1773742695.5576706,0.073832937468493,0.14285017143120293,0.35260497412454844
1773742695.56644,0.073832937468493,0.14285017143120293,0.35260497412454844
1773742695.5781238,0.073832937468493,0.14285017143120293,0.35260497412454844
1773742695.5868633,0.07382410044304098,0.14283209099505004,0.35296591500496177
1773742695.596873,0.07382410044304098,0.14283209099505004,0.35296591500496177
1773742695.606816,0.07382410044304098,0.14283209099505004,0.35296591500496177
1773742695.6174588,0.07382410044304098,0.14283209099505004,0.35296591500496177
1773742695.6289384,0.07381524655244812,0.14281397633828952,0.35332669013174983
1773742695.6371937,0.07381524655244812,0.14281397633828952,0.35332669013174983
1773742695.648166,0.07381524655244812,0.14281397633828952,0.35332669013174983
1773742695.6593115,0.07381524655244812,0.14281397633828952,0.35332669013174983
1773742695.6665752,0.07380637562943557,0.1427958271179673,0.3536872980901062
1773742695.676875,0.07380637562943557,0.1427958271179673,0.3536872980901062
1773742695.6866326,0.07380637562943557,0.1427958271179673,0.3536872980901062
1773742695.6966085,0.07380637562943557,0.1427958271179673,0.3536872980901062
1773742695.7069168,0.07379751079033262,0.1427772646585789,0.3540472432350753
1773742695.71671,0.07379751079033262,0.1427772646585789,0.3540472432350753
1773742695.7272315,0.07379751079033262,0.1427772646585789,0.3540472432350753
1773742695.7366903,0.07379751079033262,0.1427772646585789,0.3540472432350753
1773742695.7465627,0.07378860531956198,0.1427590453717822,0.3544075127616138
1773742695.7565818,0.07378860531956198,0.1427590453717822,0.3544075127616138
1773742695.766486,0.07378860531956198,0.1427590453717822,0.3544075127616138
1773742695.776882,0.07378860531956198,0.1427590453717822,0.3544075127616138
1773742695.786412,0.07377968230246895,0.14274079046829435,0.3547676107653579
1773742695.7966566,0.07377968230246895,0.14274079046829435,0.3547676107653579
1773742695.8067358,0.07377968230246895,0.14274079046829435,0.3547676107653579
1773742695.8165097,0.07377968230246895,0.14274079046829435,0.3547676107653579
1773742695.8266413,0.0737707415634131,0.14272249958824962,0.3551275357557681
1773742695.8365934,0.0737707415634131,0.14272249958824962,0.3551275357557681
1773742695.8466012,0.0737707415634131,0.14272249958824962,0.3551275357557681
1773742695.856609,0.0737707415634131,0.14272249958824962,0.3551275357557681
1773742695.8663201,0.07376178292456247,0.14270417236723376,0.35548728622232917
1773742695.8768234,0.07376178292456247,0.14270417236723376,0.35548728622232917
1773742695.8867536,0.07376178292456247,0.14270417236723376,0.35548728622232917
1773742695.8965893,0.07376178292456247,0.14270417236723376,0.35548728622232917
1773742695.906735,0.07375283054868592,0.14268543287681484,0.3558463524562632
1773742695.9164917,0.07375283054868592,0.14268543287681484,0.3558463524562632
1773742695.9267874,0.07375283054868592,0.14268543287681484,0.3558463524562632
1773742695.9370432,0.07375283054868592,0.14268543287681484,0.3558463524562632
1773742695.9466605,0.07374383559757562,0.14266703197411656,0.35620574950706907
1773742695.9571676,0.07374383559757562,0.14266703197411656,0.35620574950706907
1773742695.9665225,0.07374383559757562,0.14266703197411656,0.35620574950706907
1773742695.9775975,0.07374383559757562,0.14266703197411656,0.35620574950706907
1773742695.987024,0.07373482220023092,0.1426485936110168,0.3565649673837582
1773742695.996789,0.07373482220023092,0.1426485936110168,0.3565649673837582
1773742696.0075824,0.07373482220023092,0.1426485936110168,0.3565649673837582
1773742696.01729,0.07373482220023092,0.1426485936110168,0.3565649673837582
1773742696.0277534,0.07372579016982896,0.14263011740470743,0.35692400449372463
1773742696.0367036,0.07372579016982896,0.14263011740470743,0.35692400449372463
1773742696.0466301,0.07372579016982896,0.14263011740470743,0.35692400449372463
1773742696.0573938,0.07372579016982896,0.14263011740470743,0.35692400449372463
1773742696.0676427,0.0737167645497668,0.1426112295897162,0.35728233968553685
1773742696.078609,0.0737167645497668,0.1426112295897162,0.35728233968553685
1773742696.0872283,0.0737167645497668,0.1426112295897162,0.35728233968553685
1773742696.0975337,0.0737167645497668,0.1426112295897162,0.35728233968553685
1773742696.1073165,0.07370772016489494,0.14259230376549448,0.35764048921190644
1773742696.1168773,0.07370772016489494,0.14259230376549448,0.35764048921190644
1773742696.128826,0.07370772016489494,0.14259230376549448,0.35764048921190644
1773742696.1373088,0.07370772016489494,0.14259230376549448,0.35764048921190644
1773742696.1470282,0.07369863115521336,0.14257371191974594,0.35799897477765896
1773742696.1579423,0.07369863115521336,0.14257371191974594,0.35799897477765896
1773742696.1679096,0.07369863115521336,0.14257371191974594,0.35799897477765896
1773742696.1787016,0.07369863115521336,0.14257371191974594,0.35799897477765896
1773742696.1869903,0.073689522742253,0.14255508065345995,0.35835727299379133
1773742696.1988945,0.073689522742253,0.14255508065345995,0.35835727299379133
1773742696.2077162,0.073689522742253,0.14255508065345995,0.35835727299379133
1773742696.2178342,0.073689522742253,0.14255508065345995,0.35835727299379133
1773742696.2289383,0.07368039472715582,0.14253640955935587,0.35871538215706633
1773742696.2372808,0.07368039472715582,0.14253640955935587,0.35871538215706633
1773742696.2493792,0.07368039472715582,0.14253640955935587,0.35871538215706633
1773742696.2582884,0.07368039472715582,0.14253640955935587,0.35871538215706633
1773742696.2680929,0.07367127331213175,0.14251732753744384,0.3590727665741573
1773742696.2792451,0.07367127331213175,0.14251732753744384,0.3590727665741573
1773742696.2872534,0.07367127331213175,0.14251732753744384,0.3590727665741573
1773742696.2998393,0.07367127331213175,0.14251732753744384,0.3590727665741573
1773742696.307862,0.07366213215198275,0.14249820548562842,0.3594299568311834
1773742696.317557,0.07366213215198275,0.14249820548562842,0.3594299568311834
1773742696.329276,0.07366213215198275,0.14249820548562842,0.3594299568311834
1773742696.3370569,0.07366213215198275,0.14249820548562842,0.3594299568311834
1773742696.3490705,0.07365294418204195,0.1424794126597835,0.3597874889546575
1773742696.3583364,0.07365294418204195,0.1424794126597835,0.3597874889546575
1773742696.3681517,0.07365294418204195,0.1424794126597835,0.3597874889546575
1773742696.378468,0.07365294418204195,0.1424794126597835,0.3597874889546575
1773742696.3882277,0.07364373578981777,0.1424605783267937,0.360144824980911
1773742696.3991344,0.07364373578981777,0.1424605783267937,0.360144824980911
1773742696.4074726,0.07364373578981777,0.1424605783267937,0.360144824980911
1773742696.417469,0.07364373578981777,0.1424605783267937,0.360144824980911
1773742696.4271007,0.07363450676348597,0.14244170205307166,0.3605019630859412
1773742696.4371855,0.07363450676348597,0.14244170205307166,0.3605019630859412
1773742696.447,0.07363450676348597,0.14244170205307166,0.3605019630859412
1773742696.4584026,0.07363450676348597,0.14244170205307166,0.3605019630859412
1773742696.467677,0.07362528453371332,0.14242241536570102,0.3608583527664719
1773742696.477132,0.07362528453371332,0.14242241536570102,0.3608583527664719
1773742696.48816,0.07362528453371332,0.14242241536570102,0.3608583527664719
1773742696.4990087,0.07362528453371332,0.14242241536570102,0.3608583527664719
1773742696.5074968,0.07361604151468293,0.14240308649733796,0.361214539195067
1773742696.5183938,0.07361604151468293,0.14240308649733796,0.361214539195067
1773742696.5287971,0.07361604151468293,0.14240308649733796,0.361214539195067
1773742696.5375686,0.07361604151468293,0.14240308649733796,0.361214539195067
1773742696.5493977,0.07360674936374491,0.14238408200377617,0.36157107296217517
1773742696.5587904,0.07360674936374491,0.14238408200377617,0.36157107296217517
1773742696.5677466,0.07360674936374491,0.14238408200377617,0.36157107296217517
1773742696.5783663,0.07360674936374491,0.14238408200377617,0.36157107296217517
1773742696.5885108,0.07359743570462574,0.14236503378022722,0.3619274012611924
1773742696.5977893,0.07359743570462574,0.14236503378022722,0.3619274012611924
1773742696.6075623,0.07359743570462574,0.14236503378022722,0.3619274012611924
1773742696.618009,0.07359743570462574,0.14236503378022722,0.3619274012611924
1773742696.6280515,0.0735881003114401,0.14234594136430556,0.3622835221370886
1773742696.6377585,0.0735881003114401,0.14234594136430556,0.3622835221370886
1773742696.6481063,0.0735881003114401,0.14234594136430556,0.3622835221370886
1773742696.6578195,0.0735881003114401,0.14234594136430556,0.3622835221370886
1773742696.6676502,0.07357877191866338,0.1423264388783063,0.3626388700099038
1773742696.677846,0.07357877191866338,0.1423264388783063,0.3626388700099038
1773742696.6877525,0.07357877191866338,0.1423264388783063,0.3626388700099038
1773742696.6980069,0.07357877191866338,0.1423264388783063,0.3626388700099038
1773742696.7079213,0.07356942162363336,0.14230689191928833,0.362994004888221
1773742696.7175016,0.07356942162363336,0.14230689191928833,0.362994004888221
1773742696.7274368,0.07356942162363336,0.14230689191928833,0.362994004888221
1773742696.737548,0.07356942162363336,0.14230689191928833,0.362994004888221
1773742696.7482624,0.07356001972631453,0.14228766436770535,0.36334949216439166
1773742696.758493,0.07356001972631453,0.14228766436770535,0.36334949216439166
1773742696.7673967,0.07356001972631453,0.14228766436770535,0.36334949216439166
1773742696.7775671,0.07356001972631453,0.14228766436770535,0.36334949216439166
1773742696.787527,0.07355059516252417,0.14226839071570496,0.36370476392264606
1773742696.7973402,0.07355059516252417,0.14226839071570496,0.36370476392264606
1773742696.8075151,0.07355059516252417,0.14226839071570496,0.36370476392264606
1773742696.8173606,0.07355059516252417,0.14226839071570496,0.36370476392264606
1773742696.8277357,0.07354114769120751,0.14224907046986288,0.3640598180646196
1773742696.8375614,0.07354114769120751,0.14224907046986288,0.3640598180646196
1773742696.8474836,0.07354114769120751,0.14224907046986288,0.3640598180646196
1773742696.857849,0.07354114769120751,0.14224907046986288,0.3640598180646196
1773742696.8680942,0.07353170743217718,0.14222934032269602,0.3644140736713084
1773742696.8779352,0.07353170743217718,0.14222934032269602,0.3644140736713084
1773742696.8875477,0.07353170743217718,0.14222934032269602,0.3644140736713084
1773742696.8975012,0.07353170743217718,0.14222934032269602,0.3644140736713084
1773742696.9074354,0.0735222440832902,0.14220956325767828,0.36476810583176256
1773742696.9166236,0.0735222440832902,0.14220956325767828,0.36476810583176256
1773742696.926598,0.0735222440832902,0.14220956325767828,0.36476810583176256
1773742696.93738,0.0735222440832902,0.14220956325767828,0.36476810583176256
1773742696.9475372,0.07351272650114427,0.14219010049704267,0.3651224949693827
1773742696.957173,0.07351272650114427,0.14219010049704267,0.3651224949693827
1773742696.9674363,0.07351272650114427,0.14219010049704267,0.3651224949693827
1773742696.9775004,0.07351272650114427,0.14219010049704267,0.3651224949693827
1773742696.9874399,0.07350318501592615,0.1421705891057123,0.36547665779758115
1773742696.9978032,0.07350318501592615,0.1421705891057123,0.36547665779758115
1773742697.007561,0.07350318501592615,0.1421705891057123,0.36547665779758115
1773742697.0172522,0.07350318501592615,0.1421705891057123,0.36547665779758115
1773742697.0271878,0.07349361937010986,0.1421510285566655,0.36583059206142277
1773742697.0365689,0.07349361937010986,0.1421510285566655,0.36583059206142277
1773742697.0465436,0.07349361937010986,0.1421510285566655,0.36583059206142277
1773742697.0567653,0.07349361937010986,0.1421510285566655,0.36583059206142277
1773742697.0671587,0.07348406115720797,0.14213105809562815,0.3661837012471993
1773742697.0766616,0.07348406115720797,0.14213105809562815,0.3661837012471993
1773742697.087165,0.07348406115720797,0.14213105809562815,0.3661837012471993
1773742697.0972097,0.07348406115720797,0.14213105809562815,0.3661837012471993
1773742697.1067076,0.07347447858597099,0.14211103810664433,0.36653657575985743
1773742697.1171825,0.07347447858597099,0.14211103810664433,0.36653657575985743
1773742697.126972,0.07347447858597099,0.14211103810664433,0.36653657575985743
1773742697.137637,0.07347447858597099,0.14211103810664433,0.36653657575985743
1773742697.1475623,0.0734648389762814,0.14209132716169362,0.36688981127254183
1773742697.1577904,0.0734648389762814,0.14209132716169362,0.36688981127254183
1773742697.167583,0.0734648389762814,0.14209132716169362,0.36688981127254183
1773742697.177394,0.0734648389762814,0.14209132716169362,0.36688981127254183
1773742697.187823,0.0734551741418909,0.14207156488221476,0.3672428088733169
1773742697.1977098,0.0734551741418909,0.14207156488221476,0.3672428088733169
1773742697.2074711,0.0734551741418909,0.14207156488221476,0.3672428088733169
1773742697.2176042,0.0734551741418909,0.14207156488221476,0.3672428088733169
1773742697.2275386,0.07344548380735116,0.1420517507047896,0.3675955661358687
1773742697.237631,0.07344548380735116,0.1420517507047896,0.3675955661358687
1773742697.2475436,0.07344548380735116,0.1420517507047896,0.3675955661358687
1773742697.257456,0.07344548380735116,0.1420517507047896,0.3675955661358687
1773742697.2677512,0.07343580113589386,0.14203152642030686,0.3679474707062147
1773742697.2775288,0.07343580113589386,0.14203152642030686,0.3679474707062147
1773742697.2875776,0.07343580113589386,0.14203152642030686,0.3679474707062147
1773742697.2978122,0.07343580113589386,0.14203152642030686,0.3679474707062147
1773742697.3073754,0.07342609274988875,0.1420112498181215,0.3682991285286137
1773742697.3178718,0.07342609274988875,0.1420112498181215,0.3682991285286137
1773742697.3278904,0.07342609274988875,0.1420112498181215,0.3682991285286137
1773742697.3377004,0.07342609274988875,0.1420112498181215,0.3682991285286137
1773742697.347765,0.07341632433101165,0.14199127681801682,0.36865115072961097
1773742697.3573732,0.07341632433101165,0.14199127681801682,0.36865115072961097
1773742697.3676467,0.07341632433101165,0.14199127681801682,0.36865115072961097
1773742697.3772845,0.07341632433101165,0.14199127681801682,0.36865115072961097
1773742697.3874786,0.07340652927334425,0.14197124959121785,0.3690029225276321
1773742697.3973393,0.07340652927334425,0.14197124959121785,0.3690029225276321
1773742697.4073756,0.07340652927334425,0.14197124959121785,0.3690029225276321
1773742697.4174814,0.07340652927334425,0.14197124959121785,0.3690029225276321
1773742697.427516,0.07339670728200832,0.14195116753450085,0.36935444130843564
1773742697.4375103,0.07339670728200832,0.14195116753450085,0.36935444130843564
1773742697.4480383,0.07339670728200832,0.14195116753450085,0.36935444130843564
1773742697.4575436,0.07339670728200832,0.14195116753450085,0.36935444130843564
1773742697.4675567,0.07338689319432617,0.14193067498588355,0.3697050786466857
1773742697.4772685,0.07338689319432617,0.14193067498588355,0.3697050786466857
1773742697.4876037,0.07338689319432617,0.14193067498588355,0.3697050786466857
1773742697.4979842,0.07338689319432617,0.14193067498588355,0.3697050786466857
1773742697.5074778,0.0733770519404395,0.14191012713439688,0.3700554562330357
1773742697.5174036,0.0733770519404395,0.14191012713439688,0.3700554562330357
1773742697.527593,0.0733770519404395,0.14191012713439688,0.3700554562330357
1773742697.5376103,0.0733770519404395,0.14191012713439688,0.3700554562330357
1773742697.5481892,0.07336714745330394,0.14188987723498378,0.3704062008307691
1773742697.5574481,0.07336714745330394,0.14188987723498378,0.3704062008307691
1773742697.5675528,0.07336714745330394,0.14188987723498378,0.3704062008307691
1773742697.57752,0.07336714745330394,0.14188987723498378,0.3704062008307691
1773742697.58747,0.07335721481271992,0.14186957001129608,0.3707566815597457
1773742697.5972655,0.07335721481271992,0.14186957001129608,0.3707566815597457
1773742697.6070874,0.07335721481271992,0.14186957001129608,0.3707566815597457
1773742697.617313,0.07335721481271992,0.14186957001129608,0.3707566815597457
1773742697.627087,0.07334725370263138,0.1418492048170667,0.37110689559908533
1773742697.637507,0.07334725370263138,0.1418492048170667,0.37110689559908533
1773742697.6479049,0.07334725370263138,0.1418492048170667,0.37110689559908533
1773742697.6567936,0.07334725370263138,0.1418492048170667,0.37110689559908533
1773742697.6672225,0.0733372638024575,0.1418287809967494,0.3714568400844245
1773742697.6768844,0.0733372638024575,0.1418287809967494,0.3714568400844245
1773742697.6871715,0.0733372638024575,0.1418287809967494,0.3714568400844245
1773742697.6976173,0.0733372638024575,0.1418287809967494,0.3714568400844245
1773742697.706894,0.07332728210976584,0.14180794596263419,0.3718058670247029
1773742697.7170346,0.07332728210976584,0.14180794596263419,0.3718058670247029
1773742697.7269897,0.07332728210976584,0.14180794596263419,0.3718058670247029
1773742697.7370622,0.07332728210976584,0.14180794596263419,0.3718058670247029
1773742697.7472177,0.07331723371268012,0.14178740307311216,0.37215526415244704
1773742697.7573469,0.07331723371268012,0.14178740307311216,0.37215526415244704
1773742697.7673092,0.07331723371268012,0.14178740307311216,0.37215526415244704
1773742697.7775366,0.07331723371268012,0.14178740307311216,0.37215526415244704
1773742697.7874837,0.07330715553700662,0.14176679953649549,0.37250438286795573
1773742697.797151,0.07330715553700662,0.14176679953649549,0.37250438286795573
1773742697.8069952,0.07330715553700662,0.14176679953649549,0.37250438286795573
1773742697.816943,0.07330715553700662,0.14176679953649549,0.37250438286795573
1773742697.827051,0.07329704724356625,0.1417461346590321,0.3728532201230594
1773742697.8371816,0.07329704724356625,0.1417461346590321,0.3728532201230594
1773742697.8472285,0.07329704724356625,0.1417461346590321,0.3728532201230594
1773742697.8568003,0.07329704724356625,0.1417461346590321,0.3728532201230594
1773742697.8667886,0.0732869084881489,0.14172540773724135,0.3732017728217403
1773742697.8776002,0.0732869084881489,0.14172540773724135,0.3732017728217403
1773742697.8875396,0.0732869084881489,0.14172540773724135,0.3732017728217403
1773742697.8984969,0.0732869084881489,0.14172540773724135,0.3732017728217403
1773742697.9079926,0.07327677820732846,0.14170426877468312,0.3735493764630722
1773742697.9191396,0.07327677820732846,0.14170426877468312,0.3735493764630722
1773742697.9283996,0.07327677820732846,0.14170426877468312,0.3735493764630722
1773742697.9376519,0.07327677820732846,0.14170426877468312,0.3735493764630722
1773742697.9471052,0.07326657754446303,0.14168341581179233,0.3738973511337551
1773742697.9569707,0.07326657754446303,0.14168341581179233,0.3738973511337551
1773742697.9679313,0.07326657754446303,0.14168341581179233,0.3738973511337551
1773742697.9773593,0.07326657754446303,0.14168341581179233,0.3738973511337551
1773742697.9869852,0.07325634535806659,0.14166249863415126,0.374245031667688
1773742697.9965231,0.07325634535806659,0.14166249863415126,0.374245031667688
1773742698.006756,0.07325634535806659,0.14166249863415126,0.374245031667688
1773742698.0167072,0.07325634535806659,0.14166249863415126,0.374245031667688
1773742698.0291295,0.07324608128356824,0.14164151649652695,0.37459241476641236
1773742698.037845,0.07324608128356824,0.14164151649652695,0.37459241476641236
1773742698.0479116,0.07324608128356824,0.14164151649652695,0.37459241476641236
1773742698.0572503,0.07324608128356824,0.14164151649652695,0.37459241476641236
1773742698.0677183,0.07323582590719302,0.14162012150652425,0.37493882261451983
1773742698.0774558,0.07323582590719302,0.14162012150652425,0.37493882261451983
1773742698.0877793,0.07323582590719302,0.14162012150652425,0.37493882261451983
1773742698.0987391,0.07323582590719302,0.14162012150652425,0.37493882261451983
1773742698.106761,0.0732255383451846,0.14159866089788076,0.37528492514611916
1773742698.117231,0.0732255383451846,0.14159866089788076,0.37528492514611916
1773742698.127676,0.0732255383451846,0.14159866089788076,0.37528492514611916
1773742698.1380758,0.0732255383451846,0.14159866089788076,0.37528492514611916
1773742698.1481514,0.0732151765141245,0.1415774797230483,0.37563139685437
1773742698.157273,0.0732151765141245,0.1415774797230483,0.37563139685437
1773742698.1687534,0.0732151765141245,0.1415774797230483,0.37563139685437
1773742698.1777081,0.0732151765141245,0.1415774797230483,0.37563139685437
1773742698.187974,0.07320478128432648,0.14155623050058902,0.3759775574067761
1773742698.1981826,0.07320478128432648,0.14155623050058902,0.3759775574067761
1773742698.2076035,0.07320478128432648,0.14155623050058902,0.3759775574067761
1773742698.218439,0.07320478128432648,0.14155623050058902,0.3759775574067761
1773742698.2273064,0.07319435226353209,0.14153491242863497,0.37632340322850344
1773742698.237116,0.07319435226353209,0.14153491242863497,0.37632340322850344
1773742698.2477486,0.07319435226353209,0.14153491242863497,0.37632340322850344
1773742698.2568395,0.07319435226353209,0.14153491242863497,0.37632340322850344
1773742698.2667723,0.07318393223351934,0.14151318029844595,0.37666823976589064
1773742698.2794223,0.07318393223351934,0.14151318029844595,0.37666823976589064
1773742698.2870226,0.07318393223351934,0.14151318029844595,0.37666823976589064
1773742698.2971082,0.07318393223351934,0.14151318029844595,0.37666823976589064
1773742698.3067462,0.073173478089222,0.14149137858802477,0.3770127532418665
1773742698.3170455,0.073173478089222,0.14149137858802477,0.3770127532418665
1773742698.3282032,0.073173478089222,0.14149137858802477,0.3770127532418665
1773742698.337266,0.073173478089222,0.14149137858802477,0.3770127532418665
1773742698.3484137,0.07316294544509962,0.14146984949046337,0.3773576341873013
1773742698.3580291,0.07316294544509962,0.14146984949046337,0.3773576341873013
1773742698.3687816,0.07316294544509962,0.14146984949046337,0.3773576341873013
1773742698.3774936,0.07316294544509962,0.14146984949046337,0.3773576341873013
1773742698.3879924,0.07315237738361785,0.14144824821957522,0.3777021855203539
1773742698.3999884,0.07315237738361785,0.14144824821957522,0.3777021855203539
1773742698.4078355,0.07315237738361785,0.14144824821957522,0.3777021855203539
1773742698.41936,0.07315237738361785,0.14144824821957522,0.3777021855203539
1773742698.428545,0.07314177348215585,0.14142657391168784,0.37804640336063466
1773742698.439033,0.07314177348215585,0.14142657391168784,0.37804640336063466
1773742698.4492633,0.07314177348215585,0.14142657391168784,0.37804640336063466
1773742698.4579725,0.07314177348215585,0.14142657391168784,0.37804640336063466
1773742698.4689772,0.07313117888032815,0.14140448411717602,0.37838957635413456
1773742698.47804,0.07313117888032815,0.14140448411717602,0.37838957635413456
1773742698.488606,0.07313117888032815,0.14140448411717602,0.37838957635413456
1773742698.4994214,0.07313117888032815,0.14140448411717602,0.37838957635413456
1773742698.5081584,0.07312054808684985,0.14138232047668958,0.3787324070351386
1773742698.5182319,0.07312054808684985,0.14138232047668958,0.3787324070351386
1773742698.5282767,0.07312054808684985,0.14138232047668958,0.3787324070351386
1773742698.537668,0.07312054808684985,0.14138232047668958,0.3787324070351386
1773742698.5473654,0.07310983424153752,0.14136042222927736,0.37907560194274625
1773742698.5576277,0.07310983424153752,0.14136042222927736,0.37907560194274625
1773742698.5675526,0.07310983424153752,0.14136042222927736,0.37907560194274625
1773742698.5773625,0.07310983424153752,0.14136042222927736,0.37907560194274625
1773742698.5864856,0.07309908280280969,0.14133844736189435,0.37941844719094897
1773742698.5975075,0.07309908280280969,0.14133844736189435,0.37941844719094897
1773742698.6063876,0.07309908280280969,0.14133844736189435,0.37941844719094897
1773742698.6164892,0.07309908280280969,0.14133844736189435,0.37941844719094897
1773742698.62669,0.07308829331482566,0.14131639494291054,0.3797609385607264
1773742698.6365333,0.07308829331482566,0.14131639494291054,0.3797609385607264
1773742698.646437,0.07308829331482566,0.14131639494291054,0.3797609385607264
1773742698.6563978,0.07308829331482566,0.14131639494291054,0.3797609385607264
1773742698.6664398,0.07307746531460926,0.1412942640263749,0.38010307176101477
1773742698.6765096,0.07307746531460926,0.1412942640263749,0.38010307176101477
1773742698.6865659,0.07307746531460926,0.1412942640263749,0.38010307176101477
1773742698.696937,0.07307746531460926,0.1412942640263749,0.38010307176101477
1773742698.7067008,0.07306664700831866,0.14127171560291452,0.38044411528356287
1773742698.7162871,0.07306664700831866,0.14127171560291452,0.38044411528356287
1773742698.7268946,0.07306664700831866,0.14127171560291452,0.38044411528356287
1773742698.7364194,0.07306664700831866,0.14127171560291452,0.38044411528356287
1773742698.7468815,0.07305574066220227,0.14124942505514676,0.38078551979159775
1773742698.7564266,0.07305574066220227,0.14124942505514676,0.38078551979159775
1773742698.766682,0.07305574066220227,0.14124942505514676,0.38078551979159775
1773742698.7767727,0.07305574066220227,0.14124942505514676,0.38078551979159775
1773742698.7875788,0.07304479437266505,0.14122705308543043,0.3811265528192955
1773742698.7976015,0.07304479437266505,0.14122705308543043,0.3811265528192955
1773742698.8076563,0.07304479437266505,0.14122705308543043,0.3811265528192955
1773742698.8179169,0.07304479437266505,0.14122705308543043,0.3811265528192955
1773742698.8267956,0.07303380764706903,0.14120459868746688,0.38146720977182785
1773742698.8371422,0.07303380764706903,0.14120459868746688,0.38146720977182785
1773742698.847506,0.07303380764706903,0.14120459868746688,0.38146720977182785
1773742698.857461,0.07303380764706903,0.14120459868746688,0.38146720977182785
1773742698.867878,0.0730228308940191,0.14118172524330316,0.381806745771781
1773742698.8777053,0.0730228308940191,0.14118172524330316,0.381806745771781
1773742698.8876903,0.0730228308940191,0.14118172524330316,0.381806745771781
1773742698.8977175,0.0730228308940191,0.14118172524330316,0.381806745771781
1773742698.9074814,0.07301181328792211,0.1411587683845111,0.3821458957621489
1773742698.9177575,0.07301181328792211,0.1411587683845111,0.3821458957621489
1773742698.9279027,0.07301181328792211,0.1411587683845111,0.3821458957621489
1773742698.9375045,0.07301181328792211,0.1411587683845111,0.3821458957621489
1773742698.9477582,0.07300070242995477,0.14113606106242782,0.3824853978922229
1773742698.957481,0.07300070242995477,0.14113606106242782,0.3824853978922229
1773742698.9674776,0.07300070242995477,0.14113606106242782,0.3824853978922229
1773742698.9776158,0.07300070242995477,0.14113606106242782,0.3824853978922229
1773742698.987731,0.07298954908953685,0.14111326713135763,0.3828245047728701
1773742698.9978335,0.07298954908953685,0.14111326713135763,0.3828245047728701
1773742699.0074751,0.07298954908953685,0.14111326713135763,0.3828245047728701
1773742699.0174701,0.07298954908953685,0.14111326713135763,0.3828245047728701
1773742699.0274322,0.07297835273382207,0.1410903855026413,0.3831632113916926
1773742699.037543,0.07297835273382207,0.1410903855026413,0.3831632113916926
1773742699.0481515,0.07297835273382207,0.1410903855026413,0.3831632113916926
1773742699.057621,0.07297835273382207,0.1410903855026413,0.3831632113916926
1773742699.0675256,0.0729671667180759,0.14106708268514015,0.38350075633069713
1773742699.0775027,0.0729671667180759,0.14106708268514015,0.38350075633069713
1773742699.0872135,0.0729671667180759,0.14106708268514015,0.38350075633069713
1773742699.0975974,0.0729671667180759,0.14106708268514015,0.38350075633069713
1773742699.1074674,0.07295593723225453,0.14104369108330508,0.3838378904378989
1773742699.1177914,0.07295593723225453,0.14104369108330508,0.3838378904378989
1773742699.1274388,0.07295593723225453,0.14104369108330508,0.3838378904378989
1773742699.1377926,0.07295593723225453,0.14104369108330508,0.3838378904378989
1773742699.1481302,0.07294460877532433,0.14102054025513283,0.3841753672494698
1773742699.1574256,0.07294460877532433,0.14102054025513283,0.3841753672494698
1773742699.168058,0.07294460877532433,0.14102054025513283,0.3841753672494698
1773742699.17787,0.07294460877532433,0.14102054025513283,0.3841753672494698
1773742699.1879027,0.07293323508768046,0.140997297203896,0.3845124228650866
1773742699.1977959,0.07293323508768046,0.140997297203896,0.3845124228650866
1773742699.207521,0.07293323508768046,0.140997297203896,0.3845124228650866
1773742699.217377,0.07293323508768046,0.140997297203896,0.3845124228650866
1773742699.2273002,0.07292181559212596,0.14097396075055985,0.38484905180708867
1773742699.2376773,0.07292181559212596,0.14097396075055985,0.38484905180708867
1773742699.2477322,0.07292181559212596,0.14097396075055985,0.38484905180708867
1773742699.2572935,0.07292181559212596,0.14097396075055985,0.38484905180708867
1773742699.2678554,0.07291040682744782,0.1409502007119321,0.385184476413041
1773742699.277522,0.07291040682744782,0.1409502007119321,0.385184476413041
1773742699.287641,0.07291040682744782,0.1409502007119321,0.385184476413041
1773742699.2981107,0.07291040682744782,0.1409502007119321,0.385184476413041
1773742699.30747,0.07289895175844265,0.1409263460748253,0.38551946308028423
1773742699.3177378,0.07289895175844265,0.1409263460748253,0.38551946308028423
1773742699.327653,0.07289895175844265,0.1409263460748253,0.38551946308028423
1773742699.3375733,0.07289895175844265,0.1409263460748253,0.38551946308028423
1773742699.3476427,0.07288739152900407,0.1409027227928562,0.38585478027837616
1773742699.3574927,0.07288739152900407,0.1409027227928562,0.38585478027837616
1773742699.367908,0.07288739152900407,0.1409027227928562,0.38585478027837616
1773742699.3778596,0.07288739152900407,0.1409027227928562,0.38585478027837616
1773742699.3878195,0.07287578308995613,0.1408790012034547,0.3861896479078787
1773742699.3977096,0.07287578308995613,0.1408790012034547,0.3861896479078787
1773742699.407547,0.07287578308995613,0.1408790012034547,0.3861896479078787
1773742699.4175985,0.07287578308995613,0.1408790012034547,0.3861896479078787
1773742699.4275897,0.07286412581508399,0.14085518002769207,0.3865240599729367
1773742699.4375145,0.07286412581508399,0.14085518002769207,0.3865240599729367
1773742699.4477804,0.07286412581508399,0.14085518002769207,0.3865240599729367
1773742699.4577591,0.07286412581508399,0.14085518002769207,0.3865240599729367
1773742699.467717,0.072852479687848,0.14083093260842805,0.3868572230068411
1773742699.4771397,0.072852479687848,0.14083093260842805,0.3868572230068411
1773742699.4870317,0.072852479687848,0.14083093260842805,0.3868572230068411
1773742699.4970067,0.072852479687848,0.14083093260842805,0.3868572230068411
1773742699.5066082,0.07284078418258433,0.140806584287036,0.3871899184491432
1773742699.5165427,0.07284078418258433,0.140806584287036,0.3871899184491432
1773742699.5271618,0.07284078418258433,0.140806584287036,0.3871899184491432
1773742699.536789,0.07284078418258433,0.140806584287036,0.3871899184491432
1773742699.5467467,0.07282897680911839,0.14078245716090057,0.38752292908174507
1773742699.557074,0.07282897680911839,0.14078245716090057,0.38752292908174507
1773742699.5667498,0.07282897680911839,0.14078245716090057,0.38752292908174507
1773742699.5764775,0.07282897680911839,0.14078245716090057,0.38752292908174507
1773742699.5867188,0.07281711799275839,0.1407582251241228,0.3878554590666927
1773742699.5973692,0.07281711799275839,0.1407582251241228,0.3878554590666927
1773742699.6073048,0.07281711799275839,0.1407582251241228,0.3878554590666927
1773742699.6170592,0.07281711799275839,0.1407582251241228,0.3878554590666927
1773742699.627302,0.07281711799275839,0.1407582251241228,0.3878554590666927
1773742699.637033,0.07281711799275839,0.1407582251241228,0.3878554590666927
1773742699.6471367,0.07281711799275839,0.1407582251241228,0.3878554590666927
1773742699.6568112,0.07281711799275839,0.1407582251241228,0.3878554590666927
1773742699.6667862,0.07281711799275839,0.1407582251241228,0.3878554590666927
1773742699.6773438,0.07281711799275839,0.1407582251241228,0.3878554590666927
1773742699.6875253,0.07281711799275839,0.1407582251241228,0.3878554590666927
1773742699.6975799,0.07281711799275839,0.1407582251241228,0.3878554590666927
1773742699.7074227,0.07281711799275839,0.1407582251241228,0.3878554590666927
1773742699.717828,0.07281711799275839,0.1407582251241228,0.3878554590666927
1773742699.7275262,0.07281711799275839,0.1407582251241228,0.3878554590666927
1773742699.7376742,0.07281711799275839,0.1407582251241228,0.3878554590666927
1773742699.7477005,0.07281711799275839,0.1407582251241228,0.3878554590666927
1773742699.7575529,0.07281711799275839,0.1407582251241228,0.3878554590666927
1773742699.7673671,0.07281711799275839,0.1407582251241228,0.3878554590666927
1773742699.7770362,0.07281711799275839,0.1407582251241228,0.3878554590666927
1773742699.7872684,0.07281711799275839,0.1407582251241228,0.3878554590666927
1773742699.7967565,0.07281711799275839,0.1407582251241228,0.3878554590666927
1773742699.806993,0.07281711799275839,0.1407582251241228,0.3878554590666927
1773742699.8174984,0.07281711799275839,0.1407582251241228,0.3878554590666927
1773742699.827349,0.07281711799275839,0.1407582251241228,0.3878554590666927
1773742699.8374434,0.07281711799275839,0.1407582251241228,0.3878554590666927
1773742699.8476555,0.07281711799275839,0.1407582251241228,0.3878554590666927
1773742699.8574724,0.07281711799275839,0.1407582251241228,0.3878554590666927
1773742699.8684998,0.07281711799275839,0.1407582251241228,0.3878554590666927
1773742699.8781948,0.07281711799275839,0.1407582251241228,0.3878554590666927
1773742699.8882577,0.07281711799275839,0.1407582251241228,0.3878554590666927
1773742699.898144,0.07281711799275839,0.1407582251241228,0.3878554590666927
1773742699.908176,0.07281711799275839,0.1407582251241228,0.3878554590666927
1773742699.9184659,0.07281711799275839,0.1407582251241228,0.3878554590666927
1773742699.9275692,0.07281711799275839,0.1407582251241228,0.3878554590666927
1773742699.937635,0.07281711799275839,0.1407582251241228,0.3878554590666927
1773742699.9477165,0.07281711799275839,0.1407582251241228,0.3878554590666927
1773742699.9571104,0.07281711799275839,0.1407582251241228,0.3878554590666927
1773742699.9675236,0.07281711799275839,0.1407582251241228,0.3878554590666927
1773742699.9777195,0.07281711799275839,0.1407582251241228,0.3878554590666927
1773742699.987393,0.07281711799275839,0.1407582251241228,0.3878554590666927
1773742699.9971259,0.07281711799275839,0.1407582251241228,0.3878554590666927
1773742700.0076103,0.07281711799275839,0.1407582251241228,0.3878554590666927
1773742700.0175266,0.07281711799275839,0.1407582251241228,0.3878554590666927
1773742700.027676,0.07281711799275839,0.1407582251241228,0.3878554590666927
1773742700.0382297,0.07281711799275839,0.1407582251241228,0.3878554590666927
1773742700.0478172,0.07281711799275839,0.1407582251241228,0.3878554590666927
1773742700.0578287,0.07281711799275839,0.1407582251241228,0.3878554590666927
1773742700.0677621,0.07281711799275839,0.1407582251241228,0.3878554590666927
1773742700.0777416,0.07281711799275839,0.1407582251241228,0.3878554590666927
1773742700.087815,0.07281711799275839,0.1407582251241228,0.3878554590666927
1773742700.097299,0.07281711799275839,0.1407582251241228,0.3878554590666927
1773742700.1075168,0.07281711799275839,0.1407582251241228,0.3878554590666927
1773742700.117303,0.07281711799275839,0.1407582251241228,0.3878554590666927
1773742700.1272843,0.07281711799275839,0.1407582251241228,0.3878554590666927
1773742700.13737,0.07281711799275839,0.1407582251241228,0.3878554590666927
1773742700.1468263,0.07281711799275839,0.1407582251241228,0.3878554590666927
1773742700.1575315,0.07281711799275839,0.1407582251241228,0.3878554590666927
1773742700.1678689,0.07281711799275839,0.1407582251241228,0.3878554590666927
1773742700.1776392,0.07281711799275839,0.1407582251241228,0.3878554590666927
1773742700.1875892,0.07281711799275839,0.1407582251241228,0.3878554590666927
1773742700.1974487,0.07281711799275839,0.1407582251241228,0.3878554590666927
1773742700.207399,0.07281711799275839,0.1407582251241228,0.3878554590666927
1773742700.217177,0.07281711799275839,0.1407582251241228,0.3878554590666927
1773742700.2270632,0.07281711799275839,0.1407582251241228,0.3878554590666927
1773742700.2375374,0.07281711799275839,0.1407582251241228,0.3878554590666927
1773742700.2472758,0.07281711799275839,0.1407582251241228,0.3878554590666927
1773742700.2574527,0.07281711799275839,0.1407582251241228,0.3878554590666927
1773742700.2673852,0.07281711799275839,0.1407582251241228,0.3878554590666927
1773742700.277166,0.07281711799275839,0.1407582251241228,0.3878554590666927
1773742700.2872055,0.07281711799275839,0.1407582251241228,0.3878554590666927
1773742700.2981317,0.07281711799275839,0.1407582251241228,0.3878554590666927
1773742700.3076637,0.07281711799275839,0.1407582251241228,0.3878554590666927
1773742700.3176246,0.07281711799275839,0.1407582251241228,0.3878554590666927
1773742700.327422,0.07281711799275839,0.1407582251241228,0.3878554590666927
1773742700.337824,0.07281711799275839,0.1407582251241228,0.3878554590666927
1773742700.3479023,0.07281711799275839,0.1407582251241228,0.3878554590666927
1773742700.3577125,0.07281711799275839,0.1407582251241228,0.3878554590666927
1773742700.3687804,0.07281711799275839,0.1407582251241228,0.3878554590666927
1773742700.3773959,0.07281711799275839,0.1407582251241228,0.3878554590666927
1773742700.3877263,0.07281711799275839,0.1407582251241228,0.3878554590666927
1773742700.3974154,0.07281711799275839,0.1407582251241228,0.3878554590666927
1773742700.4078777,0.07281711799275839,0.1407582251241228,0.3878554590666927
1773742700.4186914,0.07281711799275839,0.1407582251241228,0.3878554590666927
1773742700.4274454,0.07281711799275839,0.1407582251241228,0.3878554590666927
1773742700.4373934,0.07281711799275839,0.1407582251241228,0.3878554590666927
1773742700.447732,0.07281711799275839,0.1407582251241228,0.3878554590666927
1773742700.457885,0.07281711799275839,0.1407582251241228,0.3878554590666927
1773742700.4676168,0.07281711799275839,0.1407582251241228,0.3878554590666927
1773742700.4771562,0.07281711799275839,0.1407582251241228,0.3878554590666927
1773742700.4874568,0.07281711799275839,0.1407582251241228,0.3878554590666927
1773742700.4973028,0.07281711799275839,0.1407582251241228,0.3878554590666927
1773742700.5076294,0.07281711799275839,0.1407582251241228,0.3878554590666927
1773742700.5176163,0.07281711799275839,0.1407582251241228,0.3878554590666927
1773742700.5273256,0.07281711799275839,0.1407582251241228,0.3878554590666927
1773742700.5374825,0.07281711799275839,0.1407582251241228,0.3878554590666927
1773742700.5478163,0.07281711799275839,0.1407582251241228,0.3878554590666927
1773742700.5576715,0.07281711799275839,0.1407582251241228,0.3878554590666927
1773742700.567987,0.07281711799275839,0.1407582251241228,0.3878554590666927
1773742700.577031,0.07281711799275839,0.1407582251241228,0.3878554590666927
1773742700.587396,0.07281711799275839,0.1407582251241228,0.3878554590666927
1773742700.5967464,0.07281711799275839,0.1407582251241228,0.3878554590666927
1773742700.6074977,0.07281711799275839,0.1407582251241228,0.3878554590666927
1773742700.6175199,0.07281711799275839,0.1407582251241228,0.3878554590666927
1773742700.6275342,0.07281711799275839,0.1407582251241228,0.3878554590666927
1773742700.637286,0.07281711799275839,0.1407582251241228,0.3878554590666927
1773742700.6476896,0.07281711799275839,0.1407582251241228,0.3878554590666927
1773742700.6575627,0.07281711799275839,0.1407582251241228,0.3878554590666927
1773742700.667444,0.07281711799275839,0.1407582251241228,0.3878554590666927
1773742700.676731,0.07281711799275839,0.1407582251241228,0.3878554590666927
1773742700.6869328,0.07281711799275839,0.1407582251241228,0.3878554590666927
1773742700.697069,0.07281711799275839,0.1407582251241228,0.3878554590666927
1773742700.7071729,0.07281711799275839,0.1407582251241228,0.3878554590666927
1773742700.7171583,0.07281711799275839,0.1407582251241228,0.3878554590666927
1773742700.727142,0.07281711799275839,0.1407582251241228,0.3878554590666927
1773742700.7372248,0.07281711799275839,0.1407582251241228,0.3878554590666927
1773742700.7467299,0.07281711799275839,0.1407582251241228,0.3878554590666927
1773742700.7570758,0.07281711799275839,0.1407582251241228,0.3878554590666927
1773742700.7672224,0.07281711799275839,0.1407582251241228,0.3878554590666927
1773742700.7768347,0.07281711799275839,0.1407582251241228,0.3878554590666927
1773742700.7870774,0.07281711799275839,0.1407582251241228,0.3878554590666927
1773742700.7969272,0.07281711799275839,0.1407582251241228,0.3878554590666927
1773742700.806985,0.07281711799275839,0.1407582251241228,0.3878554590666927
1773742700.8169193,0.07281711799275839,0.1407582251241228,0.3878554590666927
1773742700.826817,0.07281711799275839,0.1407582251241228,0.3878554590666927
1773742700.837264,0.07281711799275839,0.1407582251241228,0.3878554590666927
1773742700.8471425,0.07281711799275839,0.1407582251241228,0.3878554590666927
1773742700.856782,0.07281711799275839,0.1407582251241228,0.3878554590666927
1773742700.867472,0.07281711799275839,0.1407582251241228,0.3878554590666927
1773742700.8774824,0.07281711799275839,0.1407582251241228,0.3878554590666927
1773742700.8870142,0.07281711799275839,0.1407582251241228,0.3878554590666927
1773742700.8970797,0.07281711799275839,0.1407582251241228,0.3878554590666927
1773742700.9068482,0.07281711799275839,0.1407582251241228,0.3878554590666927
1773742700.917005,0.07281711799275839,0.1407582251241228,0.3878554590666927
1773742700.9270253,0.07281711799275839,0.1407582251241228,0.3878554590666927
1773742700.9375625,0.07281711799275839,0.1407582251241228,0.3878554590666927
1773742700.9471812,0.07281711799275839,0.1407582251241228,0.3878554590666927
1773742700.956908,0.07281711799275839,0.1407582251241228,0.3878554590666927
1773742700.967163,0.07281711799275839,0.1407582251241228,0.3878554590666927
1773742700.9769115,0.07281711799275839,0.1407582251241228,0.3878554590666927
1773742700.9871073,0.07281711799275839,0.1407582251241228,0.3878554590666927
1773742700.9969835,0.07281711799275839,0.1407582251241228,0.3878554590666927
1773742701.0068774,0.07281711799275839,0.1407582251241228,0.3878554590666927
1773742701.016678,0.07281711799275839,0.1407582251241228,0.3878554590666927
1773742701.0269659,0.07281711799275839,0.1407582251241228,0.3878554590666927
1773742701.0370681,0.07281711799275839,0.1407582251241228,0.3878554590666927
1773742701.047172,0.07281711799275839,0.1407582251241228,0.3878554590666927
1773742701.057039,0.07281711799275839,0.1407582251241228,0.3878554590666927
1773742701.0672126,0.07281711799275839,0.1407582251241228,0.3878554590666927
1773742701.0767207,0.07281711799275839,0.1407582251241228,0.3878554590666927
1773742701.0870142,0.07281711799275839,0.1407582251241228,0.3878554590666927
1773742701.0972466,0.07281711799275839,0.1407582251241228,0.3878554590666927
1773742701.1068504,0.07281711799275839,0.1407582251241228,0.3878554590666927
1773742701.1172273,0.07281711799275839,0.1407582251241228,0.3878554590666927
1773742701.1267805,0.07281711799275839,0.1407582251241228,0.3878554590666927
1773742701.1376035,0.07281711799275839,0.1407582251241228,0.3878554590666927
1773742701.147353,0.07281711799275839,0.1407582251241228,0.3878554590666927
1773742701.1576934,0.07281711799275839,0.1407582251241228,0.3878554590666927
1773742701.1684875,0.07281711799275839,0.1407582251241228,0.3878554590666927
1773742701.1772087,0.07281711799275839,0.1407582251241228,0.3878554590666927
1773742701.1873386,0.07281711799275839,0.1407582251241228,0.3878554590666927
1773742701.1976337,0.07281711799275839,0.1407582251241228,0.3878554590666927
1773742701.2075334,0.07281711799275839,0.1407582251241228,0.3878554590666927
1773742701.218299,0.07281711799275839,0.1407582251241228,0.3878554590666927
1773742701.2271676,0.07281711799275839,0.1407582251241228,0.3878554590666927
1773742701.2387567,0.07281711799275839,0.1407582251241228,0.3878554590666927
1773742701.2479064,0.07281711799275839,0.1407582251241228,0.3878554590666927
1773742701.2580688,0.07281711799275839,0.1407582251241228,0.3878554590666927
1773742701.269499,0.07281711799275839,0.1407582251241228,0.3878554590666927
1773742701.2777617,0.07281711799275839,0.1407582251241228,0.3878554590666927
1773742701.289743,0.07281711799275839,0.1407582251241228,0.3878554590666927
1773742701.2998102,0.07281711799275839,0.1407582251241228,0.3878554590666927
1773742701.3078191,0.07281711799275839,0.1407582251241228,0.3878554590666927
1773742701.317965,0.07281711799275839,0.1407582251241228,0.3878554590666927
1773742701.3272984,0.07281711799275839,0.1407582251241228,0.3878554590666927
1773742701.3377604,0.07281711799275839,0.1407582251241228,0.3878554590666927
1773742701.3478093,0.07281711799275839,0.1407582251241228,0.3878554590666927
1773742701.3573184,0.07281711799275839,0.1407582251241228,0.3878554590666927
1773742701.3677664,0.07281711799275839,0.1407582251241228,0.3878554590666927
1773742701.3774195,0.07281711799275839,0.1407582251241228,0.3878554590666927
1773742701.3874605,0.07281711799275839,0.1407582251241228,0.3878554590666927
1773742701.3978179,0.07281711799275839,0.1407582251241228,0.3878554590666927
1773742701.4073825,0.07281711799275839,0.1407582251241228,0.3878554590666927
1773742701.4168072,0.07281711799275839,0.1407582251241228,0.3878554590666927
1773742701.4266968,0.07281711799275839,0.1407582251241228,0.3878554590666927
1773742701.436704,0.07281711799275839,0.1407582251241228,0.3878554590666927
1773742701.4468994,0.07281711799275839,0.1407582251241228,0.3878554590666927
1773742701.4568286,0.07281711799275839,0.1407582251241228,0.3878554590666927
1773742701.4668276,0.07281711799275839,0.1407582251241228,0.3878554590666927
1773742701.4773645,0.07281711799275839,0.1407582251241228,0.3878554590666927
1773742701.4886994,0.07281711799275839,0.1407582251241228,0.3878554590666927
1773742701.497542,0.07281711799275839,0.1407582251241228,0.3878554590666927
1773742701.508212,0.07281711799275839,0.1407582251241228,0.3878554590666927
1773742701.5192974,0.07281711799275839,0.1407582251241228,0.3878554590666927
1773742701.5280674,0.07281711799275839,0.1407582251241228,0.3878554590666927
1773742701.538534,0.07281711799275839,0.1407582251241228,0.3878554590666927
1773742701.5483239,0.07281711799275839,0.1407582251241228,0.3878554590666927
1773742701.558049,0.07281711799275839,0.1407582251241228,0.3878554590666927
1773742701.5686963,0.07281711799275839,0.1407582251241228,0.3878554590666927
1773742701.5778155,0.07281711799275839,0.1407582251241228,0.3878554590666927
1773742701.588843,0.07281711799275839,0.1407582251241228,0.3878554590666927
1773742701.5978642,0.07281711799275839,0.1407582251241228,0.3878554590666927
1773742701.6078374,0.07281711799275839,0.1407582251241228,0.3878554590666927
1773742701.6194596,0.07281711799275839,0.1407582251241228,0.3878554590666927
1773742701.6283128,0.07281711799275839,0.1407582251241228,0.3878554590666927
1773742701.6376877,0.07281711799275839,0.1407582251241228,0.3878554590666927
1773742701.6477377,0.07281711799275839,0.1407582251241228,0.3878554590666927
1773742701.656866,0.07281711799275839,0.1407582251241228,0.3878554590666927
1773742701.667762,0.07281711799275839,0.1407582251241228,0.3878554590666927
1773742701.6768627,0.07281711799275839,0.1407582251241228,0.3878554590666927
1773742701.6866772,0.07281711799275839,0.1407582251241228,0.3878554590666927
1773742701.6969912,0.07281711799275839,0.1407582251241228,0.3878554590666927
1773742701.7069283,0.07281711799275839,0.1407582251241228,0.3878554590666927
1773742701.716903,0.07281711799275839,0.1407582251241228,0.3878554590666927
1773742701.7270346,0.07281711799275839,0.1407582251241228,0.3878554590666927
1773742701.736973,0.07281711799275839,0.1407582251241228,0.3878554590666927
1773742701.7466695,0.07281711799275839,0.1407582251241228,0.3878554590666927
1773742701.7568362,0.07281711799275839,0.1407582251241228,0.3878554590666927
1773742701.767147,0.07281711799275839,0.1407582251241228,0.3878554590666927
1773742701.7767575,0.07281711799275839,0.1407582251241228,0.3878554590666927
1773742701.78655,0.07281711799275839,0.1407582251241228,0.3878554590666927
1773742701.7966506,0.07281711799275839,0.1407582251241228,0.3878554590666927
1773742701.8064985,0.07281711799275839,0.1407582251241228,0.3878554590666927
1773742701.8165731,0.07281711799275839,0.1407582251241228,0.3878554590666927
1773742701.8266468,0.07281711799275839,0.1407582251241228,0.3878554590666927
1773742701.8368328,0.07281711799275839,0.1407582251241228,0.3878554590666927
1773742701.8465796,0.07281711799275839,0.1407582251241228,0.3878554590666927
1773742701.8572898,0.07281711799275839,0.1407582251241228,0.3878554590666927
1773742701.8665268,0.07281711799275839,0.1407582251241228,0.3878554590666927
1773742701.87683,0.07281711799275839,0.1407582251241228,0.3878554590666927
1773742701.886937,0.07281711799275839,0.1407582251241228,0.3878554590666927
1773742701.896992,0.07281711799275839,0.1407582251241228,0.3878554590666927
1773742701.907112,0.07281711799275839,0.1407582251241228,0.3878554590666927
1773742701.9168901,0.07281711799275839,0.1407582251241228,0.3878554590666927
1773742701.9273791,0.07281711799275839,0.1407582251241228,0.3878554590666927
1773742701.9367545,0.07281711799275839,0.1407582251241228,0.3878554590666927
1773742701.9491088,0.07281711799275839,0.1407582251241228,0.3878554590666927
1773742701.9569712,0.07281711799275839,0.1407582251241228,0.3878554590666927
1773742701.9675632,0.07281711799275839,0.1407582251241228,0.3878554590666927
1773742701.9775875,0.07281711799275839,0.1407582251241228,0.3878554590666927
1773742701.9873075,0.07281711799275839,0.1407582251241228,0.3878554590666927
1773742701.997984,0.07281711799275839,0.1407582251241228,0.3878554590666927
1773742702.0068767,0.07281711799275839,0.1407582251241228,0.3878554590666927
1773742702.0169766,0.07281711799275839,0.1407582251241228,0.3878554590666927
1773742702.026768,0.07281711799275839,0.1407582251241228,0.3878554590666927
1773742702.0365088,0.07281711799275839,0.1407582251241228,0.3878554590666927
1773742702.0481849,0.07281711799275839,0.1407582251241228,0.3878554590666927
1773742702.0564694,0.07281711799275839,0.1407582251241228,0.3878554590666927
1773742702.0670943,0.07281711799275839,0.1407582251241228,0.3878554590666927
1773742702.0775626,0.07281711799275839,0.1407582251241228,0.3878554590666927
1773742702.0880945,0.07281711799275839,0.1407582251241228,0.3878554590666927
1773742702.0998414,0.07281711799275839,0.1407582251241228,0.3878554590666927
1773742702.1076477,0.07281711799275839,0.1407582251241228,0.3878554590666927
1773742702.1176074,0.07281711799275839,0.1407582251241228,0.3878554590666927
1773742702.128241,0.07281711799275839,0.1407582251241228,0.3878554590666927
1773742702.137232,0.07281711799275839,0.1407582251241228,0.3878554590666927
1773742702.1483378,0.07281711799275839,0.1407582251241228,0.3878554590666927
1773742702.1569033,0.07281711799275839,0.1407582251241228,0.3878554590666927
1773742702.1672056,0.07281711799275839,0.1407582251241228,0.3878554590666927
1773742702.177265,0.07281711799275839,0.1407582251241228,0.3878554590666927
1773742702.1872244,0.07281711799275839,0.1407582251241228,0.3878554590666927
1773742702.1996617,0.07281711799275839,0.1407582251241228,0.3878554590666927
1773742702.2072878,0.07281711799275839,0.1407582251241228,0.3878554590666927
1773742702.2167716,0.07281711799275839,0.1407582251241228,0.3878554590666927
1773742702.2270281,0.07281711799275839,0.1407582251241228,0.3878554590666927
1773742702.2382028,0.07281711799275839,0.1407582251241228,0.3878554590666927
1773742702.24936,0.07281711799275839,0.1407582251241228,0.3878554590666927
1773742702.2575748,0.07281711799275839,0.1407582251241228,0.3878554590666927
1773742702.2679949,0.07281711799275839,0.1407582251241228,0.3878554590666927
1773742702.2787564,0.07281711799275839,0.1407582251241228,0.3878554590666927
1773742702.2882423,0.07281711799275839,0.1407582251241228,0.3878554590666927
1773742702.2991247,0.07281711799275839,0.1407582251241228,0.3878554590666927
1773742702.307568,0.07281711799275839,0.1407582251241228,0.3878554590666927
1773742702.319463,0.07281711799275839,0.1407582251241228,0.3878554590666927
1773742702.328317,0.07281711799275839,0.1407582251241228,0.3878554590666927
1773742702.3381026,0.07281711799275839,0.1407582251241228,0.3878554590666927
1773742702.348389,0.07281711799275839,0.1407582251241228,0.3878554590666927
1773742702.3575451,0.07281711799275839,0.1407582251241228,0.3878554590666927
1773742702.3677158,0.07281711799275839,0.1407582251241228,0.3878554590666927
1773742702.37822,0.07281711799275839,0.1407582251241228,0.3878554590666927
1773742702.3882453,0.07281711799275839,0.1407582251241228,0.3878554590666927
1773742702.398896,0.07281711799275839,0.1407582251241228,0.3878554590666927
1773742702.4081576,0.07281711799275839,0.1407582251241228,0.3878554590666927
1773742702.4191792,0.07281711799275839,0.1407582251241228,0.3878554590666927
1773742702.4276276,0.07281711799275839,0.1407582251241228,0.3878554590666927
1773742702.4375882,0.07281711799275839,0.1407582251241228,0.3878554590666927
1773742702.4491158,0.07281711799275839,0.1407582251241228,0.3878554590666927
1773742702.4577758,0.07281711799275839,0.1407582251241228,0.3878554590666927
1773742702.4685133,0.07281711799275839,0.1407582251241228,0.3878554590666927
1773742702.4783473,0.07281711799275839,0.1407582251241228,0.3878554590666927
1773742702.488086,0.07281711799275839,0.1407582251241228,0.3878554590666927
1773742702.5002766,0.07281711799275839,0.1407582251241228,0.3878554590666927
1773742702.5075603,0.07281711799275839,0.1407582251241228,0.3878554590666927
1773742702.5180817,0.07281711799275839,0.1407582251241228,0.3878554590666927
1773742702.5278652,0.07281711799275839,0.1407582251241228,0.3878554590666927
1773742702.5367556,0.07281711799275839,0.1407582251241228,0.3878554590666927
1773742702.5484543,0.07281711799275839,0.1407582251241228,0.3878554590666927
1773742702.5566797,0.07281711799275839,0.1407582251241228,0.3878554590666927
1773742702.5667384,0.07281711799275839,0.1407582251241228,0.3878554590666927
1773742702.5774784,0.07281711799275839,0.1407582251241228,0.3878554590666927
1773742702.58697,0.07281711799275839,0.1407582251241228,0.3878554590666927
1773742702.599834,0.07281711799275839,0.1407582251241228,0.3878554590666927
1773742702.6082814,0.07281711799275839,0.1407582251241228,0.3878554590666927
1773742702.6184952,0.07281711799275839,0.1407582251241228,0.3878554590666927
1773742702.6280577,0.07281711799275839,0.1407582251241228,0.3878554590666927
1773742702.6374865,0.07281711799275839,0.1407582251241228,0.3878554590666927
1773742702.6503425,0.07281711799275839,0.1407582251241228,0.3878554590666927
1773742702.6574209,0.07281711799275839,0.1407582251241228,0.3878554590666927
1773742702.667535,0.07281711799275839,0.1407582251241228,0.3878554590666927
1773742702.6771033,0.07281711799275839,0.1407582251241228,0.3878554590666927
1773742702.687901,0.07281711799275839,0.1407582251241228,0.3878554590666927
1773742702.6978917,0.07281711799275839,0.1407582251241228,0.3878554590666927
1773742702.7077389,0.07281711799275839,0.1407582251241228,0.3878554590666927
1773742702.7176163,0.07281711799275839,0.1407582251241228,0.3878554590666927
1773742702.7275012,0.07281711799275839,0.1407582251241228,0.3878554590666927
1773742702.7374728,0.07281711799275839,0.1407582251241228,0.3878554590666927
1773742702.747097,0.07281711799275839,0.1407582251241228,0.3878554590666927
1773742702.7582092,0.07281711799275839,0.1407582251241228,0.3878554590666927
1773742702.767315,0.07281711799275839,0.1407582251241228,0.3878554590666927
1773742702.777647,0.07281711799275839,0.1407582251241228,0.3878554590666927
1773742702.7876923,0.07281711799275839,0.1407582251241228,0.3878554590666927
1773742702.7978961,0.07281711799275839,0.1407582251241228,0.3878554590666927
1773742702.8075597,0.07281711799275839,0.1407582251241228,0.3878554590666927
1773742702.8176486,0.07281711799275839,0.1407582251241228,0.3878554590666927
1773742702.8273876,0.07281711799275839,0.1407582251241228,0.3878554590666927
1773742702.837575,0.07281711799275839,0.1407582251241228,0.3878554590666927
1773742702.8484359,0.07281711799275839,0.1407582251241228,0.3878554590666927
1773742702.8575215,0.07281711799275839,0.1407582251241228,0.3878554590666927
1773742702.8674967,0.07281711799275839,0.1407582251241228,0.3878554590666927
1773742702.877884,0.07281711799275839,0.1407582251241228,0.3878554590666927
1773742702.8872979,0.07281711799275839,0.1407582251241228,0.3878554590666927
1773742702.8976007,0.07281711799275839,0.1407582251241228,0.3878554590666927
1773742702.907347,0.07281711799275839,0.1407582251241228,0.3878554590666927
1773742702.9176245,0.07281711799275839,0.1407582251241228,0.3878554590666927
1773742702.9268653,0.07281711799275839,0.1407582251241228,0.3878554590666927
1773742702.9377685,0.07281711799275839,0.1407582251241228,0.3878554590666927
1773742702.9468043,0.07281711799275839,0.1407582251241228,0.3878554590666927
1773742702.9568093,0.07281711799275839,0.1407582251241228,0.3878554590666927
1773742702.9673288,0.07281711799275839,0.1407582251241228,0.3878554590666927
1773742702.976752,0.07281711799275839,0.1407582251241228,0.3878554590666927
1773742702.9874263,0.07281711799275839,0.1407582251241228,0.3878554590666927
1773742702.9969702,0.07281711799275839,0.1407582251241228,0.3878554590666927
1773742703.0074654,0.07281711799275839,0.1407582251241228,0.3878554590666927
1773742703.0170135,0.07281711799275839,0.1407582251241228,0.3878554590666927
1773742703.0275319,0.07281711799275839,0.1407582251241228,0.3878554590666927
1773742703.0371315,0.07281711799275839,0.1407582251241228,0.3878554590666927
1773742703.047408,0.07281711799275839,0.1407582251241228,0.3878554590666927
1773742703.0575237,0.07281711799275839,0.1407582251241228,0.3878554590666927
1773742703.0670915,0.07281711799275839,0.1407582251241228,0.3878554590666927
1773742703.0774987,0.07281711799275839,0.1407582251241228,0.3878554590666927
1773742703.0874743,0.07281711799275839,0.1407582251241228,0.3878554590666927
1773742703.0973823,0.07281711799275839,0.1407582251241228,0.3878554590666927
1773742703.1074183,0.07281711799275839,0.1407582251241228,0.3878554590666927
1773742703.1174533,0.07281711799275839,0.1407582251241228,0.3878554590666927
1773742703.127376,0.07281711799275839,0.1407582251241228,0.3878554590666927
1773742703.1374676,0.07281711799275839,0.1407582251241228,0.3878554590666927
1773742703.1473985,0.07281711799275839,0.1407582251241228,0.3878554590666927
1773742703.1572728,0.07281711799275839,0.1407582251241228,0.3878554590666927
1773742703.167123,0.07281711799275839,0.1407582251241228,0.3878554590666927
1773742703.1772892,0.07281711799275839,0.1407582251241228,0.3878554590666927
1773742703.187298,0.07281711799275839,0.1407582251241228,0.3878554590666927
1773742703.1977425,0.07281711799275839,0.1407582251241228,0.3878554590666927
1773742703.2077403,0.07281711799275839,0.1407582251241228,0.3878554590666927
1773742703.2171683,0.07281711799275839,0.1407582251241228,0.3878554590666927
1773742703.2267613,0.07281711799275839,0.1407582251241228,0.3878554590666927
1773742703.2373154,0.07281711799275839,0.1407582251241228,0.3878554590666927
1773742703.2473104,0.07281711799275839,0.1407582251241228,0.3878554590666927
1773742703.256765,0.07281711799275839,0.1407582251241228,0.3878554590666927
1773742703.267399,0.07281711799275839,0.1407582251241228,0.3878554590666927
1773742703.2777085,0.07281711799275839,0.1407582251241228,0.3878554590666927
1773742703.2876012,0.07281711799275839,0.1407582251241228,0.3878554590666927
1773742703.2978396,0.07281711799275839,0.1407582251241228,0.3878554590666927
1773742703.307493,0.07281711799275839,0.1407582251241228,0.3878554590666927
1773742703.3171465,0.07281711799275839,0.1407582251241228,0.3878554590666927
1773742703.327826,0.07281711799275839,0.1407582251241228,0.3878554590666927
1773742703.3377426,0.07281711799275839,0.1407582251241228,0.3878554590666927
1773742703.3477945,0.07281711799275839,0.1407582251241228,0.3878554590666927
1773742703.357406,0.07281711799275839,0.1407582251241228,0.3878554590666927
1773742703.3674448,0.07281711799275839,0.1407582251241228,0.3878554590666927
1773742703.3772762,0.07281711799275839,0.1407582251241228,0.3878554590666927
1773742703.3872063,0.07281711799275839,0.1407582251241228,0.3878554590666927
1773742703.397893,0.07281711799275839,0.1407582251241228,0.3878554590666927
1773742703.407299,0.07281711799275839,0.1407582251241228,0.3878554590666927
1773742703.4171176,0.07281711799275839,0.1407582251241228,0.3878554590666927
1773742703.4269376,0.07281711799275839,0.1407582251241228,0.3878554590666927
1773742703.4370768,0.07281711799275839,0.1407582251241228,0.3878554590666927
1773742703.446592,0.07281711799275839,0.1407582251241228,0.3878554590666927
1773742703.4567614,0.07281711799275839,0.1407582251241228,0.3878554590666927
1773742703.467281,0.07281711799275839,0.1407582251241228,0.3878554590666927
1773742703.4775345,0.07281711799275839,0.1407582251241228,0.3878554590666927
1773742703.4874444,0.07281711799275839,0.1407582251241228,0.3878554590666927
1773742703.4975765,0.07281711799275839,0.1407582251241228,0.3878554590666927
1773742703.5076003,0.07281711799275839,0.1407582251241228,0.3878554590666927
1773742703.5179412,0.07281711799275839,0.1407582251241228,0.3878554590666927
1773742703.527768,0.07281711799275839,0.1407582251241228,0.3878554590666927
1773742703.5375109,0.07281711799275839,0.1407582251241228,0.3878554590666927
1773742703.5475852,0.07281711799275839,0.1407582251241228,0.3878554590666927
1773742703.5572705,0.07281711799275839,0.1407582251241228,0.3878554590666927
1773742703.56774,0.07281711799275839,0.1407582251241228,0.3878554590666927
1773742703.577087,0.07281711799275839,0.1407582251241228,0.3878554590666927
1773742703.58771,0.07281711799275839,0.1407582251241228,0.3878554590666927
1773742703.5981398,0.07281711799275839,0.1407582251241228,0.3878554590666927
1773742703.6074493,0.07281711799275839,0.1407582251241228,0.3878554590666927
1773742703.617552,0.07281711799275839,0.1407582251241228,0.3878554590666927
1773742703.6270719,0.07281711799275839,0.1407582251241228,0.3878554590666927
1773742703.6375475,0.07281711799275839,0.1407582251241228,0.3878554590666927
1773742703.6474648,0.07281711799275839,0.1407582251241228,0.3878554590666927
1773742703.6585405,0.07281711799275839,0.1407582251241228,0.3878554590666927
1773742703.6674705,0.07281711799275839,0.1407582251241228,0.3878554590666927
1773742703.6777747,0.07281711799275839,0.1407582251241228,0.3878554590666927
1773742703.6878116,0.07281711799275839,0.1407582251241228,0.3878554590666927
1773742703.6975007,0.07281711799275839,0.1407582251241228,0.3878554590666927
1773742703.7070498,0.07281711799275839,0.1407582251241228,0.3878554590666927
1773742703.717345,0.07281711799275839,0.1407582251241228,0.3878554590666927
1773742703.7271655,0.07281711799275839,0.1407582251241228,0.3878554590666927
1773742703.7369294,0.07281711799275839,0.1407582251241228,0.3878554590666927
1773742703.7474542,0.07281711799275839,0.1407582251241228,0.3878554590666927
1773742703.7567756,0.07281711799275839,0.1407582251241228,0.3878554590666927
1773742703.7668805,0.07281711799275839,0.1407582251241228,0.3878554590666927
1773742703.776767,0.07281711799275839,0.1407582251241228,0.3878554590666927
1773742703.7870824,0.07281711799275839,0.1407582251241228,0.3878554590666927
1773742703.7972474,0.07281711799275839,0.1407582251241228,0.3878554590666927
1773742703.806708,0.07281711799275839,0.1407582251241228,0.3878554590666927
1773742703.8175588,0.07281711799275839,0.1407582251241228,0.3878554590666927
1773742703.8273706,0.07281711799275839,0.1407582251241228,0.3878554590666927
1773742703.8370273,0.07281711799275839,0.1407582251241228,0.3878554590666927
1773742703.8472,0.07281711799275839,0.1407582251241228,0.3878554590666927
1773742703.8568597,0.07281711799275839,0.1407582251241228,0.3878554590666927
1773742703.8672388,0.07281711799275839,0.1407582251241228,0.3878554590666927
1773742703.8778212,0.07281711799275839,0.1407582251241228,0.3878554590666927
1773742703.8868263,0.07281711799275839,0.1407582251241228,0.3878554590666927
1773742703.8966205,0.07281711799275839,0.1407582251241228,0.3878554590666927
1773742703.9068127,0.07281711799275839,0.1407582251241228,0.3878554590666927
1773742703.9168015,0.07281711799275839,0.1407582251241228,0.3878554590666927
1773742703.9271927,0.07281711799275839,0.1407582251241228,0.3878554590666927
1773742703.9369931,0.07281711799275839,0.1407582251241228,0.3878554590666927
1773742703.9471757,0.07281711799275839,0.1407582251241228,0.3878554590666927
1773742703.9566739,0.07281711799275839,0.1407582251241228,0.3878554590666927
1773742703.9667976,0.07281711799275839,0.1407582251241228,0.3878554590666927
1773742703.9773536,0.07281711799275839,0.1407582251241228,0.3878554590666927
1773742703.9871585,0.07281711799275839,0.1407582251241228,0.3878554590666927
1773742703.9974225,0.07281711799275839,0.1407582251241228,0.3878554590666927
1773742704.0069783,0.07281711799275839,0.1407582251241228,0.3878554590666927
1773742704.0171902,0.07281711799275839,0.1407582251241228,0.3878554590666927
1773742704.0267227,0.07281711799275839,0.1407582251241228,0.3878554590666927
1773742704.037229,0.07281711799275839,0.1407582251241228,0.3878554590666927
1773742704.0468667,0.07281711799275839,0.1407582251241228,0.3878554590666927
1773742704.0567493,0.07281711799275839,0.1407582251241228,0.3878554590666927
1773742704.0668986,0.07281711799275839,0.1407582251241228,0.3878554590666927
1773742704.0771792,0.07281711799275839,0.1407582251241228,0.3878554590666927
1773742704.0866065,0.07281711799275839,0.1407582251241228,0.3878554590666927
1773742704.0964808,0.07281711799275839,0.1407582251241228,0.3878554590666927
1773742704.1067667,0.07281711799275839,0.1407582251241228,0.3878554590666927
1773742704.1168287,0.07281711799275839,0.1407582251241228,0.3878554590666927
1773742704.126813,0.07281711799275839,0.1407582251241228,0.3878554590666927
1773742704.1367974,0.07281711799275839,0.1407582251241228,0.3878554590666927
1773742704.1467106,0.07281711799275839,0.1407582251241228,0.3878554590666927
1773742704.1564693,0.07281711799275839,0.1407582251241228,0.3878554590666927
1773742704.1667325,0.07281711799275839,0.1407582251241228,0.3878554590666927
1773742704.1777825,0.07281711799275839,0.1407582251241228,0.3878554590666927
1773742704.1870937,0.07281711799275839,0.1407582251241228,0.3878554590666927
1773742704.1972406,0.07281711799275839,0.1407582251241228,0.3878554590666927
1773742704.2068186,0.07281711799275839,0.1407582251241228,0.3878554590666927
1773742704.2167397,0.07281711799275839,0.1407582251241228,0.3878554590666927
1773742704.2268727,0.07281711799275839,0.1407582251241228,0.3878554590666927
1773742704.2368288,0.07281711799275839,0.1407582251241228,0.3878554590666927
1773742704.246875,0.07281711799275839,0.1407582251241228,0.3878554590666927
1773742704.256885,0.07281711799275839,0.1407582251241228,0.3878554590666927
1773742704.267678,0.07281711799275839,0.1407582251241228,0.3878554590666927
1773742704.2771678,0.07281711799275839,0.1407582251241228,0.3878554590666927
1773742704.2871346,0.07281711799275839,0.1407582251241228,0.3878554590666927
1773742704.2975237,0.07281711799275839,0.1407582251241228,0.3878554590666927
1773742704.3067343,0.07281711799275839,0.1407582251241228,0.3878554590666927
1773742704.3168917,0.07281711799275839,0.1407582251241228,0.3878554590666927
1773742704.3268943,0.07281711799275839,0.1407582251241228,0.3878554590666927
1773742704.3371723,0.07281711799275839,0.1407582251241228,0.3878554590666927
1773742704.3480432,0.07281711799275839,0.1407582251241228,0.3878554590666927
1773742704.357861,0.07281711799275839,0.1407582251241228,0.3878554590666927
1773742704.3692114,0.07281711799275839,0.1407582251241228,0.3878554590666927
1773742704.3771522,0.07281711799275839,0.1407582251241228,0.3878554590666927
1773742704.3887732,0.07281711799275839,0.1407582251241228,0.3878554590666927
1773742704.398213,0.07281711799275839,0.1407582251241228,0.3878554590666927
1773742704.408434,0.07281711799275839,0.1407582251241228,0.3878554590666927
1773742704.4187427,0.07281711799275839,0.1407582251241228,0.3878554590666927
1773742704.4275832,0.07281711799275839,0.1407582251241228,0.3878554590666927
1773742704.4380033,0.07281711799275839,0.1407582251241228,0.3878554590666927
1773742704.4475634,0.07281711799275839,0.1407582251241228,0.3878554590666927
1773742704.4576776,0.07281711799275839,0.1407582251241228,0.3878554590666927
1773742704.4694145,0.07281711799275839,0.1407582251241228,0.3878554590666927
1773742704.477146,0.07281711799275839,0.1407582251241228,0.3878554590666927
1773742704.4879265,0.07281711799275839,0.1407582251241228,0.3878554590666927
1773742704.4975233,0.07281711799275839,0.1407582251241228,0.3878554590666927
